title,url,source,category,published_date,content
Pemain Qatar Minta Maaf Usai Bikin Kaki Kone Patah di Piala Dunia,https://www.cnnindonesia.com/olahraga/20260619134304-142-1370850/pemain-qatar-minta-maaf-usai-bikin-kaki-kone-patah-di-piala-dunia,CNN Indonesia,olahraga,2026-06-19,"Pemain Qatar Assim Madibo sudah meminta maaf kepada Ismael Kone usai membuatnya patah kaki dalam pertandingan Piala Dunia 2026 .
Kanada meraih kemenangan telak 6-0 atas Qatar pada laga kedua Grup B Piala Dunia 2026 di BC Place, Vancouver, Jumat (19/6) dini hari WIB.
Namun, kemenangan Kanada harus dibayar mahal dengan kehilangan satu pemain andalannya, Ismael Kone, yang mengalami cedera patah tulang kaki kiri usai ditekel pemain Qatar Assim Madibo pada awal babak kedua.
Ismael Kone tidak bisa melanjutkan permainan dan harus dilarikan ke rumah sakit untuk dilakukan operasi. Sedangkan, Assim Madibo langsung diganjar kartu merah.
Madibo tampak tak menyangka tekelnya menyebabkan Kone cedera parah dan dirinya diganjar kartu merah.
Usai pertandingan, Madibo pun langsung mendatangi ruang ganti tim Kanada untuk meminta maaf kepada Ismael Kone.
Namun, Kone tidak ada di ruang ganti karena sudah berada di rumah sakit untuk operasi. Hal itu diungkapkan oleh pelatih Kanada, Jesse Marsch.
""Pemain itu meminta maaf kepada Ismael. Dia datang ke ruang ganti dan meminta maaf kepadanya. Ismael memberi tahu tim tentang kejadian itu,"" ucap Marsch dikutip dari USA Today .
Sebagai pelatih, Marsch menilai insiden tersebut bukan kesengajaan. Marsch yakin Madibo tidak berniat untuk melakukan tekel brutal.
""Saya rasa dia tidak bermaksud melakukan tekel yang begitu brutal atau situasi yang mengerikan. Jadi saya tidak menyalahkannya untuk itu, tetapi saya tidak mengerti reaksi dari seluruh bangku cadangan mereka yang mencoba memulai perkelahian tentang kartu merah padahal pelanggaran jelas baru saja terjadi yang menyebabkan kaki seorang pemain patah,"" kata Marsch.
Dalam laga ini Kanada sudah berada di atas angin sejak babak pertama. Cyle Larin membuka keunggulan pada menit ke-16 sebelum Jonathan David menggandakan skor menjadi 2-0. Situasi semakin menguntungkan tuan rumah setelah pemain Qatar, Homam Al Amin, mendapat kartu merah pada menit ke-33.
Memanfaatkan keunggulan jumlah pemain, Kanada menambah gol lewat Jonathan David pada masa injury time babak pertama untuk menutup 45 menit awal dengan keunggulan 3-0.
Pada babak kedua, setelah Qatar kembali kehilangan pemain akibat kartu merah Madibo, Kanada terus menekan. Gol tendangan bebas Saliba membuat skor menjadi 4-0 pada menit ke-64.
Tekanan Kanada berlanjut dan berbuah gol bunuh diri bek Qatar, Mohamed Al Mannal, yang gagal menghalau bola dengan sempurna. Skor berubah menjadi 5-0.
Menjelang laga usai, Jonathan David melengkapi penampilan gemilangnya dengan mencetak gol ketiga pada menit ke-90+2. Hattrick tersebut sekaligus memastikan kemenangan meyakinkan Kanada dengan skor akhir 6-0."
Piala Dunia 2026: Pemain Iran Dikelilingi Orang dengan Senapan Mesin,https://www.cnnindonesia.com/olahraga/20260619132524-142-1370820/piala-dunia-2026-pemain-iran-dikelilingi-orang-dengan-senapan-mesin,CNN Indonesia,olahraga,2026-06-19,"Pemain-pemain timnas Iran menghadapi situasi yang begitu menegangkan dalam penyelenggaraan Piala Dunia 2026 .
Paulo Alexandre Araujo, seorang spesialis performa dan pemulihan yang menangani timnas Iran menceritakan situasi Mehdi Taremi dan kawan-kawan dalam gempita bola dunia tahun ini.
Araujo sudah punya pengalaman membantu banyak kesebelasan melakukan pemulihan dalam kejuaraan, namun kali ini ia menemukan hal yang sungguh jauh berbeda.
Sebagai gambaran, pemain Iran harus segera meninggalkan wilayah Amerika Serikat setelah berlaga menghadapi Selandia Baru. Hal itu membuat Araujo harus membalut luka pemain di pesawat dalam perjalanan kembali ke tempat menginap Team Melli di Tijuana, Meksiko.
Menurut Araujo selama ini dirinya biasa melakukan pekerjaan perawatan pemain di ruang ganti.
""Ada banyak hal yang tidak adil,"" ucap Araujo dalam sebuah wawancara di Tijuana, seperti dilansir dari The New York Times.
Araujo menjelaskan kondisi para pemain sangat terganggu. Timnas Iran harus beradaptasi tampil tanpa analis, petugas media, dan anggota staf lain yang dibutuhkan untuk melakukan tugas penting.
Bahkan pemain Iran harus berhadapan langsung dengan senjata api yang digunakan orang-orang yang mengawal mereka dalam perjalanan.
""Ketika para pemain menunggu di bandara selama dua, tiga jam, dan tiba di sana dikelilingi orang-orang dengan senapan mesin dan hal-hal lain semua itu, mereka tidak terbiasa dengan hal itu,"" jelas Araujo.
Sebelumnya kapten Taremi dan pelatih Amir Ghalenoei menyatakan Iran menjadi tim yang paling teraniaya di Piala Dunia 2026 lantaran mendapat perlakuan diskriminasi di Amerika Serikat.
Pemerintah AS memberikan pembatasan yang ketat dan tidak mengizinkan Iran tinggal di wilayah mereka. Iran pun terpaksa menjadikan Tijuana sebagai markas selama Piala Dunia.
""Ketika Anda bicara soal kompetisi yang adil, maka ini bukan cara yang seharusnya untuk memperlakukan olahragawan,"" tukas Araujo."
"FOTO: Hancurkan Qatar 6-0, Kanada Cetak Sejarah di Piala Dunia",https://www.cnnindonesia.com/olahraga/20260619095555-144-1370719/foto-hancurkan-qatar-6-0-kanada-cetak-sejarah-di-piala-dunia,CNN Indonesia,olahraga,2026-06-19,
Pelatih Kanada soal Cedera Ismael Kone: Semua Mendengar Tulang Patah,https://www.cnnindonesia.com/olahraga/20260619114644-142-1370783/pelatih-kanada-soal-cedera-ismael-kone-semua-mendengar-tulang-patah,CNN Indonesia,olahraga,2026-06-19,"Pelatih Kanada, Jesse Marsch mengaku seluruh skuad terguncang dengan cedera patah kaki yang dialami Ismael Kone saat menang 6-0 atas Qatar pada matchday kedua Grup B Piala Dunia 2026 , Jumat (19/6) dini hari WIB.
Nasib nahas itu dialami rekan setim Jay Idzes di Sassuolo itu pada awal babak kedua. Kone mengalami cedera parah setelah tekel terlambat yang dilakukan oleh pemain Qatar, Assim Modibo.
Momen itu terjadi ketika para pemain Kanada berada di area permainan Qatar. Kone yang ingin memberikan back pass ke rekan setimnya dilanggar dengan keras oleh Modibo hingga terjatuh.
""Saya belum berbicara dengan Ismael, dia di rumah sakit, dia akan bersiap untuk operasi. Saya akan menemuinya setelah konferensi pers ini,"" ucap Marsch dikutip dari Irish News .
""Kita lihat apa yang akan kami putuskan untuknya. Keluarganya bersama dia di rumah sakit. Kejadian itu terjadi tepat di depan bangku cadangan - semua orang bisa mendengar tulang patah,"" katanya melanjutkan.
Marsch mengaku dirinya turut merasa sedih dengan apa yang dialami oleh Kone. Pelatih asal Amerika Serikat itu pun memuji reaksi Kone saat ditandu keluar lapangan oleh tim medis.
""Hati kami ikut sedih untuknya dan semua orang sedikit terguncang oleh kejadian itu karena sifat cedera tersebut dan juga karena Ismael adalah bagian penting dari tim,"" ucapnya.
""Anda juga melihat bahwa dia melambaikan tangan kepada penonton dan hampir membuat semua orang merasa nyaman dengan kenyataan bahwa dia dan itu adalah pernyataan yang luar tentang Ismael sebagai pribadi."""
Roy Suryo dan dr Tifa Ditangkap Polisi Kasus Ijazah Jokowi,https://www.cnnindonesia.com/nasional/20260619075914-12-1370678/roy-suryo-dan-dr-tifa-ditangkap-polisi-kasus-ijazah-jokowi,CNN Indonesia,berita,2026-06-19,"Tersangka kasus tudingan ijazah palsu Presiden RI ke-7 Joko Widodo, Tifauziah Tyassuma alias dokter Tifa dan Roy Suryo dikabarkan ditangkap polisi pada Jumat (19/6) pagi.
Kabar ini dibenarkan oleh salah satu tim pengacara Roy Suryo, Petrus Selestinus, kepada CNNIndonesia.com.
""Hari ini, Jum'at 19 Juni 2026, pada sekira pukul 07.00, klien kami Roy Suryo Notodiprojo dikabarkan oleh istrinya telah ditangkap oleh penyidik Polda Metro Jaya. Pada saat yang bersamaan, kami juga mendapat info Tifauzia Tyassuma juga turut ditangkap,"" kata Petrus.
Dr Tifa ditangkap oleh aparat kepolisian di apartemennya pada Jumat pagi (19/6) sekitar pukul 06.47 WIB.
Petrus mengaku menyayangkan tindakan penyidik Polda Metro Jaya yang melakukan upaya paksa melalui penangkapan terhadap kliennya.
""Padahal klien kami selama ini kooperatif memenuhi panggilan penyidik bahkan selalu melaksanakan Wajib Lapor (WL),"" ujar dia.
""Kedua, jika tindakan dimaksud adalah dalam rangka tahap dua atau sebagaimana dikabarkan berkas sudah lengkap, maka tindakan tersebut bisa dilakukan dengan melayangkan Surat Panggilan. Bukan dengan upaya paksa (represif) melalui proses penangkapan,"" imbuhnya.
Sementara itu tim hukum dr Tifa Azis Yanuar berkata kliennya dijemput polisi di apartemennya sekitar pukul 06.47 WIB.
""Ya benar, ditangkap,"" kata Azis kepada CNNIndonesia.com .
Baik Roy Suryo maupun dr Tifa telah berstatus tersangka kasus tudingan ijazah palsu Jokowi sejak November 2025 lalu.
Setelah sekian lama berproses, Polda Metro Jaya pada 2 Juni 2026 menyebut berkas perkara Roy Suryo dan dokter Tifa di kasus tudingan ijazah palsu Presiden ke-7 RI Joko Widodo (Jokowi) telah dinyatakan lengkap atau P21 oleh Kejaksaan Tinggi (Kejati) DKI Jakarta.
""Alhamdulillah jaksa sampai dengan hari ini sudah menyatakan bahwa berkas perkara yang kami kirimkan ke Kejati DKI, tidak memerlukan lagi pemenuhan atas kekurangan-kekurangan yang kemaren sudah kami penuhi,"" kata Direktur Reskrimum Polda Metro Jaya Kombes Iman Imanuddin di Polda Metro Jaya, Selasa (2/6).
Disampaikan Iman, dalam waktu dekat pihaknya akan melakukan pelimpahan tahap II ke kejaksaan. Kendati demikian, Iman belum bisa memastikan kapan pelimpahan tahap II akan dilakukan.
Merespons itu, kuasa hukum Jokowi, Yakup Hasibuan meyakini kasus tudingan ijazah palsu Jokowi yang menjerat Roy Suryo tinggal menunggu tahap II untuk selanjutnya ditangkap.
Tahap II adalah proses penyerahan tersangka dan barang bukti dari kepolisian ke kejaksaan setelah berkas perkara dinyatakan lengkap (P-21).
Yakup mengatakan pihaknya tidak heran apabila dalam waktu dekat Roy Suryo dipanggil penyidik untuk menjalani tahap 2.
Ia juga menyinggung kemungkinan adanya penahanan. Namun, Yakup mengatakan hal itu sepenuhnya merupakan kewenangan penyidik.
""Kami tidak heran kalau sebentar lagi mungkin akan ada panggilan untuk Mas Roy untuk melakukan tahap 2 atau penahanan, saya enggak tahu karena itu mungkin memang kewenangan dari penyidik. Kami juga sama sekali tidak pernah mendesak untuk melakukan penahanan dan sebagainya karena itu murni kewenangan penyidik,"" katanya"
Hendropriyono Bantah Isu Terlibat Aksi Penggulingan Pemerintah,https://www.cnnindonesia.com/nasional/20260619122834-32-1370799/hendropriyono-bantah-isu-terlibat-aksi-penggulingan-pemerintah,CNN Indonesia,berita,2026-06-19,"Mantan Kepala Badan Intelijen Negara (BIN) A.M. Hendropriyono menegaskan dirinya dan orang-orang dekatnya tidak terlibat dalam aksi penggulingan pemerintah yang sah.
Pernyataan itu disampaikan Hendropriyono menjawab pertanyaan soal isu orang yang ada di dekatnya berada di balik gerakan gelombang aksi mengkritik keras pemerintah. Menurut dia, isu atau tuduhan itu adalah hoaks.
""Bahwa saya dan orang-orang yang ada di dekat saya tidak ada yang terlibat. Tidak ada teman-teman maupun keluarga yang tidak mendukung pemerintah,"" ujar Hendropriyono, Jumat (19/6).
Ia menegaskan pihaknya tidak mendukung dan memerintahkan aksi-aksi yang bertujuan menggulingkan pemerintahan yang sah.
Menurut Hendropriyono, penyampaian pendapat di muka umum harus tetap berada dalam koridor hukum dan konstitusional. Karena itu, ia menegaskan bahwa informasi yang menyebut dirinya mendukung penggulingan pemerintah adalah hoaks dan fitnah.
Ia menekankan persatuan bangsa, ketertiban konstitusi, dan keselamatan negara harus selalu ditempatkan di atas kepentingan golongan maupun ambisi politik sesaat.
Jenderal penerima Bintang RI dari Presiden Prabowo Subianto itu menjelaskan bahwa demokrasi hanya dapat berkembang dengan baik apabila perbedaan disalurkan melalui cara-cara yang damai, beradab, dari konstitusional.
Menurut dia, semua upaya inkonstitusional yang mengancam persatuan bangsa dan pemerintahan yang sah, dinilainya, tidak boleh mendapatkan empat dalam kehidupan bernegara.
Hendropriyono menegaskan selalu memegang prinsip menjaga keutuhan Republik Indonesia dan stabilitas nasional. Prinsip itu, lanjutnya, dia pegang teguh sejak aktif sebagai anggota TNI hingga pensiun.
""Sejak dulu, saya dan teman-teman tentara, yang sekarang purnawirawan, apalagi yang masih aktif, mengabdikan diri kepada negara dalam berbagai penugasan. Prinsip kami sama, menjaga keutuhan Republik Indonesia yang Pancasilais, UUD 1945, dan stabilitas nasional,"" katanya.
Ia lantas meminta masyarakat tidak mudah percaya informasi palsu dan selalu mengecek setiap informasi yang diterima.
""Saya mengajak masyarakat untuk tidak mudah percaya terhadap hoaks, apalagi simulakra. Selalu periksa fakta sebelum menyebarkan informasi, jangan main forward aja,"" katanya.
Selain itu, Hendropriyono pun menyebut tidak ada hubungan antara kerabat dengan pilihan atau pandangan politik atau ideologi. Kedua hal tersebut tidak bisa disamakan.
""Anak, menantu, saudara, besan, maupun kerabat dapat saja memiliki pandangan politik yang berbeda. Tidak selalu sama,"" katanya.
""Dalam politik, setiap orang bertanggung jawab atas sikap dan tindakannya sendiri, bukan atas hubungan kekeluargaan. Kekerabatan tidak identik dengan kesamaan ideologi. Hubungan darah tidak dapat dijadikan bukti adanya hubungan politik. Itu yang harus dipegang kalau memang kita orang yang melek dan intelek,"" sambungnya."
Tim Hukum: Dokter Tifa Ditangkap saat Ujian S3 Fakultas Kedokteran UI,https://www.cnnindonesia.com/nasional/20260619083104-12-1370691/tim-hukum-dokter-tifa-ditangkap-saat-ujian-s3-fakultas-kedokteran-ui,CNN Indonesia,berita,2026-06-19,"Tim hukum dokter Tifa mengungkap kliennya ditangkap aparat kepolisian pada Jumat (19/6) pagi di apartemennya, terkait kasus tudingan ijazah palsu Jokowi .
Dalam keterangan resmi, salah satu tim hukum dokter Tifa, Azis Yanuar menyebut kabar penangkapan itu disampaikan langsung oleh dokter Tifa. Polisi langsung membawa dokter Tifa ke Polda Metro Jaya.
Azis berkata dokter Tifa ditangkap saat sedang mengikuti ujian S3 Fakultas Kedokteran Universitas Indonesia (FKUI). Sebab itu, dalam salah satu ruangan di Polda Metro Jaya tempat dokter Tifa berada, kliennya masih membuka laptop untuk mengikuti proses ujian.
""Dokter Tifa tampak berada di depan laptop dan menyampaikan bahwa dirinya sedang mengikuti ujian S3 Fakultas Kedokteran Universitas Indonesia (FKUI) dari suatu ruangan di Polda Metro Jaya,"" ujar Azis.
""Hingga rilis ini diterbitkan, belum diperoleh penjelasan resmi mengenai dasar hukum maupun alasan dilakukannya penangkapan tersebuT, karena selama ini dr Tifa patuh untuk melakukan wajib lapor di Polda Metro hingga pekan kemarin,"" kata Azis.
Selain dokter Tifa, polisi juga menangkap tersangka lain, Roy Suryo. Keduanya sudah berstatus tersangka kasus tudingan ijazah palsu Jokowi sejak November 2025.
Roy Suryo ditangkap pada hari yang sama, pukul 07.00 WIB hanya hanya berselang beberapa menit dari penangkapan terhadap dokter Tifa.
Hal itu diungkap oleh salah satu tim hukum Roy Suryo, Ahmad Khozinudin, dalam keterangan resmi. Petrus juga mengecam penangkapan kliennya.
Penangkapan oleh polisi disebutnya kurang pas mengingat Roy Suryo selalu kooperatif memenuhi panggilan penyidik bahkan selalu melaksanakan Wajib Lapor (WL).
Dan jika penangkapan dilakukan sebagai tindak lanjut Tahap II setelah berkas perkara dinyatakan lengkap, Khozinudin berkata seharusnya tindakan tersebut bisa dilakukan dengan melayangkan Surat Panggilan.
""Bukan dengan upaya paksa (represif) melalui proses penangkapan,"" ucap dia.
Khozinudin menegaskan, pihaknya meyakini penangkapan Roy Suryo oleh polisi mengonfirmasikan proses hukum tidak berjalan sesuai norma dan etika.
Proses hukum kasus ijazah Jokowi ini, disebut Khozinudin sudah melayani kepentingan politik Jokowi.
""Penangkapan ini, justru mengkonfirmasi ada kekuatan politik yang mengintervensi hukum sehingga cara-cara yang beradab dalam menegakkan hukum melalui pemanggilan ditinggalkan dan beralih menempuh cara tak beradab, represif dan intimidatif dengan melakukan penangkapan,"" ujar dia."
"Roy Suryo Ditangkap, Jokowi Bakal Tunjukkan Ijazah Asli di Persidangan",https://www.cnnindonesia.com/nasional/20260619131210-12-1370811/roy-suryo-ditangkap-jokowi-bakal-tunjukkan-ijazah-asli-di-persidangan,CNN Indonesia,berita,2026-06-19,"Presiden Ketujuh RI Joko Widodo ( Jokowi ) memastikan bakal menunjukkan ijazah asli di persidangan kasus tudingan ijazah palsu yang menyeret Roy Suryo dan Tifauzia Tyassuma alias dokter Tifa.
Hal itu disampaikan Jokowi saat merespons penangkapan Roy dan Tifa oleh penyidik Polda Metro Jaya, Jumat (19/6) pagi.
Jokowi menegaskan pihaknya menghormati proses hukum hingga kasus tersebut bergulir ke meja hijau untuk ajang pembuktian.
""Ya hadir (persidangan). Iya, sesuai yang sudah saya sampaikan,"" ujar Jokowi di kediamannya saat menjawab pertanyaan wartawan soal kepastian membawa bukti ijazah asli di persidangan.
Jokowi mengatakan ijazah asli miliknya masih berada di tangan polisi sebagai barang bukti dalam kasus tersebut.
Ayah dari Wapres Gibran Rakabuming itu pun menekankan bakal mengikuti proses hukum yang sedang berjalan.
""Kita ikuti proses hukum yang ada sampai nanti proses sidang di pengadilan, karena nanti pengadilan lah yang akan memutuskan. Kita ikuti, kita ikuti,"" kata Jokowi.
Roy Suryo ditangkap polisi usah salat subuh tadi pagi, sementara dokter Tifa ditangkap saat dalam proses ujian online S3.
Penasihat hukum Refly Harun mengatakan Roy Suryo tidak menandatangani surat penangkapan. Refly memprotes penangkapan tersebut.
""Kami protes keras, ya, protes keras kami. Dan sekali lagi, kalau misalnya ini terkait dengan katakanlah kasus pembunuhan, kasus korupsi, dan lain sebagainya, masuk akal kalau ditangkap dan ditahan,"" ujar dia."
Jokowi Respons Penangkapan Roy Suryo dan Dokter Tifa di Jumat Pagi,https://www.cnnindonesia.com/nasional/20260619114107-20-1370781/jokowi-respons-penangkapan-roy-suryo-dan-dokter-tifa-di-jumat-pagi,CNN Indonesia,berita,2026-06-19,"Presiden Ketujuh RI, Joko Widodo ( Jokowi ) menanggapi penangkapan Roy Suryo dan Tifauzia Tyassuma alias dokter Tifa oleh penyidik Polda Metro Jaya, Jumat (19/6) pagi.
Keduanya telah ditetapkan sebagai tersangka dalam kasus dugaan pencemaran nama baik terkait ijazah Jokowi sejak beberapa bulan yang lalu.
Jokowi tak berkomentar banyak mengenai perkembangan terkini terhadap kasus yang ia laporkan setahun yang lalu itu. Ia mengatakan pihaknya siap mengikuti proses hukum yang berlangsung.
""Kita ikuti proses hukum yang ada sampai nanti di sidang di pengadilan. Karena nanti pengadilanlah yang akan memutuskan,"" kata Jokowi saat ditemui di kediaman Sumber, Jumat (19/6) siang.
Pada berbagai kesempatan, ayah Wakil Presiden Gibran Rakabuming Raka itu mengaku siap menghadiri langsung proses persidangan jika diminta oleh hakim. Jokowi dengan tegas mengatakan dirinya masih berkomitmen memenuhi janji tersebut.
""Ya hadir. Akan hadir sesuai yang sudah saya sampaikan,"" kata dia.
Lebih lanjut, Jokowi mengatakan saat ini ijazahnya masih berada di tangan Polisi sebagai barang bukti dalam kasus tersebut.
""Iya. Masih di Polda,"" kata dia.
Sebelumnya, tersangka kasus tudingan ijazah palsu Jokowi, dokter Tifa dan Roy Suryo dikabarkan ditangkap polisi pada Jumat (19/6) pagi. Kabar ini dibenarkan oleh salah satu tim pengacara Roy Suryo, Petrus Selestinus, kepada CNNIndonesia.com.
""Hari ini, Jumat 19 Juni 2026, pada sekira pukul 07.00, klien kami Roy Suryo Notodiprojo dikabarkan oleh istrinya telah ditangkap oleh penyidik Polda Metro Jaya. Pada saat yang bersamaan, kami juga mendapat info Tifauzia Tyassuma juga turut ditangkap,"" kata Petrus.
Dokter Tifa telah ditangkap oleh aparat kepolisian di apartemennya pada Jumat pagi (19/6) sekitar pukul 06.47 WIB."
Kubu Roy Suryo: Bismillah Kami Deklarasi Perang Hukum Lawan Jokowi,https://www.cnnindonesia.com/nasional/20260619132202-12-1370822/kubu-roy-suryo-bismillah-kami-deklarasi-perang-hukum-lawan-jokowi,CNN Indonesia,berita,2026-06-19,"Kuasa hukum Roy Suryo , Ahmad Khozinudin, menyatakan perang terbuka secara hukum melawan Presiden ke-7 RI Joko Widodo .
Roy Suryo sebelumnya ditangkap Polda Metro Jaya terkait kasus tudingan ijazah palsu Jokowi.
""Karena saudara Joko Widodo sudah sampai tahapan ini, bismillahirrahmanirrahim kami nyatakan perang terbuka secara hukum melawan saudara Joko Widodo,"" kata Ahmad di Polda Metro Jaya, Jumat (19/6).
Ahmad mengatakan jika Polda memutuskan untuk menahan Roy, maka hal itu menunjukkan hukum tidak lagi berjalan berdasarkan norma dan aturan yang berlaku, namun dipengaruhi oleh kepentingan politik.
""Kalau tindakan penahanan diambil, maka lagi-lagi saya konfirmasi, hukum di negeri ini tidak lagi tunduk pada norma dan aturan, tetapi tunduk pada atensi dan atensi politik saudara Joko Widodo,"" ujar dia.
Ahmad juga mempertanyakan apakah Jokowi sudah puas dengan proses hukum yang menjerat Roy.
""Puas sekarang saudara? Melihat anak bangsa, warga negara anda hari ini dijemput secara paksa, apakah anda cukup puas dengan peristiwa hari ini? Atau anda kurang puas, ingin Roy Suryo dan kawan-kawan ditahan semuanya?"" ujarnya.
Selain Roy, salah satu tersangka lain yakni Tifauziah Tyassuma alias dokter Tifa juga dilaporkan ditangkap. Polda Metro Jaya belum memberi keterangan soal penangkapan ini.
Polda Metro Jaya sebelumnya menyebut berkas perkara Roy Suryo dan Tifauziah Tyassuma alias dokter Tifa di kasus tudingan ijazah palsu Presiden ke-7 RI Joko Widodo telah dinyatakan lengkap atau P21 oleh Kejaksaan Tinggi (Kejati) DKI Jakarta.
""Alhamdulillah jaksa sampai dengan hari ini sudah menyatakan bahwa berkas perkara yang kami kirimkan ke Kejati DKI, tidak memerlukan lagi pemenuhan atas kekurangan-kekurangan yang kemaren sudah kami penuhi,"" kata Direktur Reskrimum Polda Metro Jaya Kombes Iman Imanuddin di Polda Metro Jaya, Selasa (2/6)."
"MSCI Nilai Status Arus Informasi RI Negatif, Apa Artinya?",https://www.cnnindonesia.com/ekonomi/20260619060638-92-1370650/msci-nilai-status-arus-informasi-ri-negatif-apa-artinya,CNN Indonesia,ekonomi,2026-06-19,"Lembaga penyedia indeks global, Morgan Stanley Capital International ( MSCI ) menurunkan kriteria arus informasi ( information flow ) Indonesia menjadi negatif dalam laporan 2026 Global Market Accessibility Review yang dirilis Kamis (18/6).
Keputusan ini diambil setelah MSCI kembali menegaskan kekhawatirannya terkait transparansi struktur kepemilikan saham dan adanya indikasi perdagangan yang terkoordinasi di pasar modal Indonesia.
Lalu apa yang dimaksud penurunan kriteria arus informasi tersebut?
MSCI menjelaskan bahwa penurunan kriteria arus informasi ini mencerminkan adanya ketidakjelasan atau opacity pada data kepemilikan dan aktivitas pasar. Hal tersebut dinilai merusak pembentukan harga yang wajar, serta membatasi kemampuan investor global untuk menilai jumlah saham beredar di publik ( true free float ) dari perusahaan-perusahaan yang tercatat di bursa.
Selain masalah transparansi saham, MSCI juga menyoroti keterbatasan di pasar valuta asing (valas) sebagai hambatan besar bagi investor asing, sebagaimana dilansir dari Reuters, Jumat (19/6).
""Tidak ada pasar mata uang luar negeri ( offshore ) yang efisien, dan terdapat pembatasan pada pasar mata uang dalam negeri (onshore) di Indonesia,"" tulis MSCI dalam laporannya, sekaligus menambahkan bahwa tingkat liberalisasi valas di Indonesia masih sangat terbatas.
Langkah MSCI turut menjadi pukulan telak lanjutan bagi pasar keuangan domestik. Sejak MSCI pertama kali melayangkan peringatan pada Januari lalu mengenai isu transparansi-termasuk ancaman penurunan status dari pasar berkembang ( emerging market ) menjadi pasar perintis ( frontier market )-pasar modal Indonesia terus merosot.
Jika penurunan status tersebut benar-benar terjadi, aliran dana asing Indonesia berpotensi keluar ( outflows ) hingga US$13 miliar atau setara Rp231,7 triliun (kurs Rp17.826).
Dampak dari sentimen negatif ini sudah terlihat jelas pada performa Indeks Harga Saham Gabungan (IHSG). Sepanjang 2026 berjalan, indeks anjlok lebih dari 27 persen.
Sementara itu, investor asing tercatat telah melakukan aksi jual bersih ( net sell ) sebanyak US$3,76 miliar atau sekitar Rp67 triliun (kurs Rp17.826) di pasar saham Indonesia."
Rekor 32 Tahun Penonton Terbanyak Bakal Pecah di Piala Dunia 2026,https://www.cnnindonesia.com/olahraga/20260619032133-142-1370644/rekor-32-tahun-penonton-terbanyak-bakal-pecah-di-piala-dunia-2026,CNN Indonesia,olahraga,2026-06-19,"Rekor penonton terbanyak Piala Dunia bakal pecah dalam Piala Dunia 2026 setelah pekan di Amerika Serikat, Kanada, dan Maksiko.
Dengan berakhirnya laga Ghana versus Panam pada Rabu (17/6) atau Kamis (18/6) WIB, matchday pertama babak grup Piala Dunia 2024 rampung. Total 24 laga telah berlangsung.
Dari 24 pertandingan tersebut, FIFA mencatat ada 1.583.584 penonton yang hadir di stadion. Baru juga satu pekan pertandingan, jumlahnya hampir setengah dari rekor Piala Dunia.
Saat in rekor jumlah penonton Piala Dunia terbanyak adalah 3.587.538. Rekor itu tercipta 32 tahun lalu atau Piala Dunia 1994. Ya, Piala Dunia 1994 berlangsung di Amerika Serikat.
Dengan tersisa dua pekan babak grup atau 48 pertandingan lagi, lantas babak 32 besar, 16 besar, perempat final, semifinal, dan final, yang tiketnya sudah diborong, rekor 1994 bakal pecah.
Meski hampir pasti terpecahkan, ini belum resmi. Ada kemungkinan rekor tersebut tidak terwujud, jika ada hal-hal yang tidak diinginkan. Kemungkinan, rekor akan pecah setelah babak grup usai.
Selain itu, pada pekan pertama Piala Dunia 2026, jumlah penonton tertinggi tercipta dalam laga Meksiko versus Afrika Selatan dan Uzbekistan kontra Kolombia.
Dua pertandingan ini sama-sama berlangsung di Stadion Meksiko City dan jumlah penontonnya sama, 80.824 orang. Sedangkan penonton terminim 42.942 dalam laga Ghana versus Panama.
Rekor jumlah penonton ini pun bakal terpecahkan, sebab stadion dengan kapasitas terbesar di Piala Dunia 2026 adalah AT&T di Arlington, Texas, yakni 94.000 tempat duduk."
"Kejagung Tetapkan Tersangka Baru di Kasus MBG, Total 6 Orang",https://www.cnnindonesia.com/nasional/20260618213431-12-1370625/kejagung-tetapkan-tersangka-baru-di-kasus-mbg-total-6-orang,CNN Indonesia,berita,2026-06-19,"Kejaksaan Agung ( Kejagung ) menetapkan Ketua Yayasan Indonesia Food Security Review Glory Harimas Sihombing (GHS) sebagai tersangka dalam kasus korupsi tata kelola program Makan Bergizi Gratis ( MBG ).
Kini total 6 orang telah ditetapkan sebagai tersangka dalam kasus tersebut.
Direktur Penyidikan Jaksa Agung Muda Bidang Tindak Pidana Khusus, Syarief Sulaeman Nahdi mengatakan Glory selaku pihak swasta diminta oleh eks Kepala BGN Dadan Hindayana untuk mencari mitra-mitra yayasan Satuan Pelayanan Pemenuhan Gizi (SPPG).
""GHS memberikan sejumlah mata uang baik dalam bentuk asing maupun rupiah kepada saudara DH,"" ujarnya dalam konferensi pers, Kamis (18/6).
Atas perbuatannya, GHS langsung ditahan selama 20 hari kedepan di Rutan Salemba Cabang Kejaksaan Agung (Kejagung).
Sebelumnya, Kejagung telah menetapkan total lima orang tersangka dalam kasus korupsi tata kelola program Makan Bergizi Gratis (MBG) periode 2025-2026.
Kelimanya yakni eks Kepala BGN Dadan Hindayana; eks Wakil Kepala BGN Sony Sonjaya dan Lodewyk Pusung; kaki tangan Sony, Asep Yusuf Somantri (AYS); dan Komisaris PT. Yasa Artha Trimanunggal (YAT), Andri Mulyono.
Dalam perkara ini, Kejagung menjelaskan program MBG seharusnya dikelola oleh yayasan Satuan Pelayanan dan Pemenuhan Gizi (SPPG) yang terafiliasi dengan sekolah penerima.
Akan tetapi, dalam pelaksanaannya banyak SPPG yang ditunjuk karena mempunyai afiliasi dengan petinggi BGN. Selain itu banyak yayasan sejatinya juga tidak memiliki syarat untuk menjadi mitra SPPG.
Selanjutnya terdapat mark up harga pengadaan barang sehingga terjadi kerugian yang tidak mendukung operasional pelaksanaan MBG. Mulai dari 21.801 unit motor listrik senilai Rp1,03 triliun, 32.000 pasang sepatu, 31.994 unit tablet serta 5.400 unit televisi 75 inch."
"VIDEO: Bank Indonesia Naikkan Suku Bunga Acuan Jadi 5,75%",https://www.cnnindonesia.com/tv/20260619132753-402-1370828/video-bank-indonesia-naikkan-suku-bunga-acuan-jadi-575,CNN Indonesia,tv,2026-06-19,"Rapat Dewan Gubernur Bank Indonesia memutuskan untuk menaikkan BI Rate sebesar 25 basis poin atau bps menjadi 5,75 persen, suku bunga Deposit Facility sebesar 25 bps menjadi 4,75 persen, dan suku bunga Lending Facility sebesar 25 bps menjadi 6,50 persen.
Kenaikan ini sebagai langkah lanjutan untuk memperkuat stabilisasi nilai tukar rupiah di tengah tingginya ketidakpastian global."
Profil Kiper Muda Ajax Keturunan Indonesia Giovanni van der Wijst,https://www.cnnindonesia.com/olahraga/20260619063740-142-1370659/profil-kiper-muda-ajax-keturunan-indonesia-giovanni-van-der-wijst,CNN Indonesia,olahraga,2026-06-19,"Ajax Amsterdam resmi mempermanenkan kiper muda keturunan Indonesia, Giovanni van der Wijst . Berikut profil kiper muda Ajax keturunan Indonesia tersebut.
Giovanni van der Wijst sepakat dengan kontrak permanen bersama Ajax berdurasi tiga musim hingga 2029.
Van der Wijst lahir di Zaanstad pada 1 Mei 2009. Kiper berusia 17 tahun itu merupakan jebolan akademi Ajax sejak bergabung pada 2019.
Garis keturunan Giovanni van der Wijst diketahui berasal dari sang kakek kelahiran Cirebon dan neneknya asal Bandung. Tidak menutup kemungkinan Timnas Indonesia jadi tujuannya di masa depan.
Resminya Giovanni van der Wijst dengan kontrak profesional bersama klub legendaris Belanda diharapkan dapat menguntungkan kedua belah pihak.
Usia muda dan postur 185 cm membuatnya bisa tumbuh lebih tinggi lagi. Bukan tak mungkin dirinya kian menjulang di usia emas sebagai pesepakbola.
Sejauh ini, Giovanni van der Wijst memperkuat Ajax Amsterdam U-19 dan U-19. Ia jadi tumpuan utama untuk kategori U-17 dengan catatan 10 pertandingan.
Sedangkan di kelompok U-19, Giovanni van der Wijst membukukan tiga kali pertandingan. Ada dua clean sheet dari penampilannya.
Pemain yang digadang-gadang menjadi The Next Donnarumma berdarah Indonesia ini sempat menyatakan keinginannya untuk membela Timnas Indonesia U-17.
""[Jiika ada panggilan dari Timnas Indonesia?] Aku akan langsung jawab 'iya' tentunya. Aku pikir itu kesempatan yang bagus untuk aku dan untuk aku bisa membela negara,"" ucap Van der Wijst dikutip dari Youtube Yussa Nugraha pada 2025 .
""Ya saya pikir saya bisa membawa kualitas untuk bisa membantu tim dan aku pikir bisa menjadi bagian yang penting untuk tim,"" ucap Van der Wijst menambahkan."
Polisi Tangkap Perampok Emas 500 Gram dari Rumah Mewah di Menteng,https://www.cnnindonesia.com/nasional/20260619141756-12-1370873/polisi-tangkap-perampok-emas-500-gram-dari-rumah-mewah-di-menteng,CNN Indonesia,berita,2026-06-19,"Polisi menangkap salah satu pelaku yang merampok emas 500 gram dari sebuah rumah di kawasan elite Menteng , Jakarta Pusat.
""Diamanin satu orang,"" kata Kasat Reskrim Polres Jakarta Pusat AKBP Roby Heri Saputra saat dikonfirmasi, Jumat (19/6).
Roby belum menjelaskan lebih rinci soal kasus itu. Ia mengatakan polisi akan menyampaikan perkembangan kasus pada sore ini.
Sebelumnya, aksi perampokan di sebuah rumah di Menteng, Selasa (16/6). Dalam peristiwa ini, korban sempat disekap hingga ditusuk oleh pelaku.
Roby membeberkan korban berinisial MAH bukanlah pemilik rumah. Melainkan, orang yang sedang bertamu di rumah milik saksi T.
""(Korban itu) rekan satu perusahaannya, itu rumahnya saksi bukan rumah korban,"" ujarnya.
Dari keterangan saksi, kata Roby, aksi perampokan itu diduga dilakukan dua pelaku. Saat kejadian, pelaku tiba-tiba masuk ke dalam rumah dan langsung menyerang korban serta membawa kabur emas milik saksi T.
Akibat kejadian itu, korban mengalami tujuh luka tusukan di leher dan punggung. Korban disebut sempat dalam kondisi kritis dan masih menjalani perawatan intensif di rumah sakit.
Kapolsek Metro Menteng AKBP Braiel Arnold Rondonuwu mengungkapkan dalam aksi perampokan itu, pelaku berhasil membawa kabur emas seberat 500 gram milik pemilik rumah."
"Kepala Batu, Israel Tetap Serang Lebanon Meski AS-Iran Damai",https://www.cnnindonesia.com/internasional/20260619140111-120-1370868/kepala-batu-israel-tetap-serang-lebanon-meski-as-iran-damai,CNN Indonesia,internasional,2026-06-19,"Israel masih dengan sikapnya yang 'kepala batu' menyerang wilayah selatan Lebanon pada Jumat (19/6) meski Iran dan Amerika Serikat sepakat untuk menghentikan perang di Timur Tengah.
Tel Aviv kembali membombardir Lebanon setelah kesepakatan damai AS dan Iran. Padahal, Lebanon termasuk dalam.
Militer Israel mengeklaim pada Jumat bahwa mereka menyerang markas Hizbullah di sejumlah wilayah Lebanon selatan.
""Sepanjang malam, tentara terus menerus menyerang teroris dan infrastruktur Hizbullah di beberapa wilayah di Lebanon selatan,"" kata militer Israel dalam sebuah pernyataan, dikutip dari AFP .
Kantor berita Lebanon NNA melaporkan 15 orang tewas dalam serangan Israel pada sejumlah area di Lebanon selatan.
Sejumlah warga melaporkan bahwa serangan udara dan gempuran Israel menghantam beberapa kota di distrik Nabatieh malam hingga Jumat pagi. Menurut NNA, pengeboman itu termasuk yang terberat dalam beberapa pekan terakhir.
Eskalasi ini terjadi sehari setelah Israel merilis peta yang menunjukkan perluasan zona kendali militer di Lebanon selatan di luar zona tersebut. Mereka tidak menutup peluang serangan sehingga menimbulkan pertanyaan tentang kesepakatan perdamaian sementara AS dengan Iran pada hari Rabu.
Kesepakatan tersebut menyerukan penghentian pertempuran di semua lini, termasuk Lebanon, dan agar semua pihak menghormati integritas teritorial dan kedaulatan Lebanon.
Seorang pejabat senior Israel mengatakan Israel terlibat dalam ""negosiasi yang alot"" dengan pemerintahan Presiden AS Donald Trump mengenai penempatan pasukan sejauh 10 kilometer di dalam wilayah Lebanon selatan saat mereka mengejar Hizbullah."
7 Kebiasaan Ortu Ini Malah Bikin Anak Takut Ambil Keputusan,https://www.cnnindonesia.com/gaya-hidup/20260619091434-284-1370700/7-kebiasaan-ortu-ini-malah-bikin-anak-takut-ambil-keputusan,CNN Indonesia,gaya-hidup,2026-06-19,"Setiap orang tua tentu ingin anak tumbuh menjadi pribadi yang mandiri, percaya diri, dan berani menentukan pilihan sendiri. Tentu, kemampuan mengambil keputusan jadi bekal penting yang akan sangat berguna saat anak memasuki usia remaja hingga dewasa.
Namun, tanpa disadari, ada kebiasaan orang tua tertentu yang justru membuat anak tak berani ambil keputusan. Pola asuh seperti ini bisa muncul dari niat melindungi, tetapi dampaknya malah membuat anak ragu, takut salah, dan terlalu bergantung pada orang lain.
Jika dibiarkan, kondisi ini bisa memengaruhi kepercayaan diri anak dalam jangka panjang. Sebagai orang tua, Anda perlu tahu kebiasaan apa saja yang perlu diperbaiki agar anak lebih berani mengambil keputusan.
Banyak orang tua berusaha menjauhkan anak dari bahaya dan kegagalan. Padahal, menurut Forbes , anak perlu mengalami sedikit risiko agar belajar menghadapi konsekuensi dan membangun ketahanan mental.
Saat anak tidak pernah diberi kesempatan jatuh, salah, atau kecewa, mereka cenderung tumbuh menjadi pribadi yang mudah cemas dan tidak percaya diri, terutama dalam mengambil keputusan.
Orang tua terkadang menyimpan kesalahan masa lalunya untuk diri sendiri, mungkin karena ingin menjaga wibawa di depan anak. Namun anak perlu belajar dari pengalaman nyata.
Anda perlu berbagi kesalahan masa lalu secara jujur dan relevan. Dengan begitu, anak bisa memahami setiap keputusan buruk punya konsekuensi, sekaligus belajar dari pengalaman orang tua tanpa harus mengalaminya sendiri.
Saat anak kesulitan, orang tua terkadang langsung memberi jawaban atau menyelesaikan masalahnya. Contohnya, saat anak kesulitan mengerjakan PR, orang tua malah memberi semua jawaban. Padahal, kebiasaan ini justru menghambat proses belajar.
Menurut CNBC Make It , jika selalu diselamatkan, anak tidak akan terbiasa menghadapi tantangan dan akhirnya tak berani ambil keputusan saat menghadapi situasi nyata.
Anak memang perlu ruang untuk memilih, tetapi mereka juga butuh batas yang jelas. Misalnya, jika sudah ada jam malam, aturan itu harus ditegakkan secara konsisten.
Jika aturan terus dinegosiasikan, anak akan bingung mana yang boleh dan mana yang tidak. Lama-kelamaan, hal ini bisa membuat anak sulit memahami tanggung jawab dari setiap keputusan.
Harapan agar anak sukses itu wajar. Namun, jika standar yang dipasang terlalu tinggi, anak bisa merasa apa pun yang dilakukan tidak pernah cukup baik.
Tekanan seperti ini sering membuat anak takut salah dan takut memutuskan sesuatu. Alih-alih membentuk pribadi unggul, sikap perfeksionis justru bisa merusak rasa percaya diri anak.
Anak belajar banyak dari apa yang dilihat, bukan hanya dari nasihat. Makanya, orang tua perlu menunjukkan perilaku yang sesuai dengan ucapan. Bila ingin anak jujur, disiplin, dan tegas, orang tua juga harus mempraktikkannya.
Dalam hal pengambilan keputusan, tunjukkan bahwa Anda bisa bersikap tegas lalu konsisten menjalankannya. Ini akan menjadi contoh kuat bagi anak di masa depan.
Mengutip Wondermind , Profesor Psikologi Universitas DePaul, Joseph Ferrari, menemukan bahwa ayah yang otoriter bisa menimbulkan ketidaktegasan pada anak perempuan dalam studinya pada 1994.
Kesimpulannya, anak-anak yang tumbuh dalam lingkungan otoriter, belajar bahwa pilihan mereka dapat menimbulkan masalah, sehingga cenderung memilih menunda keputusan.
Mendidik anak agar jadi lebih mandiri memang butuh kesabaran. Namun, dengan menghindari kebiasaan orang tua pada umumnya yang keliru, Anda bisa membantu anak tumbuh lebih percaya diri, berani, dan mampu mengambil keputusan dengan bijak."
PBNU Undang Prabowo Tutup Munas-Konbes NU di Bangkalan,https://www.cnnindonesia.com/nasional/20260619134851-32-1370853/pbnu-undang-prabowo-tutup-munas-konbes-nu-di-bangkalan,CNN Indonesia,berita,2026-06-19,"Pengurus Besar Nahdlatul Ulama secara resmi mengundang Presiden RI Prabowo Subianto untuk menutup Musyawarah Nasional (Munas) Alim Ulama dan Konferensi Besar (Konbes) Nahdlatul Ulama 2026 di Bangkalan, Jawa Timur (Jatim).
Sekretaris Jenderal PBNU sekaligus Ketua Panitia Munas-Konbes dan Muktamar NU, Saifullah Yusuf atau Gus Ipul menyatakan, undangan kepada Presiden Prabowo masih dalam tahap koordinasi dan menunggu konfirmasi.
""Ini masih dalam koordinasi, dalam konfirmasi. Mudah-mudahan waktunya memungkinkan. Tetapi PBNU melalui rapat sudah memutuskan untuk mengundang Bapak Presiden pada tanggal 23 Juni yang akan datang di Kabupaten Bangkalan [Pulau Madura],"" kata Gus Ipul, Jumat (19/6).
Rangkaian Munas dan Konbes NU 2026 dijadwalkan dibuka pada Sabtu, 20 Juni 2026, di Pondok Pesantren Al Falah Ploso, Kediri, Jatim. Namun penutupan direncanakan berlangsung tiga hari kemudian di STAI Pesantren Syaichona Moh Cholil, Bangkalan, pada Selasa (23/6). Gus Ipul mengaku pihaknya berharap Prabowo dapat hadir di penutupan itu.
""Sementara penutupan direncanakan mudah-mudahan nanti di Bangkalan. PBNU mengundang secara resmi Bapak Presiden Prabowo untuk bisa memberikan amanat pada saat penutupan nanti,"" kata Gus Ipul yang juga dikenal sebagai Menteri Sosial itu.
Menurut Gus Ipul, jika Prabowo berhalangan hadir saat penutupan, maka giat pemungkas Mubas-Konbes NU itu akan tetap digelar di Pesantren Ploso, Kediri.
""Jika waktunya memungkinkan hadir, maka penutupan akan ditempatkan di Bangkalan. Tetapi jika tidak, penutupan akan dilakukan di Ploso. Ini semua masih menyesuaikan jadwal Presiden,"" ujar Gus Ipul.
Untuk acara pembukaan di Kediri, PBNU akan mengundang pejabat pemerintah daerah dari tingkat provinsi hingga kabupaten/kota, para pengasuh pesantren, pengurus NU dari berbagai daerah, tokoh masyarakat, serta perwakilan organisasi kemasyarakatan.
""Tentu pembukaan akan mengundang pejabat-pejabat pemerintah daerah, mungkin tingkat provinsi maupun kabupaten-kota, mengundang pengasuh-pengasuh pesantren, dan pihak-pihak lain yang disesuaikan dengan kapasitas tempat pembukaan,"" kata Gus Ipul.
Gus Ipul menegaskan, forum Munas Alim Ulama dan Konbes NU 2026 bukan sekadar pertemuan organisasi biasa. Ini merupakan tahapan pertama dan strategis dalam konsolidasi NU menuju pelaksanaan Muktamar.
""Persiapan muktamar ini kan berkelanjutan. Konbes ini adalah tahapan pertama menuju muktamar,"" ujarnya.
Forum tersebut dijadwalkan membahas berbagai agenda keorganisasian, keumatan, dan kebangsaan sebagai bagian dari peta jalan besar Nahdlatul Ulama ke depan."
VIDEO: Dasco Bertemu Direksi BEI & OJK Bahas Pembenahan Pasar Modal,https://www.cnnindonesia.com/tv/20260619132736-402-1370826/video-dasco-bertemu-direksi-bei-ojk-bahas-pembenahan-pasar-modal,CNN Indonesia,tv,2026-06-19,"Wakil Ketua DPR RI, Sufmi Dasco Ahmad, menggelar pertemuan dengan direksi baru Bursa Efek Indonesia (BEI). Pertemuan ini juga dihadiri oleh Ketua Dewan Komisioner Otoritas Jasa Keuangan (OJK), Friderica Widyasari Dewi."
"Sinopsis Husbands in Action, Mantan dan Suami Baru Bersatu demi Istri",https://www.cnnindonesia.com/hiburan/20260619114723-220-1370785/sinopsis-husbands-in-action-mantan-dan-suami-baru-bersatu-demi-istri,CNN Indonesia,hiburan,2026-06-19,"Husbands in Action menjadi film komedi Korea terbaru yang dibintangi Gong Myung. Ia kali ini kembali beradu akting dengan Jin Sun-kyu setelah keduanya sukses dalam film action komedi Extreme Job.
Film ini menceritakan aksi seputar aliansi tidak terduga antara mantan suami dan suami baru demi menyelamatkan orang-orang yang mereka cintai.
Kisah bermula di acara sekolah ketika Hwang Choong-sik (Jin Sun-kyu), seorang inspektur narkotika, dengan Lee Min-seok (Gong Myung) yang merupakan suami baru dari mantan istrinya, Si-nae (Kang Han-na).
Pertemuan perdana tersebut langsung memicu perebutan dominasi dan ketegangan di antara keduanya dengan Choong-sik sebagai penyelidik veteran dan Min-seok yang merupakan seorang dokter hewan muda.
Perbedaan kepribadian yang kontras tersebut berbenturan keras dengan peran mereka di dalam lingkaran keluarga.
Situasi itu menjadi pertarungan harga diri di mana posisi mantan suami harus berhadapan dengan suami baru, serta ayah kandung melawan ayah tiri bagi putri mereka yang bernama Yeon-ju.
Persaingan sengit itu terpaksa ditunda setelah Si-nae dan Yeon-ju tiba-tiba diculik komplotan penjahat. Insiden itu memaksa Choong-sik dan Min-seok mengesampingkan ego masing-masing dan bekerja sama dalam operasi penyelamatan.
Kendati memiliki tujuan yang sama, perbedaan watak dan latar belakang profesi mereka tetap memicu konflik serta perdebatan konstan di sepanjang misi berlangsung.
Aksi penculikan tersebut rupanya diatur oleh Do-jun (Kim Ji-seok), seorang gembong narkoba yang tengah naik daun di dunia kriminal bawah tanah.
Namun, dalang utama di balik konspirasi ini sebenarnya adalah sang istri, Hye-ran (Li Da-hee).
Perempuan itu memanipulasi situasi dengan memanfaatkan Si-nae dan putrinya sebagai sandera sekaligus alat tawar-menawar demi mengamankan kebebasan Do-jun.
Situasi menjadi kian rumit ketika Yong-gang (Yoon Kyung-ho), seorang mantan gembong narkoba yang reputasinya telah hancur, ikut masuk ke pusaran perburuan.
Yong-gang bergerak dengan agenda pribadi untuk menghabisi Do-jun demi merebut kembali kendali kekuasaan yang sempat hilang.
Di sisi lain, kehadiran seorang jurnalis bernama A-ra (Jeon So-min) yang mulai menaruh ketertarikan personal kepada Choong-sik turut menambah kompleksitas di tengah ketegangan misi penyelamatan tersebut.
Husbands in Action tayang 19 Juni di Netflix."
Jokowi Tak Bantah Kabar Bakal Gabung PSI Jadi Ketua Dewan Pembina,https://www.cnnindonesia.com/nasional/20260619134136-32-1370847/jokowi-tak-bantah-kabar-bakal-gabung-psi-jadi-ketua-dewan-pembina,CNN Indonesia,berita,2026-06-19,"Presiden Ketujuh RI, Joko Widodo santer dikabarkan bakal bergabung dengan Partai Solidaritas Indonesia ( PSI ) dalam waktu dekat. Jokowi disebut-sebut bakal menduduki jabatan Ketua Dewan Pembina di partai yang kini dipimpin anak bungsunya, Kaesang Pangarep.
Saat dikonfirmasi, Jokowi tidak membantah kabar tersebut. Namun ia menyebut ada mekanisme yang harus dilalui untuk bergabung dengan PSI.
""Di PSI itu kan ada mekanisme partai yang harus dilalui. Tidak hanya penjaketan aja langsung,"" kata Jokowi saat ditemui di kediamannya di Sumber, Solo, Jawa Tengah, Jumat (19/6).
Sampai saat ini, Jokowi belum secara resmi bergabung dengan PSI. Namun ia memastikan dirinya siap berupaya maksimal untuk memenangkan partai tersebut..
""Seperti yang saya sampaikan di Kongres, di Rakernas (PSI), saya akan kerja mati-matian untuk PSI,"" kata dia.
Ayah Wakil Presiden (Wapres) Gibran Rakabuming Raka itu kemudian menyinggung rencananya untuk blusukan ke berbagai daerah di tanah air. Menurutnya, kegiatan tersebut ia lakukan untuk memenuhi undangan dari PSI dan masyarakat.
""Yang paling penting undangan dari masyarakat dan dari PSI akan saya hadiri semua,"" kata dia.
Sebelumnya, Wakil Ketua Dewan Pembina PSI Grace Natalie mengungkapkan Jokowi akan segera mengenakan jaket PSI secara resmi sebagai Ketua Dewan Pembina partai tersebut.
Grace mengatakan PSI saat ini tengah mempercepat penyempurnaan struktur kepengurusan hingga tingkat desa dan kelurahan di seluruh Indonesia sebagai persiapan menjelang proses verifikasi partai.
""Jadi PSI secara nasional di semua provinsi DPW, agar melengkapi struktur sampai di tingkat desa dan kelurahan. Tidak hanya di NTT, jadi ini serentak di wilayah lain juga berlangsung karena kita tahun depan kita sudah masuk verifikasi, dan segera merampungkan. Agar Bapak Dewan Pembina bisa segera secara formal memakai jaket PSI dan ikut menyapa masyarakat,"" kata Grace saat kunjungan di Kupang, Nusa Tenggara Timur (NTT), Sabtu (13/6).
Selain Grace, kabar serupa juga disampaikan oleh sejumlah petinggi PSI yang lain seperti Ketua Umum DPP PSI Isyana Bagoes Oka dan Ketua Harian PSI, Ahmad Ali."
Airlangga Beber Peluang Penyesuaian Harga BBM saat Selat Hormuz Dibuka,https://www.cnnindonesia.com/ekonomi/20260619133751-92-1370844/airlangga-beber-peluang-penyesuaian-harga-bbm-saat-selat-hormuz-dibuka,CNN Indonesia,ekonomi,2026-06-19,"Menko Bidang Perekonomian Airlangga Hartarto buka suara terkait potensi penurunan harga bahan bakar minyak ( BBM ) dan langkah pemerintah selanjutnya, setelah Selat Hormuz resmi kembali dibuka.
Hal tersebut ia sampaikan usai penandatanganan kesepakatan damai antara Amerika Serikat dengan Iran.
""Ya pertama kan penandatanganan harapannya betul-betul bisa dilaksanakan. Dengan kembali terbukanya Selat Hormuz kan kita baru lihat penyesuaian terhadap harga (BBM) lagi,"" kata Airlangga di Istana Kepresidenan Jakarta, Kamis (18/6).
Meski begitu, Airlangga menyebut pemerintah akan terus memantau implementasi terhadap perjanjian perdamaian tersebut.
Ia juga masih belum banyak bicara ketika ditanyai apakah harga BBM non-subsidi akan kembali turun usai dibukanya kembali blokade Selat Hormuz.
""Ya barangnya sampai di mana kan kita lihat,"" ujarnya.
Usai bersitegang sejak akhir Februari 2026 lalu yang dipicu serangan operasi militer gabungan AS-Israel atas Iran. Kini, AS dan Iran meneken secara digital nota kesepahaman yang menjadi cikal bakal perjanjian damai kedua negara.
Berdasarkan MoU, AS dan Iran akan merumuskan perjanjian final dalam kurun waktu 60 hari setelah penekenan. Selama kurun waktu itu, Selat Hormuz akan dibuka secara cuma-cuma dan AS akan menarik pasukan dari sekitar Iran.
Presiden Iran Masoud Pezeshkian Pezeshkian mengatakan MoU ini adalah dokumen bersejarah, yang mengarah pada perdamaian.
""Ini merupakan dokumen bersejarah dan sebuah pesan dari Iran yang kuat: perdamaian akan tercapai di bawah naungan rasa saling menghormati,"" tulis Pezeshkian dalam unggahan di akun X-nya, Kamis (18/6).
Dalam unggahan itu, Pezeshkian juga mengunggah teks MoU yang sudah dibubuhi tanda tangannya dan Presiden AS Donald Trump.
Sama seperti teks yang beredar di media, ada 14 poin kesepakatan dalam MoU tersebut. Beberapa di antaranya yaitu perjanjian untuk mengakhiri perang di semua front , termasuk Lebanon, perjanjian untuk mencabut blokade dan sanksi terhadap Iran, serta komitmen untuk memberi Iran kompensasi atas kerusakan yang ditimbulkan selama perang."
PB IPSI: Kejuaraan Pencak Silat CNN Indonesia Ringankan Kerja Kami,https://www.cnnindonesia.com/olahraga/20260619132602-178-1370821/pb-ipsi-kejuaraan-pencak-silat-cnn-indonesia-ringankan-kerja-kami,CNN Indonesia,olahraga,2026-06-19,"Sekjen PB IPSI, Abdul Karim Aljufri menyatakan Kejuaraan Pencak Silat CNN Indonesia meringankan pekerjaan pihaknya sebagai federasi pencak silat di Indonesia. ""Alhamdulillah sejak beberapa tahun terakhir pekerjaan PB IPSI lebih mudah karena instansi sudah semakin banyak membuat kejuaraan. Kelompok masyarakat juga banyak membuat kejuaraan,"" kata Abdul di YouTube CNN Indonesia.
Abdul menyampaikan, saat ini rata-rata turnamen pencak silat tingkat nasional bergulir empat kali dalam satu tahun kalender. Artinya, setiap tiga bulan sekali atlet potensial di Indonesia saling bersaing demi podium tertinggi.
""Maksimal dalam satu tahun ada empat kali. Jadi ada tiga bulan untuk bertanding dan recovery,"" ujarnya.
Lebih lanjut, Abdul menyampaikan pihaknya fokus dalam pembinaan jangka panjang untuk atlet pencak silat di Indonesia. Menurutnya, selain turnamen level junior, kompetisi kasta tertinggi juga perlu lebih bergelora karena bicara prestasi.
""Untuk pembinaan jangka panjang kami beranggapan bahwa sebanyak apapun kejuaraan junior, kalau di dewasanya tidak juara maka akan sulit untuk dikenal,"" ucapnya.
""Sementara puncak prestasi ada di PON, SEA Games, Asian Games dan Olimpiade"" ia menambahkan.
Kejuaraan Pencak Silat CNN Indonesia Tingkat Nasional Piala Presiden 2026 akan menggelar tiga kategori, yakni Pemasalan, Tanding, dan Seni yang bisa diikuti para atlet muda mulai Sekolah Dasar (SD), SMP, dan SMA/SMK.
Adapun biaya pendaftaran berkisar Rp350 ribu hingga Rp600 ribu, tergantung dari masing-masing kategori. Persaingan ketat antar-atlet diperkirakan akan terjadi dalam kejuaraan ini. Pendaftaran Kejuaraan Pencak Silat CNN Indonesia Tingkat Nasional Piala Presiden 2026 bisa dilakukan melalui link berikut ini .
Atau melalui link QR Code pendaftaran di bawah ini:
Pemasalan SD, SMP, SMA/SMK - Kategori Tanding dan Tunggal: Rp350 ribu
Prestasi SD Kelas 4-6 (Usia Dini II), SMP, SMA/SMK - Kategori Tanding dan Tunggal: Rp350 ribu - Kategori Ganda: Rp450 ribu - Kategori Beregu: Rp600 ribu."
Projo soal Penangkapan Roy Suryo dan dr Tifa: Kemajuan Proses Hukum,https://www.cnnindonesia.com/nasional/20260619130929-32-1370809/projo-soal-penangkapan-roy-suryo-dan-dr-tifa-kemajuan-proses-hukum,CNN Indonesia,berita,2026-06-19,"Organisasi relawan Presiden ketujuh RI Joko Widodo ( Jokowi ), Projo, buka suara soal penangkapan dua tersangka kasus ijazah palsu Jokowi, Roy Suryo dan Tifauziah Tyassuma alias dokter Tifa pada Jumat (19/6) pagi tadi.
Projo menilai penangkapan terhadap keduanya adalah kemajuan dalam proses penyidikan kasus dugaan pencemaran nama baik terkait ijazah Jokowi tersebut.
""Projo menyatakan menghargai proses hukum yang sudah sekian lama dilakukan oleh Polri. Langkah hukum oleh Polri tersebut merupakan kemajuan dalam penyidikan,"" ujar Sekretaris Jenderal DPP PROJO Freddy Alex Damanik dalam keterangannya, Jumat siang.
""Masyarakat tentu sangat mendukung proses hukum supaya segera ada kemajuan dan diketahui hasil akhirnya,"" imbuhnya.
Freddy mengingatkan semua pihak menghargai proses hukum oleh Polri, seperti halnya masyarakat menghargai kebebasan berpendapat. Projo, kata dia, juga menghargai asas praduga tak bersalah terhadap Roy Suryo dan dr Tifa sebagai tersangka.
Selain itu, Freddy ingin agar kasus tuduhan ijazah palsu Jokowi juga menjadi pembelajaran bagi semuanya.
""Menyampaikan pendapat berbeda dengan menuduh pihak lain yang dapat berimplikasi hukum,"" tutur Freddy.
Sementara itu, Jokowi tak berkomentar banyak mengenai perkembangan terkini terhadap kasus yang ia laporkan setahun yang lalu itu. Ia mengatakan pihaknya siap mengikuti proses hukum yang berlangsung.
""Kita ikuti proses hukum yang ada sampai nanti di sidang di pengadilan. Karena nanti pengadilanlah yang akan memutuskan,"" kata Jokowi saat ditemui wartawan di kediaman Sumber, Solo, Jumat siang.
Polda Metro Jaya menangkap Roy Suryo dan dr Tifa di kediaman masing-masing pada Jumat pagi.
Pagi tadi, tim kuasa hukum Roy, Ahmad Khozinudin mengatakan Roy ditangkap di kediamannya di Bintaro, Tangerang Selatan, Banten. Dia menerangkan Roy Suryo ditangkap polisi secara tak etis, di ruang privat dalam rumah dan tanpa menunggu kuasa hukum.
Ahmad mengatakan tindakan itu tidak beradab di tengah telah berlakunya KUHP baru.
""Permintaan dari klien kami dan istrinya untuk menunggu agar penasehat hukum datang dalam proses penangkapan tidak dihiraukan dan mengancam jika tidak mau ikut akan diborgol begitu. Jadi satu tindakan yang tidak beradab di tengah-tengah KUHP dan KUHP baru diterapkan,"" ujar saat dihubungi.
Selain itu, dia mengaku petugas dari Polda Metro Jaya memaksa masuk ke ruang privat, padahal sudah diminta istri Roy Suryo untuk menunggu di ruang tamu.
""Klien kami Pk Roy Suryo ditangkap di kediamannya di Bintaro, Tangerang dalam kondisi sedang bersama keluarganya dan di ruang privat,"" kata Ahmad
""Sudah diminta oleh istrinya agar tidak masuk, agar menunggu di ruang tamu. Tapi, memaksa masuk ke kamar untuk mencari klien kami,"" kata Khozinudin.
Sementara itu, lewat siaran pers Tim Pembela dr Tifa menyatakan klien mereka mengaku ditangkap polisi di apartemennya pada Jumat pagi tadi sekitar pukul 06.47 WIB.
Pengacara dr Tifa pun menjelaskan kliennya seharusnya ikut ujian disertasi S3 Fakultas Kedokteran Universitas Indonesia (UI). Namun, akibat penangkapan itu, ujian terpaksa dilakukan daring di salah satu ruang dalam Polda Metro Jaya.
""Informasi tersebut disampaikan langsung oleh dr Tifa. Setelah dibawa ke Polda dr Tifa menunjukkan bukti bahwa dirinya saat ini berada di lingkungan Polda Metro Jaya,"" demikian isi siaran pers itu.
""Dokter Tifa tampak berada di depan laptop dan menyampaikan bahwa dirinya sedang mengikuti ujian S3 Fakultas Kedokteran Universitas Indonesia (FKUI) dari suatu ruangan di Polda Metro Jaya,"" sambungnya.
Berdasarkan foto yang diterima dari tim pengacara, dr Tifa terlihat berada di dalam suatu ruangan menghadap laptop yang terbuka.
Di samping kirinya terlihat bundel draf karya ilmiah dengan sampul lunak berwarna hijau dan logo UI.
Di sisi lain, hingga berita ini ditulis, Polda Metro Jaya belum memberi keterangan soal penangkapan Roy Suryo dan dokter Tifa.
Sebelumnya, awal bulan ini, Polda Metro Jaya menyebut berkas perkara Roy Suryo dan Tifauziah Tyassuma alias dokter Tifa di kasus tudingan ijazah palsu Jokowi  telah dinyatakan lengkap atau P21 oleh Kejaksaan Tinggi (Kejati) DKI Jakarta.
""Alhamdulillah jaksa sampai dengan hari ini sudah menyatakan bahwa berkas perkara yang kami kirimkan ke Kejati DKI, tidak memerlukan lagi pemenuhan atas kekurangan-kekurangan yang kemarin sudah kami penuhi,"" kata Direktur Reskrimum Polda Metro Jaya Kombes Iman Imanuddin di Polda Metro Jaya, Selasa (2/6).
Dalam kasus ini Polda Metro Jaya menetapkan sejumlah orang sebagai tersangka. Namun, beberapa di antaranya termasuk Rismon Hasiholan Sianipar mendapatkan penyelesaian hukum lewat metode keadilan substantif (restorative justice) setelah bertemu Jokowi dan meminta maaf.
Rismon bahkan kini menyatakan keaslian ijazah Jokowi, serta membuat buku berjudul 'Otentikasi Ijazah Joko Widodo'. Draf final karyanya itu telah diteken Jokowi, dan ayah dari Wapres RI Gibran Rakabuming Raka meminta Rismon menggelar bedah buku itu di UGM."
Wapres AS Geram Israel Kritik MoU Iran: Senjata Anda Pakai Uang Pajak AS!,https://news.detik.com/internasional/d-8537995/wapres-as-geram-israel-kritik-mou-iran-senjata-anda-pakai-uang-pajak-as,Detik,internasional,2026-06-19,"Wakil Presiden (Wapres) Amerika Serikat (AS) JD Vance melontarkan kecaman keras terhadap para pejabat Israel yang mengkritik nota kesepahaman (MoU) kesepakatan damai AS dengan Iran . Vance memperingatkan Tel Aviv bahwa Washington merupakan ""satu-satunya sekutu kuat"" mereka yang masih tersisa di dunia dan bahwa persenjataan Israel dibayar oleh uang pajak AS.
Vance dalam kecamannya, seperti dilansir AFP dan Al Arabiya , Jumat (19/6/2026), menyerukan kepada para anggota kabinet pemerintahan Perdana Menteri (PM) Israel Benjamin Netanyahu , tanpa menyebut nama, untuk ""bangun dan menyadari kenyataan"".
Kecaman ini disampaikan saat ketegangan semakin meningkat antara Netanyahu dan Presiden AS Donald Trump .
""Donald J Trump adalah satu-satunya kepala negara di seluruh dunia yang bersimpati kepada negara Israel saat ini, dan kebetulan dia adalah kepala negara adidaya dunia,"" kata Vance saat berbicara kepada wartawan di Gedung Putih pada Kamis (18/6).
""Jika saya berada dalam kabinet pemerintahan Israel, saya mungkin tidak akan menyerang satu-satunya sekutu kuat yang saya miliki di seluruh dunia,"" tegas Wapres AS itu dengan nada marah.
Vance kemudian memuji Netanyahu karena tidak secara pribadi mengkritik kesepakatan AS-Iran. Namun dia juga secara eksplisit mengungkit soal jumlah besar bantuan militer yang dikucurkan AS kepada Israel selama ini.
""Selama tiga bulan terakhir, dua pertiga dari senjata pertahanan yang telah melindungi tanah air Anda telah dibangun oleh tangan Amerika dan dibayar dengan uang pajak warga Amerika,"" ucapnya.
""Masalah bagi Israel bukanlah Donald J Trump, dan siapa pun di Israel yang berpikir masalah terbesar mereka adalah Presiden Amerika Serikat perlu bangun dan menyadari kenyataan situasi yang dihadapi negara tersebut,"" tegas Vance dalam pernyataannya.
Saat berbicara di Gedung Putih, Vance membela nota kesepahaman (MoU) yang ditandatangani oleh AS dan Iran pada Rabu (17/6). MoU itu memulai gencatan senjata selama 60 hari dan mencabut blokade AS terhadap Iran, memungkinkan Teheran bergabung kembali dalam perekonomian global jika memenuhi komitmen di dalamnya.
Para pejabat Israel, anggota parlemen Partai Republik, dan tokoh-tokoh konservatif di Washington mengecam kesepakatan tersebut dan secara terang-terangan mengkritik Trump atas apa yang mereka yakini sebagai kesalahan dalam meneken MoU tersebut.
Vance, dalam wawancara terpisah dengan New York Times (NYT) yang diterbitkan pada Kamis (18/6), secara langsung menyebut nama Menteri Keamanan Nasional Israel Itamar Ben-Gvir dan Menteri Keuangan Israel Bezalel Smotrich sebagai pihak yang menyerang kesepakatan tersebut.
""Saya kira tanggapan mereka adalah -- apa proposal Anda yang sebenarnya? Anda adalah negara dengan sembilan juta penduduk. Anda tidak bisa hanya menyelesaikan setiap masalah keamanan nasional Anda dengan cara membunuh,"" kata Vance kepada NYT.
Simak juga Video Teken MoU Damai dengan Iran, Trump: Ini Gak Mudah"
"6 Tersangka Kasus Korupsi Tata Kelola MBG, Terbaru Ketua Yayasan IFSR",https://news.detik.com/berita/d-8537902/6-tersangka-kasus-korupsi-tata-kelola-mbg-terbaru-ketua-yayasan-ifsr,Detik,berita,2026-06-19,"Kejaksaan Agung telah menetapkan tersangka baru dalam kasus dugaan korupsi tata kelola Makan Bergizi Gratis ( MBG ). Kini sudah ada enam tersangka dalam kasus tersebut, dengan ketua sebuah yayasan menjadi tersangka terbaru.
Ketua Yayasan Indonesia Food Security Review (IFSR), Glory Harimas Sihombing, telah ditetapkan menjadi tersangka dalam kasus tersebut.
Sementara itu, lima orang lainnya adalah mantan Kepala BGN Dadan Hindayana, mantan Wakil Kepala BGN Sony Sonjaya, dan mantan Wakil Kepala BGN Lodewyk Pusung. Ada pula Asep Yusuf Somantri (AYS) selaku orang dekat Sony, serta Komisaris PT Yasa Artha Trimanunggal (PT YAT) selaku penyedia motor listrik BGN, Andri Mulyono (AM).
Glory diperiksa sebagai saksi pada hari ini. Namun, setelah penyidik menemukan kecukupan alat bukti, Glory ikut ditetapkan sebagai tersangka.
""Setelah melakukan pemeriksaan terhadap saksi, saudara GHS, dan berdasarkan dua alat bukti yang ada, maka tim penyidik menetapkan saudara GHS selaku pihak swasta sebagai tersangka dalam perkara dimaksud,"" kata Dirdik Jampidsus Kejagung, Syarief Sulaeman Nahdi, kepada wartawan di Kejagung, Jakarta, Kamis (18/6/2026).
Glory Harimas Sihombing pun langsung ditahan selama 20 hari ke depan. Ia ditahan di Rutan Salemba.
""Bahwa saat ini tersangka dilakukan penahanan selama 20 hari ke depan di Rutan Salemba Cabang Kejaksaan Agung RI,"" kata Syarief.
Syarief mengatakan Glory disangkakan dengan Pasal 12 huruf a, huruf b, dan huruf e Undang-Undang Tipikor serta Pasal 20 huruf a Undang-Undang Nomor 1 Tahun 2023 tentang KUHP.
Syarief menjelaskan Glory Harimas Sihombing (GHS) diminta oleh Dadan untuk mencari mitra dalam rangka pelaksanaan program Makan Bergizi Gratis (MBG).
""Bahwa Saudara DH secara melawan hukum memberikan akses kepada Saudara GHS untuk memperoleh titik dapur SPPG kepada yayasan yang dimiliki oleh Saudara GHS,"" kata Syarief.
Setelah yayasan milik GHS, yaitu Yayasan Indonesia Food Security Review, memperoleh titik dapur SPPG, ia menjual titik dapur tersebut kepada pihak lain.
""Yayasan tersebut menjual titik dapur SPPG kepada pihak-pihak yang berkeinginan untuk mendirikan dapur di daerah lokasi titik dapur tersebut,"" katanya.
Glory Harimas juga mendapat akses dari Dadan untuk berkomunikasi dengan tim verifikator yang ditunjuk oleh Dadan. Kondisi ini disebut menguntungkan yayasan milik Glory Harimas.
""Sehingga Saudara GHS dapat melakukan pengurusan atas rollback terhadap SPPG di bawah naungan yayasan Saudara GHS untuk dikembalikan statusnya,"" katanya.
Usai mengatur titik SPPG, Glory disebut memberikan sejumlah uang kepada Dadan. Uang tersebut bersumber dari mitra-mitra MBG yang diurus oleh Glory Harimas.
""Saudara GHS secara melawan hukum memberikan sejumlah uang, baik dalam mata uang asing maupun rupiah, kepada Saudara DH yang diberikan secara tunai dan bersumber dari mitra-mitra MBG yang meminta bantuan kepada Saudara GHS agar menjadi mitra MBG,"" katanya."
"Ada Demo di DPR hingga Bundaran HI Hari Ini, 4.263 Personel Gabungan Disiagakan",https://news.detik.com/berita/d-8537968/ada-demo-di-dpr-hingga-bundaran-hi-hari-ini-4-263-personel-gabungan-disiagakan,Detik,berita,2026-06-19,"Sebanyak 4.263 aparat gabungan disiagakan untuk mengamankan aksi unjuk rasa di sejumlah titik wilayah Jakarta Pusat (Jakpus) hari ini. Massa dijadwalkan turun di beberapa titik seperti Silang Selatan Monas, DPR/MPR RI, Bundaran HI, Tugu Tani, dan Kementerian Keuangan.
Kasi Humas Polres Metro Jakarta Pusat Iptu Erlyn Sumantri mengatakan aparat gabungan terdiri dari personel Polda Metro Jaya, Polres Metro Jakarta Pusat, dan Polsek jajaran. Pengamanan dilakukan untuk mengawal jalannya aksi agar berjalan aman.
""Pelayanan aksi unjuk rasa wilayah Jakarta Pusat sebanyak 4.263 personel gabungan (Polda, Polres, Polsek jajaran),"" kata Erlyn dalam keterangannya, Jumat (19/6/2026).
Berdasarkan pemberitahuan yang diterima, aksi digelar Dewan Pengurus Nasional Tani Merdeka Indonesia di kawasan Cawan Selatan Monas, Gambir, pukul 09.00 WIB. Kemudian massa dari Kepresma Universitas Trisakti di depan Gedung DPR/MPR RI mulai pukul 10.00 WIB.
Selanjutnya Ikatan Senat Mahasiswa Ekonomi Indonesia di Bundaran Hotel Indonesia pukul 11.00 WIB. Sementara Gabungan Mahasiswa dan Pemuda Nusantara akan menggelar aksi di dua lokasi, yakni Tugu Tani dan Kementerian Keuangan RI yang dijadwalkan dimulai pukul 13.00 WIB.
Erlyn mengingatkan para peserta aksi agar menyampaikan tuntutan dengan tertib. Dia juga meminta tidak ada tindakan provokasi oleh massa aksi.
""Sampaikan pendapat dengan damai, tidak anarkis, tidak membakar ban bekas, tidak merusak fasilitas umum, serta tidak melawan petugas. Hormati masyarakat lain yang sedang beraktivitas,"" pungkasnya.
Simak juga Video Wamenlu Anis Matta Nilai Aksi Demo Mahasiswa Tanda Demokrasi Sehat"
Hendropriyono: Saya dan Orang Dekat Tak Terlibat Aksi Penggulingan Pemerintah,https://news.detik.com/berita/d-8537927/hendropriyono-saya-dan-orang-dekat-tak-terlibat-aksi-penggulingan-pemerintah,Detik,berita,2026-06-19,"A.M. Hendropriyono menegaskan dirinya dan orang-orang dekatnya tidak terlibat dalam aksi penggulingan pemerintah yang sah. Menurutnya, tuduhan atau informasi tersebut adalah hoaks.
""Bahwa saya dan orang-orang yang ada di dekat saya tidak ada yang terlibat. Tidak ada teman-teman maupun keluarga yang tidak mendukung pemerintah,"" ujar Hendropriyono, saat menjawab pertanyaan terkait beredar isu tuduhan orang yang ada didekatnya berada di balik gerakan yang mengkritik keras pemerintah dan bagaimana komitmen sumpah prajurit, Jumat (19/6/2026).
""Kita semua tidak mendukung dan tidak memerintahkan siapa pun untuk melakukan kegiatan yang bertujuan menggulingkan pemerintah yang sah. Tidak benar,"" sambungnya.
Menurut Hendropriyono, penyampaian pendapat di muka umum harus tetap berada dalam koridor hukum dan konstitusional. Karena itu, ia menegaskan bahwa informasi yang menyebut dirinya mendukung penggulingan pemerintah adalah hoaks dan fitnah.
""Dalam negara kita, penyampaian pendapat di muka umum dalam demokrasi mesti tetap harus berada dalam koridor hukum dan konstitusi. Karena itu, segala tuduhan yang mengaitkan saya dan orang-orang di sekitar saya yang beragenda menggulingkan pemerintahan, tanpa bukti yang sah, itu adalah hoaks dan fitnah yang tidak dapat dipertanggungjawabkan,"" katanya.
Ia menyebut, sejak aktif sebagai anggota TNI hingga pensiun, dirinya tetap memegang teguh prinsip menjaga keutuhan Republik Indonesia serta stabilitas nasional.
""Sejak dulu, saya dan teman-teman tentara, yang sekarang purnawirawan, apalagi yang masih aktif, mengabdikan diri kepada negara dalam berbagai penugasan. Prinsip kami sama, menjaga keutuhan Republik Indonesia yang Pancasilais, UUD 1945, dan stabilitas nasional,"" katanya.
Ia mewanti-wanti agar masyarakat tidak mudah percaya informasi palsu. Masyarakat diminta mengecek setiap informasi yang diterima.
""Saya mengajak masyarakat untuk tidak mudah percaya terhadap hoaks, apalagi simulakra. Selalu periksa fakta sebelum menyebarkan informasi, jangan main forward aja,"" katanya.
Selain itu, Hendropriyono pun menyebut tidak ada hubungan antara kerabat dengan pilihan atau pandangan politik atau ideologi. Kedua hal tersebut tidak bisa disamakan.
""Anak, menantu, saudara, besan, maupun kerabat dapat saja memiliki pandangan politik yang berbeda. Tidak selalu sama,"" katanya.
""Dalam politik, setiap orang bertanggung jawab atas sikap dan tindakannya sendiri, bukan atas hubungan kekeluargaan. Kekerabatan tidak identik dengan kesamaan ideologi. Hubungan darah tidak dapat dijadikan bukti adanya hubungan politik. Itu yang harus dipegang kalau memang kita orang yang melek dan intelek,"" sambungnya.
Simak juga Video: Pedoman Berbangsa dalam 5 Pitutur Nusantara Menurut AM Hendropriyono"
Pengacara: Roy Suryo dan dr Tifa Ditangkap,https://news.detik.com/berita/d-8537985/pengacara-roy-suryo-dan-dr-tifa-ditangkap,Detik,berita,2026-06-19,"Pengacara mengatakan Roy Suryo dan dr Tifa ditangkap Polda Metro Jaya. Pengacara menyebut Roy Suryo dan dr Tifa ditangkap terkait kasus tudingan ijazah palsu Presiden ke-7 Joko Widodo (Jokowi).
""Hari ini, Jum'at 19 Juni 2026, pada sekira pukul 07.00, klien kami Roy Suryo Notodiprojo dikabarkan oleh istrinya telah ditangkap oleh penyidik Polda Metro Jaya. Pada saat yang bersamaan, kami juga mendapat info Tifauzia Tyassuma juga turut ditangkap,"" kata Petrus Selestinus kepada wartawan,Jumat (19/6/2026).
Petrus menyebut Roy ditangkap pagi tadi pukul 07.00 WIB. Pihaknya mengaku menerima informasi itu dari istri Roy.
""Hari ini, Jum'at 19 Juni 2026, pada sekira pukul 07.00, klien kami Roy Suryo Notodiprojo dikabarkan oleh istrinya telah ditangkap oleh penyidik Polda Metro Jaya,"" tuturnya.
Sementara itu pengacara dr Tifa, Azis Yanuar mengatakan kliennya sudah dibawa ke Polda Metro Jaya.
""Informasi tersebut disampaikan langsung oleh dr Tifa. Setelah dibawa ke Polda dr Tifa menunjukkan bukti bahwa dirinya saat ini berada di lingkungan Polda Metro Jaya. Dokter Tifa tampak berada di depan laptop dan menyampaikan bahwa dirinya sedang mengikuti ujian S3 Fakultas Kedokteran Universitas Indonesia (FKUI) dari suatu ruangan di Polda Metro Jaya,"" ujarnya.
Sementara itu, belum ada keterangan resmi dari Polda Metro Jaya perihal penangkapan Roy Suryo dan dr Tifa.
Polda Metro Jaya sebelumya mengatakan berkas perkara kasus tudingan ijazah palsu Presiden ke-7 RI Joko Widodo (Jokowi) yang menjerat Roy Suryo dan Tifauziah Tyassuma atau dr Tifa sudah lengkap alias P21. Keduanya pun akan segera disidang.
""Bahwa alhamdulillah jaksa sampai dengan hari ini sudah menyatakan bahwa berkas perkara yang kami kirimkan ke Kejati DKI, tidak memerlukan lagi pemenuhan atas kekurangan-kekurangan yang kemarin sudah kami penuhi,"" jelas Dirreskrimum Polda Metro Jaya Kombes Iman Imanuddin kepada wartawan di Mapolda Metro Jaya, Selasa (2/6).
""Sehingga kami saat ini sedang berkoordinasi untuk melimpahkan pertanggungjawaban barang bukti dan para tersangka tersebut,"" lanjutnya.
Dalam perkara tudingan ijazah palsu Jokowi ini, Polda Metro Jaya menetapkan total delapan orang sebagai tersangka. Polda Metro Jaya sudah menerbitkan surat perintah penghentian penyidikan (SP3) terhadap tiga tersangka.
Tiga tersangka yang proses penyidikannya telah dihentikan adalah Eggi Sudjana, Damai Hari Lubis, dan Rismon Sianipar.
Sementara lima tersangka lainnya memilih melanjutkan perkara tersebut. Ada dua klaster tersangka pada kasus ini.
Tersangka di klaster pertama adalah Kurnia Tri Royani, Rizal Fadilah, dan Rustam Effendi. Sedangkan di klaster kedua ada tersangka Roy Suryo dan Tifauziah Tyassuma atau dr Tifa.
Simak juga Video Roy Suryo Bantah Didanai JK di Kasus Ijazah Jokowi: Anti Uang Haram"
Erick Thohir dan John Herdman Bakal Temui Prabowo di Hambalang,https://news.detik.com/berita/d-8538563/erick-thohir-dan-john-herdman-bakal-temui-prabowo-di-hambalang,Detik,berita,2026-06-19,"Menteri Pemuda dan Olahraga (Menpora) Erick Thohir akan menghadap Presiden Prabowo Subianto di Hambalang, Jawa Barat, hari ini. Erick akan datang bersama pelatih Timnas sepak bola, John Herdman .
Sekretaris Kabinet (Seskab) Teddy Indra Wijaya membenarkan rencana pertemuan itu. Teddy mengatakan Erick akan melaporkan sejumlah program olahraga kepada Prabowo.
""Iya ada beberapa pertemuan sejak siang. Termasuk Pak Menpora meminta waktu ingin melaporkan beberapa program olahraga kepada Pak Presiden,"" kata Teddy kepada wartawan, Jumat (19/6/2026).
Dia mengatakan Erick, yang juga Ketum PSSI, akan memperkenalkan Herdman ke Prabowo. Herdman sendiri telah menjalani sejumlah laga bersama Timnas.
""Sekaligus mau mengenalkan Pelatih Timnas sepak bola John Herdman,"" tambahnya.
Teddy menyebut Erick akan menemui Prabowo pada pukul 16.00 WIB.
""(Presiden menerima) Pak Menpora sekitar jam 16.00 nanti,"" ujarnya."
"Andre Rosiade dan Walkot Pekanbaru Dukung MBG Dievaluasi, Bukan Dihentikan",https://news.detik.com/berita/d-8538270/andre-rosiade-dan-walkot-pekanbaru-dukung-mbg-dievaluasi-bukan-dihentikan,Detik,berita,2026-06-19,"Wakil Ketua Komisi VI DPR Fraksi Gerindra Andre Rosiade dan Wali Kota Pekanbaru Agung Nugroho mendukung keberlanjutan program Makan Bergizi Gratis ( MBG ) yang digagas Presiden Prabowo Subianto. Keduanya menegaskan program tersebut terus diperbaiki dan dievaluasi agar semakin tepat sasaran, bukan dihentikan.
Pernyataan itu disampaikan saat meninjau pelaksanaan MBG di SD Negeri 168 Pekanbaru, Labuh Baru Barat, Payung Sekaki, Pekanbaru, Riau, Jumat (19/6/2026). Keduanya sempat meninjau dapur MBG atau SPPG Payung Sekali yang menyuplai sekolah di sekitar.
Dalam sambutannya, Agung Nugroho melihat langsung dampak positif program MBG bagi masyarakat. Menurutnya, manfaat MBG tidak hanya dirasakan para siswa penerima makanan bergizi, tetapi juga membuka lapangan kerja serta menggerakkan ekonomi masyarakat melalui keterlibatan UMKM dan pemasok bahan pangan.
""Saya sudah bertemu ribuan bahkan jutaan masyarakat penerima manfaat. Mulai dari anak-anak, orang tua yang bekerja di SPPG, hingga UMKM yang memasok bahan makanan. Semua merasakan manfaatnya. Kalau ada kekurangan, tentu diperbaiki, bukan dihentikan,"" kata Agung.
Agung akan menyampaikan langsung kepada Prabowo melalui Andre Rosiade agar program MBG tetap dilanjutkan. Menurutnya, niat pemerintah memberikan makanan bergizi kepada anak-anak Indonesia adalah langkah mulia yang harus didukung semua pihak.
""Program ini baik. Yang perlu dilakukan adalah penyempurnaan, mulai dari anggaran, ketepatan sasaran hingga kualitas layanan. Semua program besar pasti membutuhkan proses,"" ujarnya.
Senada dengan itu, Andre Rosiade mengatakan Prabowo terbuka terhadap berbagai kritik dan masukan terkait pelaksanaan MBG. Namun, evaluasi dilakukan untuk memperbaiki program agar semakin efektif dan bebas dari penyimpangan.
""Presiden sudah menginstruksikan kabinet untuk memperbaiki MBG supaya lebih tepat sasaran, tidak ada kebocoran dan tidak ada yang menjadikannya bancakan. Kalau ada yang kurang, tentu kita perbaiki bersama,"" kata Andre.
Andre kemudian meminta pendapat langsung para wali murid dan siswa SD 168 Pekanbaru. Mayoritas peserta yang hadir menyatakan program MBG harus tetap dilanjutkan.
""Saya datang untuk mendengarkan langsung suara masyarakat. Apakah benar masyarakat ingin program ini dihentikan? Ternyata yang saya dengar dari wali murid dan siswa, mereka ingin MBG tetap berjalan karena manfaatnya nyata,"" ujar Ketua DPD Gerindra Sumbar itu.
Andre menjelaskan anggaran MBG merupakan bagian dari efisiensi APBN yang dilakukan Prabowo. Selain untuk MBG, dana hasil efisiensi juga digunakan untuk sektor pertanian, pembangunan irigasi, perbaikan sekolah, puskesmas, rumah sakit hingga infrastruktur dasar di berbagai daerah.
""Tujuan akhirnya adalah meningkatkan kualitas sumber daya manusia Indonesia. MBG adalah bagian dari upaya pemerintah menciptakan generasi yang sehat, cerdas dan bebas stunting,"" tegas Andre.
Kepala SD Negeri 168 Pekanbaru, Landriani Nurdin, juga menyampaikan apresiasi atas pelaksanaan program MBG di sekolahnya. Menurutnya, program tersebut telah memberikan manfaat nyata bagi para siswa.
""Kami mengucapkan terima kasih kepada Pak Prabowo, Pak Andre Rosiade dan Pak Agung Nugroho. Kehadiran MBG sangat membantu anak-anak kami dan membawa manfaat besar bagi sekolah,"" katanya."
Golkar Pertanyakan Apa yang Diseimbangkan PDIP di Luar Pemerintah,https://news.detik.com/berita/d-8538250/golkar-pertanyakan-apa-yang-diseimbangkan-pdip-di-luar-pemerintah,Detik,berita,2026-06-19,"Sekjen Partai Golkar Muhammad Sarmuji bicara soal posisi politik PDIP yang disorot PKB. Sarmuji menilai rakyat dapat menilai posisi politik PDIP yang disebut sebagai penyeimbang di luar pemerintahan.
""Terserah PDIP saja. Tapi kalau membaca komentar beberapa tokoh PDIP mereka berposisi sebagai penyeimbang. Kami menghormati posisi PDIP sebagai penyeimbang,"" kata Sarmuji kepada wartawan, Jumat (19/6/2026).
Sarmuji mengatakan saat ini PDIP tidak bergabung dalam pemerintahan Prabowo Subianto-Gibran Rakabuming Raka. Namun, Sarmuji juga mempertanyakan dengan peran penyeimbang yang diklaim PDIP.
""Yang jelas sampai sekarang PDIP tidak masuk di pemerintahan. Kalau praktek penyeimbang itu soal lain. Selama ini entah apa yang diseimbangkan? Nanti rakyat yang menilai,"" ujarnya.
""Istilah penyeimbang saja sebenarnya sudah bisa dibaca bagi yang mau membaca. Tidak perlu memaksa supaya jelas. Kita hormati saja,"" imbuh dia.
Sebelumnya, Ketua Fraksi PKB DPR Jazilul Fawaid meminta PDIP bersikap tegas terkait posisinya terhadap pemerintahan Presiden Prabowo Subianto. Jazilul mengatakan sikap yang tak jelas bisa menimbulkan kesan membingungkan.
""Saya harap, mengambil sikap yang tegas saja. Kalau di oposisi, oposisi. Jangan abu-abu. Karena, kami semua sedang berjuang keras untuk mewujudkan apa yang menjadi janji Pak Presiden. Semua program-program sudah ditata,"" kata Jazilul di kompleks parlemen, Senayan, Jakarta, Kamis (18/6). Jazilul menjawab pertanyaan wartawan soal dugaan keikutsertaan Andi Widjajanto dalam aksi demo beberapa hari lalu.
Sementara itu, Ketua DPP PDIP Andreas Hugo Pareira menjawab pernyataan Jazilul yang meminta PDIP bersikap tegas terkait posisinya terhadap pemerintahan Prabowo. Andreas menegaskan partainya merupakan partai penyeimbang di luar pemerintah.
""Partai penyeimbang di luar pemerintahan,"" kata Andreas kepada wartawan, Jumat (19/6).
""Itu keputusan kongres partai,"" sambungnya."
Trump Bikin Partai Republik Meradang Usai Teken MoU Iran,https://news.detik.com/internasional/d-8538553/trump-bikin-partai-republik-meradang-usai-teken-mou-iran,Detik,internasional,2026-06-19,"Kesepakatan damai Presiden Amerika Serikat Donald Trump dengan Iran menuai kritikan pedas dari sejumlah senator Partai Republik. Mereka memperingatkan bahwa kesepakatan tersebut jauh dari kemenangan besar yang dijanjikan Trump dan bisa membuat Teheran lebih kaya, lebih kuat, dan masih mampu mengancam kawasan tersebut.
Nota Kesepahaman (MoU), yang ditandatangani oleh Trump di Prancis pada Rabu (17/6) lalu, bertujuan untuk mengakhiri perang, membuka kembali Selat Hormuz yang vital, dan menstabilkan pasar energi setelah perang memicu kenaikan harga minyak dunia.
Namun, ketentuan-ketentuan dalam MoU tersebut telah membuat khawatir beberapa anggota Partai Republik. Mereka mengkritik Trump yang mereka sebut menawarkan keringanan sanksi kepada Iran, akses ke pasar minyak, dan prospek dana rekonstruksi sebesar US$300 miliar, tapi gagal mengamankan komitmen tegas tentang pengayaan uranium, rudal balistik, atau dukungan Teheran untuk proksi-proksi bersenjata.
Senator Republik, Bill Cassidy menyebut kesepakatan itu ""kesalahan kebijakan luar negeri terburuk dalam beberapa dekade.""
""Sebelum perang, selat itu terbuka, Iran dihancurkan oleh sanksi-sanksi dan 13 anggota militer masih hidup,"" tulisnya di media sosial X, dilansir kantor berita AFP , Jumat (19/6/2026). ""Sekarang, 13 warga Amerika tewas, keluarga telah membayar miliaran dolar untuk bahan bakar, sanksi akan dicabut, dan bombardir telah berhenti.""
Roger Wicker, ketua Komite Angkatan Bersenjata Senat yang berpengaruh, menyebut MoU itu ""sama sekali tidak sesuai"" dengan tujuan Trump. Dia pun mengecam pencabutan sanksi dan pencairan dana ""sebagai imbalan atas persetujuan Iran untuk bernegosiasi selama 60 hari lagi.""
""Secara khusus, dana US$300 miliar untuk rekonstruksi dan pembangunan ekonomi Iran -- meskipun tidak didanai oleh pembayar pajak AS -- akan membuat pembayaran Iran berdasarkan kesepakatan Presiden Obama tahun 2015 terlihat seperti jumlah yang sangat kecil jika dibandingkan,"" katanya dalam sebuah pernyataan, mengacu ke perjanjian nuklir dengan Iran semasa pemerintahan Presiden AS Barack Obama.
Senator Texas, John Cornyn mengatakan kepada wartawan bahwa ia khawatir kesepakatan itu mungkin hanya ""sekadar jeda,"" sehingga Iran dapat membangun kembali persenjataannya dan terus memperkaya uranium.
Adapun Partai Demokrat kompak menentang kesepakatan tersebut. Mereka berpendapat bahwa Trump melancarkan perang yang mahal hanya untuk menerima kesepakatan, yang sebagian besar mengembalikan status quo sebelum perang, sambil memberikan pengaruh baru kepada Teheran.
""Semua orang yang membeli bukunya Trump 'The Art of the Deal' seharusnya meminta pengembalian dana karena apa yang telah dilakukan Trump di Iran adalah 'The Art of the Disaster',"" cetus pemimpin Partai Demokrat di Senat, Chuck Schumer, dalam pidatonya di sidang pleno.
Trump sendiri membela kesepakatan itu sebagai cara praktis untuk membuka kembali Selat Hormuz, yang biasanya dilalui sekitar seperlima minyak mentah global. Ia mengatakan kesepakatan itu belum final, dan memperingatkan bahwa Amerika Serikat dapat melanjutkan serangan jika negosiasi gagal."
"Viral Gunung Lawu Disebut Bakal Erupsi Besar, PVMBG: Hoax!",https://news.detik.com/berita/d-8538538/viral-gunung-lawu-disebut-bakal-erupsi-besar-pvmbg-hoax,Detik,berita,2026-06-19,"Sebuah unggahan viral menyebut Gunung Lawu masuk daftar gunung yang diperkirakan akan mengalami erupsi besar dalam waktu dekat karena diduga terjadi kenaikan magma. Pusat Vulkanologi dan Mitigasi Bencana Geologi (PVMBG) memastikan informasi tersebut hoax.
Dilansir detikJatim , Jumat (19/6/2026), Ketua Tim Gunung Api Pusat Vulkanologi dan Mitigasi Bencana Geologi (PVMBG), Heruningtyas Desi Purnamasari menjelaskan, Gunung Lawu merupakan gunung api tipe B. Artinya, Gunung Lawu tidak memiliki catatan erupsi magmatik setelah tahun 1600.
""Memang Gunung Lawu saat ini tipenya B ya, atau gunung api tipe B itu disebut juga gunung api yang ketika erupsi magmatik ya itu minimal satu kali dari tahun 1600 sampai sebelumnya. Jadi sejak 1600 itu Gunung Lawu belum pernah erupsi lagi,"" jelas Heruningtyas saat dihubungi detikJatim.
""Setelah ditelusuri oleh tim kami, ini memang ada akun yang dia itu khusus untuk menyebarkan berita-berita hoaks seperti itu ya. Jadi, dia tuh tidak hanya terkait tentang gunung api, tapi juga terkait tentang adanya gempa besar, tsunami, segala macam,"" imbuhnya.
Ia membeberkan, berbeda dengan gunung api tipe A, Gunung Lawu tidak memiliki status atau tingkat aktivitas gunung api yang dibagi dalam level normal, waspada, siaga, dan awas. Sebab, status tersebut hanya berlaku untuk gunung api tipe A yang dipantau secara intensif oleh PVMBG.
""Nah, kalau untuk gunung api tipe B itu tidak ada level aktivitas, tingkat aktivitas atau status gunung apinya,"" ujarnya.
Ia menambahkan, pihaknya sempat menerima laporan masyarakat terkait dugaan aktivitas anomali di Gunung Lawu. Menindaklanjuti laporan tersebut, tim dari Balai Penyelidikan dan Pengembangan Teknologi Kebencanaan Geologi (BPPTKG) diterjunkan untuk melakukan survei geokimia, termasuk pengukuran gas dan analisis data lainnya. Namun, hasil penyelidikan menunjukkan kondisi Gunung Lawu masih normal.
Baca berita selengkapnya di sini ."
"Karyawan 4 Kali Curi Kain Bahan di Konfeksi Jakbar, Hasilnya Buat Main Judol",https://news.detik.com/berita/d-8538533/karyawan-4-kali-curi-kain-bahan-di-konfeksi-jakbar-hasilnya-buat-main-judol,Detik,berita,2026-06-19,"Polisi mengungkap motif WS (24) mencuri kain dari sebuah konfeksi tempatnya bekerja di wilayah Tambora, Jakarta Barat (Jakbar). Pelaku mencuri kain bahan karena kebiasaan bermain judi online (judol).
""Berdasarkan hasil pemeriksaan, motif pelaku melakukan pencurian dipicu oleh tekanan ekonomi serta kebiasaan bermain judi online,"" kata Kanit Reskrim Polsek Tambora Polres Metro Jakarta Barat AKP Sudrajat Djumantara kepada wartawan, Jumat (19/6/2026).
Pelaku disebut menjual kain hasil curiannya tersebut. Hasilnya dipakai untuk membayar utang ataupun main judi online.
""Uang hasil penjualan kain curian digunakan untuk membayar utang dan memenuhi kebutuhan bermain judi slot,"" bebernya.
Pelaku telah melakukan pencurian di tempat kerjanya selama beberapa kali. Pada aksi terkahirnya, pelaku sempat mencari barang berharga di sana.
""Namun karena tidak menemukan barang yang diinginkan, pelaku kemudian membawa kabur dua rol kain milik perusahaan,"" ujarnya.
Pelaku Baru Kerja Sebulan
Sebelumnya, pencurian kain gulungan (rol) dari sebuah rumah konfeksi terjadi di wilayah Tambora, Jakbar. Pelakunya ternyata karyawan di rumah konfeksi tersebut, yakni WS (24).
Kanit Reskrim Polsek Tambora Polres Metro Jakarta Barat AKP Sudrajat Djumantara mengatakan pelaku telah ditangkap oleh penyidik. Pelaku baru bekerja di rumah konfeksi itu selama satu bulan.
""Pelaku diamankan setelah aksinya mencuri bahan kain milik perusahaan diketahui oleh pemilik usaha dan dilaporkan kepada pihak kepolisian,"" kata dia.
Berdasarkan hasil pemeriksaan, pelaku diketahui telah melancarkan aksinya itu sebanyak empat kali dalam waktu satu bulan. Pelaku memanfaatkan keamanan lingkungan tempat kerjanya dalam beraksi."
Jokowi Bicara soal Proses Hukum Roy Suryo-dr Tifa di Polda Metro Jaya,https://news.detik.com/berita/d-8538526/jokowi-bicara-soal-proses-hukum-roy-suryo-dr-tifa-di-polda-metro-jaya,Detik,berita,2026-06-19,"Presiden ke-7 RI, Joko Widodo ( Jokowi ) merespons perkembangan terbaru kasus tudingan ijazah palsu. Jokowi menegaskan siap datang langsung ke persidangan membawa ijazah asli.
""Ya kita, kita ikuti proses hukum yang ada sampai nanti di sidang pengadilan. Karena nanti pengadilan lah yang akan memutuskan. Kita ikuti, kita ikuti,"" kata Jokowi ditemui di Kediaman Sumber, Banjarsari, Solo, Jumat (19/6/2026).
Jokowi juga memastikan rencana kehadirannya dalam persidangan terkait sengketa ijazah. Mantan Wali Kota Solo ini memastikan dirinya akan hadir langsung di persidangan.
""Iya, akan hadir,"" jawab Jokowi singkat.
Mantan Wali Kota Solo itu juga menegaskan komitmennya untuk membuktikan keaslian dokumen pendidikannya. Ia menyatakan bakal membawa ijazah aslinya ke hadapan majelis hakim sebagai bukti otentik.
""Iya (bawa ijazah asli), sesuai yang sudah saya sampaikan,"" tegasnya.
Terkait keberadaan fisik ijazah tersebut, Jokowi mengungkapkan bahwa dokumen asli miliknya saat ini masih berada di pihak Polda Metro Jaya untuk kepentingan prosedur yang ada.
""Iya, masih di Polda,"" pungkas Jokowi.
Baca selengkapnya di sini"
Dunia Hari Ini: Ukraina Ancam Moskow Akan Terbakar Jika Serangan Berlanjut,https://news.detik.com/abc-australia/d-8538511/dunia-hari-ini-ukraina-ancam-moskow-akan-terbakar-jika-serangan-berlanjut,Detik,abc-australia,2026-06-19,"Anda sedang membaca laporan Dunia Hari Ini, Jumat 19 Juni 2026.
Rangkuman berita-berita terkini kita awali dengan perkembangan perang antara Ukraina dan Rusia.
Presiden Ukraina Volodymyr Zelenskyy mengatakan serangan drone besar-besaran terhadap Rusia adalah pembalasan atas serangan yang merusak sebuah biara bersejarah di Kyiv, pekan ini.
""Jika Ukraina terbakar, Moskow Anda akan terbakar,"" kata Zelenskyy, saat serangan terus berlanjut.
Puluhan drone menargetkan Moskow, dalam serangan terbesar Ukraina terhadap ibu kota Rusia, yang menghantam kilang minyak untuk kedua kalinya, pekan ini.
""Kami tidak menginginkan perang ini, kami tidak pernah menginginkannya, dan semua orang tahu itu, dan mitra kami juga tahu itu,"" kata Zelenskyy dalam pesan suara kepada wartawan di grup WhatsApp.
Awal pekan lalu, setidaknya 10 orang tewas di Ukraina dalam serangan drone dan rudal yang merusak biara Kyiv Pechersk Lavra yang berusia 1.000 tahun.
Mantan Presiden Joko Widodo meminta Partai Solidaritas Indonesia (PSI) untuk mengawal Presiden Prabowo Subianto bersama Wakil Presiden Gibran Rakabuming Raka untuk periode kedua.
Pernyataan tersebut disampaikan oleh Ketua DPP PSI Bestari Barus kepada wartawan, Kamis kemarin (18/06), dikutip Detik.
Bestari membantah adanya ""matahari kembar"", terkait rencana Jokowi untuk keliling Indonesia.
""Tadi pun saya dititip pesan ya jaga keharmonisan di internal. Dan juga ingatkan untuk kawan-kawan di mana pun itu, mendukung pasangan Pak Prabowo-Gibran ini gitu, mau matahari apa lagi,"" katanya.
Singapura menggeser Swiss dari posisi nomor satu daya saing ekonomi di dunia.
Swiss turun ke peringkat ketiga dalam daftar peringkat susunan sekolah bisnis IMD, yang menilai kinerja ekonomi, efisiensi bisnis dan pemerintah, serta infrastruktur di 70 negara.
Hong Kong mengungguli Swiss di posisi kedua, sementara Taiwan dan Uni Emirat Arab masing-masing berada di posisi keempat dan kelima.
Amerika Serikat berada di posisi ke-10, dan Venezuela di posisi terakhir.
Profesor IMD Arturo Bris mengatakan penurunan peringkat yang dialami Swiss sebagian besar disebabkan oleh kinerja ekonomi yang lebih lemah dengan tingginya tarif AS dan investasi asing langsung yang lebih rendah tahun lalu.
Seorang anak laki-laki berusia tiga tahun dalam kondisi kritis setelah terluka di kandang buaya di sebuah kebun binatang populer di Inggris.
Kepolisian Cambridgeshire mengatakan pihaknya menangkap seorang pria berusia 30 tahun atas dugaan percobaan pembunuhan menyusul insiden tersebut.
Beberapa media melaporkan anak tersebut dilempar, tetapi ABC belum dapat memverifikasi laporan tersebut.
Polisi dipanggil ke Johnsons of Old Hurst, atau dikenal juga sebagai Johnsons Zoo, tak lama setelah pukul 1 siang waktu setempat pada Kamis (18/06), setelah ada laporan bocah tersebut berada di kandang buaya di tempat wisata tersebut.
Ia menderita luka serius dan berada dalam kondisi kritis tetapi stabil."
Sempat-sempatnya Perampok di Riau Nyebat Rokok Usai Berkali-kali Tikam Kasir,https://news.detik.com/berita/d-8538505/sempat-sempatnya-perampok-di-riau-nyebat-rokok-usai-berkali-kali-tikam-kasir,Detik,berita,2026-06-19,"Perampokan sadis terjadi di sebuah kantor perusahaan di Kabupaten Pelalawan, Provinsi Riau, mengakibatkan seorang kasir, wanita berinisial PT (25), terluka bersimbah darah. Setelah melakukan aksi sadisnya itu, pelaku Jodi Alfandi (27) masih sempat mengisap sebatang rokok.
""Iya, jadi habis menusuk korban itu, korban dalam keadaan lemas dan pelaku sempat merokok,"" kata Kasat Reskrim Polres Pelalawan, AKP Bayu Ramadhan Effendi, dalam keterangannya, Jumat (19/6/2026).
Tak hanya itu, pelaku juga sempat mencuci tangannya yang terluka akibat sayatan gunting ketika bergulat dengan korban. Setelah berhasil menggasak uang Rp 76 juta dari brankas, pelaku kabur dan sempat menutup pintu.
""Pelaku juga sempat merusak kamera CCTV dengan batu sebelum kabur,"" imbuhnya.
Peristiwa berdarah itu terjadi di kantor perusahaan di Jalan Lintas Timur Km 43, Desa Kiyap Jaya, Kecamatan Bandar Sei Kijang, Kabupaten Pelalawan, pada Rabu (17/6) sore. Mulanya, pelaku bernama Jodi datang ke lokasi untuk memantau situasi.
Pelaku datang berpura-pura menumpang ke toilet. Di sana dia mengambil gunting untuk dijadikan sebagai senjata.
Berselang sekitar dua jam kemudian, tepatnya pukul 16.50 WIB, pelaku datang kembali ke kantor yang pintunya terbuka. Seketika itu pelaku mengancam dan menodongkan gunting memaksa korban untuk menyerahkan kunci brankas.
Korban menolak dan berteriak meminta tolong. Pelaku lalu menganiaya korban hingga menusuknya sebanyak 22 kali.
Korban pun tidak berdaya lagi dan tersungkur lemas bersimbah darah. Pelaku kemudian merampas kunci brankas yang ada di meja kasir.
Setelah pelaku melarikan diri, korban dalam kondisi lemah kemudian mengambil handphone . Dia lalu mengirim pesan WhatsApp kepada rekannya, Agung, disertai foto wajahnya yang berdarah-darah.
""Tolong Gung, aku mau dibunuh,"" demikian isi chat korban kepada temannya ditirukan oleh AKP Bayu.
Rekan korban kemudian datang bersama saksi. Karena pintu terkunci, rekan korban memanggil warga hingga mereka bersama-sama masuk ke dalam kantor dan mendapati korban tergeletak bersimbah darah.
Korban kemudian dibawa ke rumah sakit. Dalam perjalanan ke rumah sakit, rekan korban menghubungi call center Polri 110 dan melaporkan peristiwa tersebut.
Tim Satreskrim Polres Pelalawan melakukan penyelidikan dan pengejaran terhadap pelaku. Pengejaran berlangsung dramatis diwarnai perlawanan pelaku hingga akhirnya polisi melumpuhkannya dengan timah panas.
Pelaku disergap dalam perjalanan dari Pekanbaru ke Bandar Seikijang. Saat dicegat, pelaku berusaha menabrakkan kendaraannya kepada salah satu petugas hingga petugas terpaksa menembaknya di bagian kaki setelah peringatan tak diindahkan.
""Karena pelaku melakukan perlawanan, sehingga tim melakukan tindakan tegas terukur dan berhasil melumpuhkan pelaku,"" ujarnya.
Polisi kemudian melakukan penangkapan dan penggeladahan. Hasil penggeledahan ditemukan uang tunai Rp 36.370.000 ada padanya, yang diakuinya merupakan hasil perampokan."
"Baru Sebulan Kerja, Karyawan Konfeksi di Jakbar 4 Kali Curi Kain Bahan",https://news.detik.com/berita/d-8538496/baru-sebulan-kerja-karyawan-konfeksi-di-jakbar-4-kali-curi-kain-bahan,Detik,berita,2026-06-19,"Pencurian kain gulungan (rol) dari sebuah rumah konfeksi terjadi di wilayah Tambora, Jakarta Barat (Jakbar). Pelakunya ternyata karyawan di rumah konfeksi tersebut, yakni WS (24).
Kanit Reskrim Polsek Tambora Polres Metro Jakarta Barat AKP Sudrajat Djumantara mengatakan pelaku telah ditangkap oleh penyidik. Pelaku baru bekerja di rumah konfeksi itu selama satu bulan.
""Pelaku diamankan setelah aksinya mencuri bahan kain milik perusahaan diketahui oleh pemilik usaha dan dilaporkan kepada pihak kepolisian,"" kata dia, Jumat (19/6/2026).
Berdasarkan hasil pemeriksaan, pelaku diketahui telah melancarkan aksinya itu sebanyak empat kali dalam waktu satu bulan. Pelaku memanfaatkan keamanan lingkungan tempat kerjanya dalam beraksi.
""Pelaku merupakan karyawan baru yang bekerja sekitar satu bulan. Namun dalam waktu tersebut, yang bersangkutan melihat adanya peluang dan memanfaatkan situasi untuk melakukan pencurian bahan kain sebanyak empat kali,"" ujarnya.
Akibat pencurian itu, pihak rumah konfeksi mengalami kerugian sekitar Rp 2 juta. Korban kemudian melaporkan kejadian itu kepada pihak kepolisian.
""Setelah menerima laporan, Unit Reskrim Polsek Tambora segera melakukan serangkaian penyelidikan hingga akhirnya berhasil mengamankan pelaku beserta barang bukti yang berkaitan dengan tindak pidana tersebut,"" bebernya.
Pelaku kemudian dibawa ke kantor polisi guna penyelidikan lebih lanjut. Atas perbuatannya, pelaku akan diproses sesuai ketentuan hukum yang berlaku."
Ambisi Besar Maroko di Balik Piala Dunia 2030,https://news.detik.com/dw/d-8538494/ambisi-besar-maroko-di-balik-piala-dunia-2030,Detik,dw,2026-06-19,"Bagi para penggemar sepak bola Maroko, hasil imbang 1-1 melawan Brasil di laga pembuka Piala Dunia 2026 hanyalah awal mula. Mereka berharap tim nasional kembali mencetak sejarah setelah berhasil menembus semifinal pada Piala Dunia 2022.
Namun, di tengah perhatian pada turnamen yang mulai berlangsung sejak Juni 2026, Maroko sudah menatap ke 2030. Bersama Spanyol dan Portugal, negara ini akan menjadi tuan rumah Piala Dunia.
Menjadi tuan rumah Piala Dunia berarti lebih dari sekadar menggelar ajang olahraga global, khususnya untuk Maroko. Negara di Afrika Utara ini sebelumnya lima kali gagal dalam pencalonan, hingga akhirnya FIFA memberikan hak tuan rumah pada Desember 2024.
Para pengamat menilai Piala Dunia menjadi salah satu proyek prestisius terpenting Raja Mohammed VI, sekaligus bagian dari strategi modernisasi yang lebih luas, terutama bagi kesuksesan tim nasional sepak bola Maroko.
""Piala Dunia menjadi katalis bagi perkembangan ekonomi Maroko,"" kata Steven Hoefner, Direktur kantor Yayasan Konrad Adenauer di Rabat, Ibukota Maroko, kepada DW. Ia menyebut Maroko tengah mengalami perubahan struktural besar. Di tengah perubahan iklim dan kekeringan, sektor pertanian mulai menurun, sementara industri, jasa, dan pariwisata berkembang.
Isabelle Werenfels dari lembaga penelitian SWP di Berlin juga menilai dampak Piala Dunia jauh melampaui olahraga. ""Piala Dunia memiliki banyak dimensi, pemerintah memanfaatkan turnamen ini untuk mendorong agenda modernisasi dan melegitimasi investasi besar di dalam negeri,"" ujarnya kepada DW.
Saat ini, Maroko menggelontorkan dana yang besar untuk stadion, bandara, jalur kereta, dan jalan. Studi dari lembaga pemikir Spanyol Real Instituto Elcano menyebut Piala Dunia 2030 sebagai instrumen ""soft power"" negara itu.
Turnamen ini diharapkan dapat memperbaiki citra internasional, menarik investasi baru, serta memperkuat posisi negara tersebut di Afrika. Tujuannya adalah membangun citra sebagai negara yang terbuka, toleran, dan sedang berkembang pesat, serta mampu mengelola proyek berskala besar.
Tujuan lainnya adalah meningkatkan visibilitas internasional, yang disebut Hoefner sebagai salah satu prioritas utama pemerintah. Karena tidak memiliki cadangan minyak dan gas besar, Maroko semakin mengandalkan pengaruh politik dan budaya. Piala Dunia diharapkan mampu menampilkan negara ini sebagai pusat ekonomi dan investasi yang modern.
Namun, investasi besar ini juga menuai kontroversi. Tahun lalu, ribuan anak muda dari generasi Z turun ke jalan memprotes rencana Piala Dunia. ""Protes ini secara khusus ditujukan pada proyek infrastruktur berskala besar,"" kata Werenfels.
Para pengkritik menilai anggaran untuk stadion dan proyek prestisius seharusnya dialihkan ke sektor lain seperti pendidikan dan kesehatan.
Sementara itu, Hoefner melihat protes tersebut bukan semata penolakan terhadap Piala Dunia, melainkan soal prioritas pembangunan. Ia menilai penerimaan publik dalam jangka panjang akan bergantung pada apakah masyarakat benar-benar merasakan manfaat dari investasi tersebut.
Hal ini menyoroti keterkaitan Piala Dunia dengan tantangan utama negara. Analisis dari Carnegie Endowment for International Peace menunjukkan Maroko telah membuat kemajuan signifikan dalam 25 tahun terakhir.
Harapan hidup, pendapatan, tingkat pendidikan meningkat, dan investasi infrastruktur yang besar. Maroko kini juga menjadi eksportir otomotif terbesar di Afrika.
Namun, masih ada tantangan lain, seperti tingginya pengangguran di kalangan muda, ketimpangan antarwilayah, dan kelemahan sistem pendidikan. ""Keberhasilan Maroko tidak dapat disangkal, tetapi jalan ke depan masih penuh tantangan,"" tulis laporan tersebut.
Perasaan campur aduk ini juga terasa di masyarakat. ""Banyak orang mengeluhkan biaya hidup yang meningkat, tetapi juga bangga dengan perubahan yang terlihat di kota-kota mereka,"" kata Werenfels.
Infrastruktur transportasi baru, fasilitas olahraga, dan ruang publik dipandang positif. Namun, relokasi dan pembongkaran untuk proyek pembangunan juga membawa dampak sosial.
Karena itu, pertanyaan apakah Piala Dunia akan meninggalkan pembangunan berkelanjutan atau sekadar proyek mahal menjadi perdebatan sengit. ""Untuk infrastruktur olahraga, masih ada pertanyaan soal pemanfaatan jangka panjang,"" kata Hoefner.
Stadion Hassan II yang direncanakan dibangun dekat Casablanca, dengan kapasitas sekitar 115.000 penonton dan berpotensi menjadi yang terbesar di dunia, harus membuktikan keberlanjutannya.
Kekhawatiran juga muncul dari sisi lingkungan. ""Maroko menghadapi masalah air yang serius,"" ujar Werenfels. Hal ini menimbulkan pertanyaan tentang sejauh mana pariwisata dapat berkelanjutan, serta apakah pembangunan tertentu akan mengorbankan sektor lain, terutama pertanian.
Meski begitu, banyak pihak berharap Piala Dunia dapat memicu lonjakan pembangunan. Real Instituto Elcano bahkan membandingkannya dengan Olimpiade 1992 yang mengangkat posisi Spanyol di panggung global.
Piala Dunia 2030 dinilai berpotensi menjadi titik balik serupa bagi Maroko. Namun, apakah harapan tersebut akan terwujud tidak hanya bergantung pada stadion baru atau prestasi di lapangan.
Ujian sesungguhnya adalah apakah Maroko mampu menyeimbangkan modernisasi ekonomi, pembangunan sosial, dan ambisi proyek prestisius. Piala Dunia 2030 bukan sekadar ajang olahraga, melainkan ujian arah masa depan negara dan visi politik kerajaan.
Artikel ini pertama kali terbit dalam Bahasa Jerman
Diadaptasi oleh Iryanda Mardanuz
Editor: Rizki Nugraha"
Pemprov Jabar Perluas Cakupan BPJS Ketenagakerjaan bagi Pekerja Informal,https://news.detik.com/berita/d-8538385/pemprov-jabar-perluas-cakupan-bpjs-ketenagakerjaan-bagi-pekerja-informal,Detik,berita,2026-06-19,"Pemerintah Provinsi Jawa Barat (Pemprov Jabar) berupaya memperluas cakupan perlindungan BPJS Ketenagakerjaan, khususnya bagi pekerja informal dan pekerja rentan. Gubernur Jabar Dedi Mulyadi (KDM) mengatakan program BPJS Ketenagakerjaan memberikan manfaat nyata bagi masyarakat yang mengalami kecelakaan kerja.
Hal tersebut disampaikan KDM seusai menghadiri kegiatan 'Apresiasi Penerima Manfaat BPJS Ketenagakerjaan' di Bale Gede Pakuan, Gedung Pakuan, Kota Bandung. Dalam kegiatan tersebut, BPJS Ketenagakerjaan bersama Pemprov Jabar menyerahkan manfaat kepada 1.515 peserta dengan total nilai manfaat mencapai Rp 49,3 miliar.
Ia mencontohkan pekerja bangunan yang meninggal dunia setelah menjalani perawatan di rumah sakit. Seluruh biaya pengobatan ditanggung BPJS Ketenagakerjaan dan keluarganya menerima santunan sebesar Rp 42 juta.
""Saya ketemu lagi sama Bapak yang mengalami kecelakaan dilindas kontainer, biaya rumah sakitnya Rp 442 juta dibayar semuanya oleh BPJS Ketenagakerjaan plus jaminan setelah dia selesai dari rumah sakit kan tidak bekerja, Rp 1 juta per bulan,"" ujar KDM, dalam keterangan tertulis, Jumat (19/6/2026).
Menurut KDM, kisah-kisah tersebut menjadi bukti program jaminan sosial ketenagakerjaan (jamsostek) memiliki peran penting dalam menjaga ketahanan ekonomi keluarga pekerja saat menghadapi risiko kerja.
Pemprov Jabar akan terus menambah jumlah pekerja yang mendapatkan perlindungan BPJS Ketenagakerjaan sesuai kemampuan keuangan daerah.
Upaya tersebut akan dilakukan melalui sinergi antara pemerintah provinsi (pemprov), pemerintah kabupaten/kota (pemkab/pemkot), hingga pemerintah desa.
""Misalnya tahun ini kita Rp 1 juta, mudah-mudahan ke depan bisa Rp 2 juta atau Rp 3 juta. Ya 'nuhun-nuhun' bisa Rp 10 juta,"" kata KDM.
KDM juga meyakini perlindungan yang semakin luas bagi pekerja rentan dapat menjadi salah satu instrumen untuk menekan angka kemiskinan di Jabar.
""Nah kalau seluruh rakyat Jawa Barat yang bukan TNI, polisi, karyawan BUMN, ASN, karyawan perusahaan yang tidak terlindungi oleh asuransi ketenagakerjaan semuanya dilindungi, maka tidak akan ada lagi kemiskinan di Jawa Barat,"" kata KDM.
KDM menegaskan perluasan kepesertaan akan difokuskan pada sektor informal yang selama ini belum sepenuhnya mendapatkan perlindungan jamsostek.
""Kalau BPJS Kesehatan sudah menjadi kewajiban Undang-undang. Yang belum menjadi kewajiban undang-undang kan BPJS Ketenagakerjaan,"" tegas KDM.
""Jadi kami akan garap yang belum menjadi kewajiban undang-undang,"" sambungnya.
Sementara itu, Direktur Human Capital dan Umum BPJS Ketenagakerjaan Harjono Siswanto mengapresiasi langkah Pemprov Jabar dalam memperluas Universal Coverage Jamsostek (UCJ).
Menurut Harjono, program yang dijalankan Jabar dapat menjadi contoh bagi daerah lain di Indonesia.
Harjono mengatakan BPJS Ketenagakerjaan akan terus memperkuat kolaborasi dengan pemerintah daerah untuk memperluas perlindungan bagi pekerja rentan dan pekerja informal, termasuk melalui dukungan pembiayaan dari pemerintah daerah (pemda).
""Kami terus berkolaborasi dan bersinergi antara pemerintah provinsi, pemerintah kabupaten/kota, dan jajaran BPJS Ketenagakerjaan di daerah untuk memperluas perlindungan pekerja, termasuk melalui subsidi dari pemerintah daerah,"" kata Harjono.
Harjono optimistis praktik baik yang dilakukan Pemprov Jabar dapat direplikasi di berbagai daerah, sehingga semakin banyak pekerja Indonesia yang mendapatkan perlindungan jamsostek."
Catat! Ini Jam Operasional Ancol Selama Liburan Sekolah,https://news.detik.com/berita/d-8538398/catat-ini-jam-operasional-ancol-selama-liburan-sekolah,Detik,berita,2026-06-19,"Ancol bisa menjadi pilihan destinasi untuk berwisata saat libur sekolah. Selama libur sekolah, Ancol buka setiap hari hingga malam.
Berdasarkan informasi resmi dari pengelola Ancol, berikut jam operasional Ancol saat libur sekolah.
Kereta Commuter Line (KRL) adalah salah satu transportasi umum yang bisa digunakan untuk mengunjungi Ancol. Berikut rute perjalanan kereta dan letak stasiun terdekat dari Ancol."
"Dalam 2 Bulan, Polisi Tangkap 21 Pengedar-Perantara Narkoba di Cilegon",https://news.detik.com/berita/d-8538475/dalam-2-bulan-polisi-tangkap-21-pengedar-perantara-narkoba-di-cilegon,Detik,berita,2026-06-19,"Satuan Reserse Narkoba (Satnarkoba) Polres Cilegon menangkap 21 pelaku penyalahgunaan narkoba. Ribuan paket sabu-sabu disita dari tangan para pelaku.
Puluhan pelaku ini ditangkap dalam kurun Mei-Juni 2026. Polisi merinci ada 12 berstatus pengedar, 5 orang pemakai, dan 4 orang selaku perantara jual-beli.
""Saat ini para pelaku sudah diamankan dan dilakukan penahanan di Polres Cilegon. Barang bukti sudah dilakukan uji lab di Puslabfor Polri. Pengungkapan kasus selama periode Mei-Juni 2026 diperkirakan 6.185 jiwa dari potensi penyalahgunaan narkotika dan obat terlarang,"" kata Wakapolres Cilegon Kompol Ridzky Salatun, Jumat (19/6/2026).
Ridzky mengatakan, dari 21 pelaku, satu di antaranya perempuan. Pelaku ini berperan sebagai perantara antara pengedar dan pembeli.
Tugasnya, pelaku berinisial ML sebagai perantara yang berkomunikasi dengan bandar narkoba di Jakarta. ""Perempuan itu adalah ML, ini adalah perantara gudang di mana BB yang kita amankan sebanyak 763,05 gram bruto dengan jumlah paket 330 paket dan juga ekstasi 371 butir,"" ujarnya.
Hasil penyelidikan, polisi menemukan transaksi jual beli sabu dari rekening ML mencapai Rp 1 miliar per bulan. Saat penangkapan, polisi menyita uang dari tersangka ML sebanyak Rp 84 juta.
""Ini kasus bagus karena pelaku masih menggunakan rekening atas nama pribadi. Kita dapat rekening koran kita lihat aliran dananya dan diakui mencapai lebih dari 1 miliar,"" ujarnya."
"AHY: 1.397 MTs Bakal Direvitalisasi, Telan Anggaran Rp 4 Triliun",https://news.detik.com/berita/d-8538468/ahy-1-397-mts-bakal-direvitalisasi-telan-anggaran-rp-4-triliun,Detik,berita,2026-06-19,"Menteri Koordinator Bidang Infrastruktur dan Pembangunan Kewilayahan Agus Harimurti Yudhoyono (AHY) mengatakan, 1.397 bangunan Madrasah Tsanawiyah (MTs) akan masuk program prioritas rehabilitasi bangunan sekolah. Anggaran yang disiapkan untuk perbaikan mencapai hingga Rp 4 triliun.
""Ini merupakan Impress nomor 7 tahun 2025, yang secara umum perlu saya laporkan disini ada kurang lebih 1.400 Madrasah Tsanawiah, tepatnya 1.397 di seluruh Indonesia. Ini memakan anggaran kurang lebih 4 triliun rupiah (untuk) renovasi, rehabilitasi dan sekali lagi penguatan secara infrastruktur,"" kata AHY saat kunjungan ke Mts Negeri Kota Bogor, Jumat (19/6/2026).
AHY menyebutkan, pada tahap pertama dilakukan penguatan infrastruktur terhadap 548 madrasah dengan anggaran Rp 1,3 triliun. Sedangkan pada tahap dua, rehabilitasi dilakukan terhadap 849 madrasah dengan anggaran mencapai Rp 2,35 triliun.
""Ada sekian tahap yang telah dijalankan. Tahap pertama itu di 548 Madrasah. Ini single year contract, yaitu pada tahun 2025 dan telah memakan anggaran kurang lebih 1,3 triliun,"" kata AHY.
""Sedangkan pada tahap 2, ini ada yang sifatnya single year contract, itu di satu provinsi di Kalimantan Barat kurang lebih 60 miliar rupiah, dan di 13 Madrasah. Sedangkan ada yang sifatnya multi year contract 2025-2026, ini yang paling banyak 836 Madrasah dan progresnya secara umum per hari ini 62 persen dan khusus di Madrasah ini tadi 95 persen, memakan anggaran kurang lebih 2,35 triliun rupiah,"" imbuhnya.
AHY menyebutkan, program prioritas penguatan infrastruktur sekolah merupakan respon dari insiden bangunan pesantren roboh di Sidoarjo, Jawa Timur beberapa waktu lalu. Sasaran perbaikan merupakan gedung sekolah yang berada di bawah naungan Kementerian Pendidikan dan Kementerian Agama.
""Ini juga merupakan respon terhadap insiden tahun lalu di Sidoarjo, Jawa Timur. Di bulan September yang lalu, bahwa ada bangunan di Pondok Pesantren yang roboh, mengakibatkan korban jiwa yang tentunya sangat memilukan,"" kata AHY.
Dia menjelaskan, program penguatan infrastruktur sekolah merupakan program penting dalam upaya meningkatkan indeks pembangunan manusia. Penguatan infrastruktur sekolah juga menjadi penting bagi guru dalam meningkatkan kualitas pengajaranya.
""Saya rasa ini semua yang menjadi kunci sukses SDM unggul untuk Indonesia yang semakin baik,"" ujar AHY."
"HNW Dukung Kesepakatan Damai AS-Iran, Minta Dunia Kembali Fokus ke Gaza",https://news.detik.com/berita/d-8538467/hnw-dukung-kesepakatan-damai-as-iran-minta-dunia-kembali-fokus-ke-gaza,Detik,berita,2026-06-19,"Wakil Ketua Majelis Permusyawaratan Rakyat Republik Indonesia (MPR RI) Hidayat Nur Wahid (HNW) mendukung perjanjian perdamaian antara Amerika Serikat dan Iran atas prakarsa Pakistan, Qatar, dan Arab Saudi. Ia juga mengingatkan agar perjanjian perdamaian yang secara terbuka ditandatangani Presiden AS Donald Trump dan Presiden Iran Masoud Pezeshkian tersebut benar-benar dilaksanakan oleh semua pihak sesuai tahapan yang disepakati.
""Kita tentu berterima kasih dan mengapresiasi tinggi prakarsa Pakistan, Qatar dan Arab Saudi yang efektif bergerak sehingga naskah perdamaian bisa disetujui dan ditandatangani, walau terus berusaha 'dirusak' oleh Israel dengan manuvernya yang masih tak henti menyerang Lebanon. Sikap Amerika Serikat juga sangat baik bila tidak hanya mengkritisi laku Israel tersebut, tapi benar-benar menghentikannya untuk tercapainya perdamaian dan terhindarkannya dunia termasuk AS dari krisis politik dan ekonomi,"" kata HNW melalui keterangannya, Jumat (19/6/2026).
Selain itu, HNW menekankan agar para pihak juga mewaspadai manuver-manuver Israel yang berusaha menggagalkan perjanjian tersebut dengan terus melakukan aksi militer di Lebanon. Menurutnya, hal itu penting agar dunia terhindar dari krisis, ancaman perang dunia ketiga, serta dapat memulihkan perekonomian dunia akibat penutupan Selat Hormuz.
HNW berharap agar semua pihak aktif mengingatkan AS dan pihak lainnya untuk konsisten dalam menjalankan perjanjian perdamaian ini.
""Jangan malah seperti Israel yang masih terus melanggar gencatan senjata dengan terus melakukan tindakan militer dan melarang masuknya bantuan kemanusiaan ke Gaza, padahal mereka sudah menyetujui perdamaian, agar perdamaian dan stabilitas kawasan yang diinginkan oleh AS dan masyarakat dunia bisa benar-benar terwujud,"" lanjutnya.
Lebih lanjut, HNW berharap agar perjanjian perdamaian AS-Iran ini dapat benar-benar mengakhiri perang dengan menghadirkan perdamaian sejati dan segera memulihkan perekonomian dunia, termasuk di Indonesia, akibat penutupan Selat Hormuz selama perang terjadi.
""Dengan dibukanya kembali Selat Hormuz, penting juga bisa segera menurunkan harga minyak dunia yang sangat membebani banyak negara, termasuk Indonesia,"" katanya.
HNW menegaskan bahwa meski perjanjian perdamaian ini hanya menyebut Lebanon sebagai titik sentral di luar AS-Iran yang juga berlaku perdamaian dan karenanya tidak boleh diserang, tetapi untuk menghadirkan stabilitas dan keamanan kawasan, maka upaya menghentikan perang Israel atas Gaza dan Palestina harus dipentingkan.
Ia juga menegaskan bahwa perjuangan kemerdekaan Palestina yang telah diakui oleh lebih dari 153 negara anggota PBB harus kembali difokuskan.
""Memang Gaza/Palestina tidak disebut dalam perjanjian tersebut, tetapi penting diingatkan, dengan berhentinya perang AS versus Iran itu maka perjanjian damai yang hentikan tragedi di Gaza/Palestina penting segera bisa diwujudkan juga, karena selama terjadinya perang AS dan Iran, Israel malah memanfaatkan kondisi beralihnya perhatian dunia itu untuk tidak melaksanakan kesepakatan gencatan senjata,"" tegasnya.
""Israel justru malah semakin brutal melakukan kejahatan atas Gaza dan memperluas kejahatannya di West Bank dan Masjid Al Aqsha, ini harus kembali menjadi titik sentral perhatian dunia, agar terciptalah stabilitas kawasan dan hadirlah perdamaian dengan kemerdekaan Palestina,"" imbuhnya.
Oleh karena itu, HNW berharap dengan berakhirnya konflik antara AS-Iran ini, dunia bisa fokus untuk kembali menghentikan kejahatan Israel, memperjuangkan kondisi Gaza untuk menjadi baik, hingga terwujudnya kemerdekaan Palestina.
""Pemerintah Indonesia juga bisa terus memainkan peran penting politik luar negerinya untuk terciptanya perdamaian dunia dan merdekanya Palestina, di samping tetap fokus mengatasi masalah-masalah domestik di Indonesia,"" tuturnya.
Apalagi, lanjut HNW, dengan adanya perjanjian perdamaian yang ditandatangani Presiden AS dan Iran ini, serta respons Israel yang tidak sejalan dengan nota perjanjian penghentian perang dengan masih saja menyerang Lebanon, semakin membuktikan kepada Presiden Donald Trump dan para pemimpin negara-negara Barat yang selama ini membabi buta mendukung Israel bahwa Perdana Menteri Israel Benjamin Netanyahu dan rezimnya justru membahayakan ekonomi dan keamanan dunia, serta merugikan kepentingan AS baik di tingkat domestik maupun internasional.
""Maka bila Israel tetap saja bersikap yang tidak sesuai dengan perjanjian perdamaian dengan terus melancarkan serangan militer baik terkait Lebanon maupun Gaza/Palestina, agar khususnya AS tak lagi mempergunakan hak vetonya membela Israel, agar hukum internasional yang terus ditabrak oleh Israel dapat ditegakkan, agar perdamaian mendasar dapat diwujudkan dengan dihentikannya tragedi kemanusiaan di Gaza/Palestina, bahkan dengan diakuinya kemerdekaan Palestina,"" pungkasnya."
"Gunung Semeru Erupsi Lagi, Wisata Bromo Tetap Dibuka",https://news.detik.com/berita/d-8538465/gunung-semeru-erupsi-lagi-wisata-bromo-tetap-dibuka,Detik,berita,2026-06-19,"Gunung Semeru di Lumajang kembali erupsi pagi ini. Balai Besar Taman Nasional Bromo Tengger Semeru menyebut destinasi wisata Gunung Bromo tetap buka.
Dilansir detikJatim , erupsi terjadi pada Jumat pagi (19/6/2026) pukul 07.21 WIB. Pranata Humas Balai Besar Taman Nasional Bromo Tengger Sermeru Endrip Wahyutama mengatakan erupsi Gunung Semeru yang terjadi pagi tadi tidak otomatis berdampak pada seluruh kawasan TNBTS.
Meski berada dalam satu kawasan TNBTS, Gunung Semeru dengan Gunung Bromo berada pada lokasi yang berbeda.
""Erupsi Gunung Semeru tidak otomatis berdampak pada seluruh kawasan TNBTS. Meski Semeru dan Bromo berada dalam satu kawasan taman nasional, keduanya merupakan gunung api yang berbeda dengan karakteristik aktivitas vulkanik dan sistem pemantauan yang berbeda pula,"" ujar Endrip saat dikonfirmasi, Jumat (19/6/2026).
Endrip menjelaskan aktivitas Gunung Semeru dipantau oleh Pos Pengamatan Gunung Semeru di Gunung Sawur. Sedangkan aktivitas Gunung Bromo dipantau oleh Pos Pengamatan Gunungapi Bromo di Cemoro Lawang.
Menurut Endrip, hingga saat ini, kawasan wisata Bromo tidak termasuk dalam zona bahaya yang direkomendasikan oleh PVMBG terkait erupsi Semeru.
""Karena itu, aktivitas wisata di Bromo tetap dapat berlangsung seperti biasa,"" tegasnya.
Baca berita selengkapnya di sini."
"Viral Pria Pakai Kebaya Ikut Kirab 1 Suro, Puro Mangkunegaran Bantah Beri Izin",https://news.detik.com/berita/d-8538463/viral-pria-pakai-kebaya-ikut-kirab-1-suro-puro-mangkunegaran-bantah-beri-izin,Detik,berita,2026-06-19,"Viral pria mengenakan kebaya mengikuti kirab malam 1 Suro di Puro Mangkunegaran. Panitia kirab Puro Mangkunegaran memastikan tidak pernah mengizinkannya.
Dilansir detikJateng , akun @mbulnyandul mengunggah postingan di Instagram tentang tiga orang yang memakai kebaya. Dalam salah satu tangkapan layar di Instagram, pengunggah foto tersebut mengaku sudah mendapat izin memakai kebaya.
""Ibuuu @sarawijayanto, tolong ini anaknya ditegur. Dikasih tau, mana yg patut mana yang ndak. Acara sakral, bukan acara mejeng2. Dengan segala hormat nggih, Ibu. Gusti Sura @ancsud, nyuwun palilah,"" tulis akun tersebut seperti dikutip, Kamis (18/6/2026).
Melalui akun Threads pribadinya, Ketua Panitia Penyelenggara 1 Suro Be 1960 Mangkunegaran, GRAj. Ancillasura Marina Sudjiwo atau Gusti Sura, membantah telah memberikan izin kepada pria berkebaya tersebut.
""Mangkunegaran telah mengeluarkan panduan ageman untuk ritual adat 1 Sura, panitia penyelenggara 1 Sura BE 1960 tidak pernah memberikan izin, dispensasi, ataupun perlakuan khusus kepada pihak mana pun,"" kata Sura, Kamis (18/6/2026).
Sura berharap peringatan malam 1 Suro bisa menjadi bagian dari kehidupan bersama serta memperkuat hubungan masyarakat dengan nilai-nilai budaya.
""Semoga semangat refleksi, ketertiban, dan saling menghormati yang hadir dalam peringatan Malam 1 Sura Be 1960 dapat terus menjadi bagian dari kehidupan bersama serta memperkuat hubungan masyarakat dengan nilai-nilai budaya yang diwariskan lintas generasi,"" terangnya.
Simak selengkapnya di sini ."
"Capai MoU dengan Iran, Trump Sesumbar AS Punya Militer Terkuat Dunia",https://news.detik.com/internasional/d-8538444/capai-mou-dengan-iran-trump-sesumbar-as-punya-militer-terkuat-dunia,Detik,internasional,2026-06-19,"Presiden Amerika Serikat (AS) Donald Trump sesumbar AS memiliki kekuatan militer terkuat di dunia usai perang Iran , yang akan diakhiri dengan kesepakatan damai .
Trump, seperti dilansir NDTV dan Anadolu Agency , Jumat (19/6/2026), menyangkal dirinya terintimidasi oleh perang yang berkecamuk selama tiga bulan terakhir dengan Iran. Dia juga berargumen bahwa AS memiliki ""militer terkuat di dunia"".
Dalam wawancara dengan media AS, Axios , yang dipublikasikan pada Kamis (18/6), Trump mengatakan bahwa dirinya menegosiasikan nota kesepahaman (MoU) untuk mencegah perang berubah menjadi depresi ekonomi global.
Ketika ditanya apa yang dia pelajari tentang batasan kekuasaannya sebagai Presiden AS setelah perang Iran, Trump menjawab: ""Tidak ada batasan. Saya belum memetik pelajaran tersebut. Saya tahu ada batasan, tetapi tidak ada batasan. Kita telah mengalahkan mereka sepenuhnya secara militer.""
""Kita memiliki militer terkuat di dunia, jauh melampaui siapa pun. Siapa lagi yang bisa melakukan blokade seperti itu? Saya telah melakukan blokade angkatan laut di mana tidak satu pun kapal yang mampu melewatinya. Beberapa kapal mencoba, Mereka tidak berhasil, Anda tahu. Itu tidak berlangsung lama,"" kata Trump.
Saat didesak lebih lanjut tentang apakah MoU ini sama saja dengan ""penyerahan diri tanpa syarat"" yang awalnya dia inginkan dari Teheran, Trump mengatakan: ""Iya, itu mungkin memang penyerahan diri tanpa syarat.""
MoU itu telah ditandatangani secara jarak jauh oleh Trump dan Presiden Iran Masoud Pezeshkian pada Rabu (17/6) waktu setempat.
MoU tersebut mengakhiri permusuhan secara permanen di semua front, termasuk Lebanon, dan memulai gencatan senjata selama 60 hari, juga mencabut blokade AS terhadap Iran, memulihkan lalu lintas komersial di Selat Hormuz, membahas rencana rekonstruksi senilai US$ 300 miliar, dan pencabutan sanksi AS.
Tidak hanya itu, MoU itu juga akan memungkinkan Teheran untuk bergabung kembali dalam perekonomian global, jika memenuhi komitmen yang ditentukan dalam kesepakatan tersebut.
Trump bersikeras menyebut MoU itu bukanlah cerminan kekuasaannya, melainkan langkah untuk menggerakkan pasokan minyak guna menghindari depresi global.
""Satu-satunya cara saya bisa bersikap lebih keras adalah jika saya masuk ke sana selama dua atau tiga minggu lagi dan terus membombardir mereka habis-habisan. Benar? Tetapi apa yang akan kita dapatkan? Selat Hormuz tidak akan dibuka. Kita tidak akan memiliki minyak selama berbulan-bulan, Ini adalah jenis hal yang dapat menyebabkan depresi di seluruh dunia,"" sebutnya."
Menko AHY Cek Progres Rehabilitasi MTs di Bogor yang Sempat Ambruk,https://news.detik.com/berita/d-8538445/menko-ahy-cek-progres-rehabilitasi-mts-di-bogor-yang-sempat-ambruk,Detik,berita,2026-06-19,"Menteri Koordinator (Menko) Bidang Infrastruktur dan Pembangunan Kewilayahan Agus Harimurti Yudhoyono (AHY) mengunjungi gedung Madrasah Tsanawiyah (MTs) Negeri Kota Bogor. AHY datang untuk melihat secara langsung progres rehabilitasi dan perbaikan gedung Mts yang sempat ambruk.
""Saya saat ini berada di Madrasah Tsanawiah Negeri Kota Bogor untuk memeriksa secara langsung progres rehabilitasi dan renovasi Madrasah Tsanawiah ini, yang telah dikerjakan oleh teman-teman dari Kementerian Pekerjaan Umum, yang tentunya juga berkolaborasi ketat dengan jajaran Kementerian Agama,"" kata AHY di Kota Bogor, Jumat (19/6/2026).
Kunjungan AHY didampingi langsung oleh Wali Kota Bogor Dedie A Rachim dan Wakilnya Jenal Mutaqin. AHY menyebut, total ada 127 Mts di Jawa Barat yang menjadi sasaran program prioritas Presiden Prabowo di bidang rehabilitasi dan renovasi sarana pendidikan.
""Tadi saya mendapatkan penjelasan bahwa progres rehabilitasi dan renovasi Madrasah ini sekitar 95 persen. Jadi sebentar lagi tuntas,"" kata AHY.
""Ini satu dari sekian banyak Madrasah Tsanawiah yang juga direnovasi. Di Provinsi Jawa Barat saja ada 127 Madrasah Tsanawiah dan di seluruh Indonesia, sebagai bagian dari program hasil terbaik cepat yang juga menjadi prioritas dari Bapak Presiden Prabowo Subianto,"" imbuhnya.
Dalam kunjungannya, AHY sempat berkeliling dan berdialog dengan para siswa di dalam kelas. Kedatangan AHY disambut antusias para siswa.
AHY tampak mengobrol dengan sejumlah siswa dan menanyai minat dan bakatnya masing-masing.
AHY menyebutkan, program prioritas penguatan infrastruktur sekolah merupakan respons dari insiden bangunan pesantren roboh di Sidoarjo, Jawa Timur beberapa waktu lalu.
Sasaran perbaikan merupakan gedung sekolah yang berada di bawah naungan Kementerian Pendidikan dan Kementerian Agama.
""Ini juga merupakan respons terhadap insiden tahun lalu di Sidoarjo, Jawa Timur. Di bulan September yang lalu, bahwa ada bangunan di Pondok Pesantren yang roboh, mengakibatkan korban jiwa yang tentunya sangat memilukan,"" kata AHY.
""Kita berharap bangunan-bangunan fasilitas pendidikan, bukan hanya pendidikan yang berada di bawah naungan Kementerian Pendidikan Dasar dan Menengah, yang itu juga terus kita lakukan renovasi, tapi juga yang berada di bawah naungan Kementerian Agama. Baik pada tataran pendidikan anak usia dini, pendidikan dasar maupun pendidikan menengah,"" imbuhnya.
Wali Kota Bogor Dedie A Rachim mengatakan, AHY merespons positif terhadap progres rehabilitasi di MTs Negeri Kota Bogor. Dedie menyebut, AHY mendorong agar dibangun kembali sekolah madrasah di Kota Bogor.
""Beliau kelihatannya berkeinginan juga untuk terus mau memfasilitasi bagaimana fasilitas pendidikan ini bisa berkualitas sesuai dengan harapan. Nah jadi ini kita bersyukur beliau hadir dan melihat langsung dan kelihatannya beliau cukup puas dengan kualitas pembangunan yang dilakukan oleh Kementerian PU,"" kata Dedie.
""Tadi Pak Menko bertanya juga, jadi apakah memungkinkan kalau ditambah satu lagi MTs Negeri Kota Bogor. Artinya kita coba carikan lahan yang memungkinkan untuk nanti kita usulkan kepada kementerian agama untuk dibangun MTs Negeri 2 Bogor,"" imbuhnya."
Jokowi Ngaku Posisinya di PSI Sebagai Motivator,https://news.detik.com/berita/d-8538442/jokowi-ngaku-posisinya-di-psi-sebagai-motivator,Detik,berita,2026-06-19,"Presiden ke-7 RI Joko Widodo ( Jokowi ) menjawab kabar dirinya segera resmi memakai jaket Partai Solidaritas Indonesia (PSI) dan menjabat Dewan Pembina. Jokowi menyinggung mekanisme partai dan perannya nanti di PSI.
""Di PSI itu kan ada mekanisme partai yang harus dilalui, tidak hanya penjaketan saja langsung,"" kata Jokowi ditemui di kediamannya, Sumber, Banjarsari, Jumat (19/6/2026), seperti dikutip dari detikJateng .
Jokowi mengatakan dirinya menghargai setiap undangan yang datang, baik dari masyarakat maupun PSI sendiri. Ia memastikan akan menghadiri agenda-agenda selama dirinya berkeliling Indonesia.
""Yang paling penting, undangan-undangan yang saya terima dari masyarakat, dari PSI, nanti akan saya hadiri semuanya,"" ungkapnya.
Mengenai kabar bakal menjabat Dewan Pembina PSI, Jokowi memberikan jawaban singkat. Ia menyebut perannya saat ini lebih sebagai pemberi semangat.
""Sebagai apa, sebagai motivator,"" ujar Jokowi sembari tersenyum saat ditanya posisinya di PSI.
Meski belum bicara gamblang soal posisi struktural, Jokowi menegaskan komitmennya untuk memenangkan PSI. Dia menyatakan siap terjun total untuk partai yang kini dipimpin oleh putra bungsunya, Kaesang Pangarep, tersebut.
Baca selengkapnya di sini ."
Ganjar Tepis PDIP Dianggap Abu-abu: Mari Kita Saling Bercermin,https://news.detik.com/berita/d-8538438/ganjar-tepis-pdip-dianggap-abu-abu-mari-kita-saling-bercermin,Detik,berita,2026-06-19,"Ketua DPP PDIP Ganjar Pranowo menegaskan posisi PDIP sangat jelas berada di luar pemerintah sebagai penyeimbang usai PKB meminta sikap partainya tak abu-abu. Ganjar mengatakan sikap tersebut merupakan keputusan resmi partai.
""Posisi PDI Perjuangan justru sangat jelas, kami berada di luar pemerintahan dan menjalankan fungsi penyeimbang. Itu keputusan resmi partai, hasil mekanisme organisasi tertinggi, dan telah disampaikan secara terbuka kepada publik. Jadi, tidak ada yang abu-abu,"" kata Ganjar kepada wartawan, Jumat (19/6/2026).
Ganjar mengatakan fungsi penyeimbang yang dijalankan PDIP bukan berarti menolak seluruh kebijakan pemerintah. Menurutnya, PDIP akan mendukung kebijakan yang berpihak kepada rakyat dan mengkritik kebijakan yang dianggap tak tepat.
""Seperti cacatan kami soal MBG, KDMP, pendidikan, kesehatan, polugri, bencana, dan lain-lain. Checks and balances adalah fondasi demokrasi yang sehat,"" ujarnya.
Ganjar lantas menyinggung dinamika politik di Indonesia. Menurutnya, posisi politik tidak selalu ditentukan oleh siapa yang menjadi lawan dalam pemilu.
""Kita semua tahu, siapa yang tetap konsisten dalam barisan dan siapa yang kemudian masuk dan akhirnya berada di barisan penguasa alias bergabung dalam pemerintahan. Itu adalah hak politik setiap partai dan kami menghormatinya,"" ungkapnya.
Ganjar menilai setiap partai sebaiknya fokus menjelaskan sikap politik masing-masing. Dia menegaskan partainya tak butuh penilaian partai lain.
""Karena itu, akan lebih bijak jika setiap partai fokus menjelaskan sikap politiknya sendiri, bukan mendefinisikan sikap partai lain. PDI Perjuangan tidak membutuhkan sertifikat kejelasan politik dari pihak mana pun,"" ujarnya.
Menurutnya, yang terpenting bagi PDIP ialah konsistensi dalam memperjuangkan kepentingan rakyat. Dia mengatakan posisi PDIP bukan semata-mata berada di dalam atau di luar pemerintah.
""Bagi kami, ukuran yang paling penting bukan berada di dalam atau di luar pemerintahan, melainkan konsisten memperjuangkan kepentingan rakyat,"" tuturnya.
""Yang membingungkan publik bukan partai yang konsisten menjadi penyeimbang, melainkan siapa yang pernah berhadapan, dan siapa yang akhirnya bergabung, lalu menggurui pihak lain soal konsistensi. Mari kita saling bercermin,"" imbuh dia.
Sebelumnya, Ketua Fraksi PKB DPR Fawaid meminta PDIP bersikap tegas terkait posisinya terhadap pemerintahan Presiden Prabowo Subianto. Jazilul mengatakan sikap yang tak jelas bisa menimbulkan kesan membingungkan.
""Saya harap, mengambil sikap yang tegas saja. Kalau di oposisi, oposisi. Jangan abu-abu. Karena, kami semua sedang berjuang keras untuk mewujudkan apa yang menjadi janji Pak Presiden. Semua program-program sudah ditata,"" kata Jazilul di kompleks parlemen, Senayan, Jakarta, Kamis (18/6). Jazilul menjawab pertanyaan wartawan soal dugaan keikutsertaan Andi Widjajanto dalam aksi demo beberapa hari lalu."
"Pikap Terguling di Tol Layang MBZ Arah Cikampek, Lalin Padat",https://news.detik.com/berita/d-8538426/pikap-terguling-di-tol-layang-mbz-arah-cikampek-lalin-padat,Detik,berita,2026-06-19,"Mobil jenis pikap terguling di jalan tol layang Mohammed Bin Zayed ( MBZ ) arah Cikampek. Lalu lintas (lalin) di sekitar lokasi kecelakaan dilaporkan macet.
PT Jasamarga melalui akun X @PTJASAMARGA melaporkan petugas sudah menangani kecelakaan di kawasan Cikarang Barat, Kabupaten Bekasi, Jawa Barat (Jabar) tersebut. Jasamarga mengimbau pengguna Tol MBZ meningkatkan kewaspadaan.
""HATI-HATI di Cikarang Barat KM 30+500 arah Cikampek, ada penanganan kecelakaan kendaraan Pick Up terbalik di lajur kanan,"" kata Jasamarga, Jumat (19/6/2026).
Kecelakaan itu dilaporkan terjadi siang ini pada pukul 12.31 WIB. Dalam video yang beredar di media sosial (medsos), bodi pikap berwarna hitam tersebut ringsek akibat kecelakaan.
Kaca bagian depan pikap tersebut juga pecah. Beberapa kardus muatan dari pikap dengan nomor polisi B-9117-JK itu juga berceceran di jalan.
Pikap itu terguling dalam posisi melintang, menutupi ruas kanan jalan tol layang MBZ arah Cikampek. Jasamarga melaporkan arus lalin sebaliknya atau arah Jakarta dalam kondisi lancar.
""Cikarang Barat KM 28 - KM 31 arah Cikampek PADAT, ada penanganan kecelakaan di lajur kanan. ; Karawang - Cikarang - Tambun - Cikunir LANCAR,"" katanya.
Sementara di Tol Jakarta-Cikampek (Japek), Jasamarga melaporkan terjadi kepadatan di sejumlah titik.
""Bekasi Timur KM 17 - KM 19 arah Cikampek PADAT, kepadatan volume lalin. ; Tambun KM 22 - Bekasi Timur KM 15+400 arah Jakarta PADAT, ada pekerjaan perbaikan jalan (Rekonstruksi Rigid) di lajur 1/kiri,"" katanya."
Pemprov Jabar Prioritaskan Pembangunan Masjid Kecil di Berbagai Daerah,https://news.detik.com/berita/d-8538367/pemprov-jabar-prioritaskan-pembangunan-masjid-kecil-di-berbagai-daerah,Detik,berita,2026-06-19,"Pemerintah Provinsi Jawa Barat (Pemprov Jabar) akan memprioritaskan pembangunan tajuk atau masjid berukuran kecil di berbagai daerah di Jabar. Rencana pembangunan ini berakar dari tujuan Pemprov untuk menyediakan sarana spiritualitas warga yang tersedia setiap saat.
Hal ini disampaikan oleh Gubernur Jawa Barat Dedi Mulyadi atau yang kerap disapa KDM saat menghadiri acara 'Peringatan Hari Besar Islam Muharram 1448 Hijriyah' yang mengusung tema Menguatkan Cinta Islam dan Islam Cinta di 1448 H. Acara ini digelar di Ruang Utama Masjid Raya Al-Jabbar pada Selasa (9/6) lalu.
""Kami ingin membangun masjid-masjid kecil di lingkungan masyarakat yang membutuhkannya dalam setiap waktu. Kan kalau masjid-masjid yang megah sudah banyak di Jawa Barat,"" ucap KDM dalam keterangan tertulis, Jumat (19/6/2026).
Ia mengatakan, pembangunan dan pengembangan tajuk yang ada di lingkungan masyarakat akan dilaksanakan secara bertahan dan terintegrasi dengan bantuan semua pihak. Dengan begitu, tajuk yang ada tidak memerlukan Dewan Kemakmuran Masjid (DKM) baru.
""Kami ingin membangun masjid yang ada jamaahnya, tempat anak-anak ngaji, tempat ibadah rakyat di situ,"" imbuhnya.
KDM menilai, telah terjadi pergeseran pemanfaatan masjid yang semula merupakan tempat tafakur, bersujud, dan membangun hubungan spiritualitas antara manusia sebagai makhluk dengan Sang Pencipta, kini berubah menjadi sarana rekreasi.
""Kalau masjid sarana rekreasi bukan sarana spiritualitas, maka masjid hanya akan akan menjadi tempat Selfie bukan tempat tafakur,"" tegasnya.
Ia turut menjelaskan, esensi dari kegiatan beribadah terletak pada hubungan seseorang dengan Tuhannya, bukan pada kemegahan tempat ibadah yang dikunjungi.
""Bertafakur bisa dilakukan di mana saja. Bertafakur di kamar tidur, surau kecil, bawah pohon, tepi sawah, tepi danau, pinggir gunung, tepi samudra. Tempat tak ada makna, yang paling utama adalah keheningan jiwa untuk mampu menghadirkan Tuhan dalam relung jiwa,"" pungkas KDM."
Bareskrim Tangkap Anak Buah Gembong Narkoba Fredy Pratama di Malaysia,https://news.detik.com/berita/d-8538409/bareskrim-tangkap-anak-buah-gembong-narkoba-fredy-pratama-di-malaysia,Detik,berita,2026-06-19,"Direktorat Tindak Pidana Narkoba (Dittipid Narkoba) Bareskrim Polri menangkap anak buah gembong narkoba Fredy Pratama. Kali ini, sosok yang ditangkap ialah Frans Antony yang diduga pengendali uang Fredy Pratama.
""Iya betul (Frans Antony),"" ujar Dirtipid Narkoba Bareskrim Polri Brigjen Eko Hadi Santoso saat dimintai konfirmasi detikcom , Jumat (19/6/2026).
Eko mengatakan Frans saat ini sedang diterbangkan dari Malaysia menuju ke Jakarta. Frans, kata Eko, diperkirakan tiba di Jakarta sore ini.
""Dari Malaysia,"" jelas Eko.
Eko belum menjelaskan detail kronologi penangkapan. Dia mengatakan informasi detail akan disampaikan dalam konferensi pers.
Sebagai informasi, Fredy Pratama merupakan gembong narkoba kelas kakap yang kini tengah diburu Polri. Meski belum mengetahui tempat persembunyian Fredy, Polri terus membongkar pergerakan jaringan yang digerakkan Fredy."
Kronologi Penangkapan Roy Suryo Terkait Kasus Ijazah Jokowi,https://megapolitan.kompas.com/read/2026/06/19/13565731/kronologi-penangkapan-roy-suryo-terkait-kasus-ijazah-jokowi,Kompas,berita,2026-06-19,"JAKARTA, KOMPAS.com - Roy Suryo ditangkap penyidik dari Polda Metro Jaya terkait kasus tudingan ijazah Jokowi pagi ini, Jumat (19/6/2026).
Kuasa hukumnya, Ahmad Khozinudin, mengungkapkan saat penangkapan, Roy sedang beristirahat setelah pulang dari Bandung, Jawa Barat.
Di sana mereka bertemu dengan tokoh-tokoh purnawirawan TNI dan polisi.
“Ada Pak Jenderal Purnawirawan Tyasno Sudarto, ada Pak Komjen Pol. Oegroseno, ada tokoh-tokoh seperti Pak Said Didu. Ada banyak tokoh yang berkumpul di Bandung termasuk Pak Roy,” tutur Khozinudin saat ditemui di Mapolda Metro Jaya, Jumat.
Mereka berpisah sekitar pukul 01.30 WIB dini hari. Roy Suryo langsung bertolak pulang ke rumahnya di Bintaro, Tangerang Selatan. Dia tiba di rumah pukul 03.00 WIB.
“Jadi praktis baru beberapa jam istirahat,” kata dia.
Menurut pengakuan istri Roy, Ririn, segerombolan penyidik langsung masuk ke kamar pribadi mereka.
Saat itu Ririn mengatakan, mereka butuh pendampingan tim kuasa hukum, tetapi tak dihiraukan oleh para penyidik.
“Mereka memaksa masuk ke ruang private, yakni mau masuk ke kamar Pak Roy dan istrinya. Hanya karena ingin memastikan apakah klien kami ada di rumah dan dia berdalih bahwa dia akan melakukan upaya paksa berupa penangkapan,” tutur Khozinudin.
Setelah ditolak, Ririn pun berupaya mengemas sejumlah barang yang mungkin dibutuhkan Roy jika nanti bermalam di rumah tahanan (rutan).
“Tapi ini semua dikesampingkan. Tidak ada humanisme, tidak ada yang namanya polisi itu melihat bahwa orang yang sedang dalam status tersangka itu adalah manusia juga yang patut dihormati sisi kemanusiaannya,” tambah dia.
Maka dari itu, Ririn juga menolak menandatangani surat penangkapan yang diserahkan penyidik.
Polda Metro Jaya menetapkan delapan orang sebagai tersangka atas kasus tudingan ijazah palsu Jokowi setelah penyidikan yang panjang.
“Polda Metro Jaya telah menetapkan delapan orang tersangka dalam perkara pencemaran nama baik, fitnah, ujaran kebencian, dan manipulasi data elektronik yang dilaporkan oleh Bapak Ir. H. Joko Widodo,” kata Kapolda Metro Jaya, Irjen Asep Edi Suheri, dalam konferensi pers di Mapolda Metro Jaya, Jumat (7/11/2025).
Secara umum, delapan tersangka dijerat dengan Pasal 27A dan Pasal 28 UU Informasi dan Transaksi Elektronik (ITE), serta Pasal 310 dan/atau 311 KUHP dengan ancaman pidana penjara maksimal 6 tahun."
"Jokowi Bakal Hadiri Semua Undangan PSI, Tegaskan Siap Kerja Mati-matian",https://regional.kompas.com/read/2026/06/19/140817778/jokowi-bakal-hadiri-semua-undangan-psi-tegaskan-siap-kerja-mati-matian,Kompas,regional,2026-06-19,"SOLO, KOMPAS.com - Mantan Presiden Joko Widodo (Jokowi) menyatakan bakal menghadiri seluruh undangan dari Partai Solidaritas Indonesia (PSI).
""Yang paling penting undangan-undangan yang saya terima dari masyarakat, dari PSI nanti akan saya hadiri semuanya,"" katanya di Sumber, Banjarsari, Solo , Jawa Tengah, Jumat (19/6/2026).
Jokowi mengatakan menghadiri undangan sebagai motivator . Selain itu ia juga menegaskan siap mati-matian untuk PSI.
""Ya, sebagai apa? Sebagai motivator ,"" ujar mantan Wali Kota Solo tersebut.
""Ya, seperti yang sudah saya sampaikan di kongres, di rakernas. Saya akan bekerja mati-matian untuk PSI,"" tambahnya.
Sebelumnya, Ketua Bidang Politik Dewan Pimpinan Pusat (DPP) PSI, Bestari Barus menyatakan, tidak lama lagi Jokowi akan memakai jaket PSI sebagai Ketua Dewan Pembina .
Menurut Bestari, jaket yang disiapkan untuk Jokowi adalah yang paling bagus.
""Jaketnya segera. Dan paling cakep jaket itu. Insyaallah , ya,"" kata Bestari di Solo, Jawa Tengah, Selasa (17/6/2026).
Bestari mengatakan, kewenangan untuk mengumumkan Jokowi sebagai Ketua Dewan Pembina PSI ada di Ketua Umum Kaesang Pangarep.
Menanggapi pernyataan tersebut, Jokowi mengatakan bahwa ada mekanisme yang harus dilalui untuk masuk PSI dan bukan hanya soal jaket.
""Di PSI itu kan ada mekanisme partai yang harus dilalui tidak hanya penjaketan saja langsung,"" kata Jokowi."
Wapres AS Peringatkan Israel: Kami Satu-satunya Sekutu Kalian,https://www.kompas.com/tren/read/2026/06/19/143000365/-wapres-as-peringatkan-israel--kami-satu-satunya-sekutu-kalian,Kompas,tren,2026-06-19,"KOMPAS.com - Wakil Presiden Amerika Serikat JD Vance mengecam keras pejabat Israel yang terlalu banyak mengkritik kesepakatan Iran-AS.
Vance menyebut, seharusnya pejabat dan politisi Israel tak perlu memberikan banyak kritikan kalau sudah tahu satu-satunya sekutu mereka cuma Amerika Serikat.
""Pesan saya kepada mereka ada dua. Nomor 1, Donald J. Trump adalah satu-satunya kepala negara di seluruh dunia yang bersimpati kepada bangsa Israel pada saat ini,"" kata Vance dilansir dari laman Reuters pada Kamis (18/6/2026).
Pesan yang kedua, ia mengibaratkan dirinya sendiri. ""Jika saya berada di dalam kabinet pemerintah Israel, saya mungkin tidak akan menyerang satu-satunya sekutu kuat yang masih saya miliki di seluruh dunia,"" tegasnya.
Vance membela kesepakatan yang dicapai Amerika dalam mengakhiri perang dengan Iran. Sementara pihak Israel mengkritik Amerika Serikat karena dianggap gagal mengekang program rudal Iran dan tidak memberikan jalur yang jelas untuk membongkar fasilitas nuklirnya,
Selain itu, Israel merasa langkah ini membatasi upaya mereka melawan militan Hezbollah di Lebanon.
Trump telah berulang kali mengkritik Israel yang merupakan sekutu lamanya, memicu ketegangan hampir empat bulan setelah kedua negara bermitra untuk menyerang Iran.
Perang tersebut telah mengacaukan pasar dan pasokan minyak global karena Teheran merespons dengan menutup rute pasokan penting di Selat Hormuz.
Soal isu Perdana Menteri Israel Benjamin Netanyahu sangat marah atas perjanjian tersebut, Vance mengatakan dia belum mendengar komentar seperti itu dari Netanyahu.
Namun, ia mengkritik anggota kabinet pemimpin Israel tersebut, yang menurutnya telah menyerang kesepakatan itu dan menyerang Trump secara pribadi.
Ia akan mengingatkan para anggota kabinet Israel kalau dua pertiga dari senjata mereka dibuat dan pajaknya dibayar oleh Amerika Serikat.
Ia mengatakan Amerika menyediakan sekitar 4 miliar dollar US untuk bantuan militer Israel setiap tahun.
""Masalah bagi Israel bukanlah Donald J. Trump. Lalu siapa pun di Israel yang berpikir bahwa masalah terbesar mereka adalah presiden Amerika Serikat, perlu bangun dan menyadari realitas situasi yang sedang dihadapi negara tersebut,"" kata Vance.
AFP/POOL/JONATHAN ERNST Wakil Presiden Amerika Serikat JD Vance saat berbicara kepada awak media sebelum beranjak menaiki pesawat Air Force Two untuk kembali ke Washington DC dari Budapest, Hongaria, setelah diumumkan sebagai pemimpin delegasi negosiasi dengan Iran, 8 April 2026. Pejabat AS Klaim Kesepakatan Gencatan Senjata Selama 60 Hari, Ini Respons Teheran
Ketegangan makin memanas saat Menteri Keamanan Nasional sayap kanan Israel, Itamar Ben-Gvir yang juga tokoh kunci koalisi Netanyahu mengecam keras kesepakatan AS-Iran tersebut.
Ia bersikeras bahwa pasukan Israel tidak akan mundur dan bakal tetap bertahan di Lebanon."
Kisah Saridi Jaga Nyala Listrik Murah untuk 120 Keluarga di Kulon Progo,https://yogyakarta.kompas.com/read/2026/06/19/131738478/kisah-saridi-jaga-nyala-listrik-murah-untuk-120-keluarga-di-kulon-progo,Kompas,yogyakarta,2026-06-19,"KULON PROGO, KOMPAS.com – Pagi belum lama datang ketika Saridi (48) berjalan dengan langkah pasti menuju saluran irigasi induk yang mengalir langsung ke Pembangkit Listrik Tenaga Mikrohidro (PLTMH) di Padukuhan Blumbang, Kalurahan Banjararum, Kapanewon Kalibawang, Kabupaten Kulon Progo, Daerah Istimewa Yogyakarta.
Di tangannya tidak ada peralatan canggih buatan pabrik. Saridi hanya membawa alat manual berbentuk semacam pacul dengan ujung garpu besi yang gagangnya hampir setinggi tubuhnya.
Alat sederhana itu digunakannya untuk menggaruk kedalaman air irigasi, mengambil, lalu menyingkirkan aneka jenis sampah yang tersangkut di saringan besi menuju pintu masuk air atau intake .
Pekerjaan fisik yang menguras tenaga itu dilakukannya hampir setiap hari tanpa mengeluh, demi memastikan pasokan aliran listrik bagi ratusan kepala keluarga di dusun setempat tetap menyala tanpa kedipan.
""Kalau air keruh bisa delapan sampai sembilan kali membersihkan saringan dalam sehari. Kalau air jernih paling tiga kali,"" kata Saridi selaku operator utama PLTMH Blumbang saat ditemui Kompas.com , Jumat (19/6/2026).
Bagi sebagian besar orang, tumpukan sampah yang hanyut di aliran sungai mungkin terlihat sepele. Namun bagi Saridi, helaian daun kering, limbah plastik, sampah rumah tangga, hingga popok sekali pakai yang terbawa arus deras merupakan ancaman nyata bagi stabilitas pasokan listrik warga.
Saat saringan besi atau intake tertutup oleh sumbatan sampah, debit air yang masuk untuk menggerakkan turbin otomatis berkurang drastis. Akibatnya, daya listrik yang dihasilkan oleh mesin pembangkit ikut menurun drastis dan berpotensi memicu padamnya aliran listrik.
""Sampah musuh utama menghasilkan listrik bagi pembangkit ini,"" ucap Saridi menegaskan tantangan terbesarnya.
Sampah memang menjadi kendala paling utama dalam operasional harian PLTMH yang mulai dimanfaatkan secara swadaya oleh warga sejak Februari 2017 tersebut.
Menurut pengamatan Saridi, tantangan terbesar dari keberadaan pembangkit ramah lingkungan ini bukanlah pada kerusakan mesin atau turbin, melainkan komitmen untuk menjaga agar aliran hulu air tetap lancar tanpa hambatan.
KOMPAS.COM/DANI JULIUS Saridi (48) di intake Pembangkit Listrik Tenaga Mikrohidro (PLTMH) pada Padukuhan Blumbang, Kalurahan Banjararum, Kapanewon Kalibawang, Kabupaten Kulon Progo, Daerah Istimewa Yogyakarta.
Padahal, pasokan daya listrik dari PLTMH tersebut kini telah mengakar menjadi bagian yang tidak terpisahkan dari denyut kehidupan warga Dusun Blumbang.
Dari total 123 kepala keluarga yang terdata, sekitar 120 kepala keluarga aktif memanfaatkan listrik mandiri yang berasal dari aliran sungai irigasi tersebut. Tidak hanya dimanfaatkan untuk penerangan rumah di malam hari, listrik mikrohidro ini terbukti sukses menopang berbagai lini aktivitas ekonomi mikro masyarakat.
Di dusun terpencil ini, sejumlah usaha rumahan mulai dari industri katering, bengkel las, pertukangan kayu, hingga kelompok peternak sapi perah menggantungkan suplai energinya dari pembangkit ramah lingkungan tersebut.
""Kalau usaha las sama katering biasanya memakai daya yang lebih besar karena kebutuhan listriknya lebih banyak,"" kata Saridi merinci pemetaan konsumsi listrik di dusunnya."
"Pelari FM JAKIM 2026 Didiskualifikasi karena Curang, Tiba-tiba Muncul di Km 40",https://megapolitan.kompas.com/read/2026/06/19/14074341/pelari-fm-jakim-2026-didiskualifikasi-karena-curang-tiba-tiba-muncul-di,Kompas,berita,2026-06-19,"JAKARTA, KOMPAS.com - Panitia BTN Jakarta International Marathon (JAKIM) 2026 mendiskualifikasi seorang peserta perempuan kategori Full Marathon yang diduga melakukan kecurangan dalam ajang lari yang digelar pada Minggu (14/6/2026).
Keputusan tersebut diambil setelah panitia melakukan verifikasi terhadap data teknis peserta yang sebelumnya menjadi sorotan di media sosial.
""Terkait informasi yang beredar tersebut, panitia telah melakukan verifikasi terhadap data peserta yang dimaksud. Peserta tersebut dinyatakan melanggar ketentuan lomba sehingga telah didiskualifikasi (DQ) dari BTN Jakarta International Marathon 2026,"" ujar Marketing Communication Manager IMRR, Afria Susanti, dalam keterangan resminya kepada Kompas.com , Jumat (19/6/2026).
Kasus ini bermula dari unggahan akun Threads @wahidsyah yang mengaku curiga terhadap seorang pelari perempuan peserta kategori Full Marathon.
Dalam unggahannya, ia menduga peserta tersebut tiba-tiba muncul di sekitar kilometer (KM) 40 menjelang garis finis.
Kecurigaan itu semakin menguat setelah ia menelusuri data peserta melalui aplikasi pencatatan hasil lomba.
Dari hasil pengecekan tersebut, pelari yang bersangkutan disebut tidak terdeteksi melewati sejumlah titik pencatatan waktu (split time) sejak awal perlombaan.
Unggahan itu kemudian ramai diperbincangkan oleh komunitas lari dan warganet.
Sejumlah pihak bahkan mempertanyakan validitas hasil lomba peserta tersebut serta meminta panitia melakukan pemeriksaan lebih lanjut.
Afria mengatakan, pihaknya segera melakukan penelusuran setelah menerima laporan mengenai dugaan kecurangan tersebut.
Selain mendiskualifikasi peserta, panitia juga telah meminta pengembalian atribut finisher yang sebelumnya telah diterima.
""Panitia juga telah menghubungi peserta yang bersangkutan untuk proses pengembalian medali dan jersey finisher,"" ujar Afria.
Afria menegaskan, penyelenggara berkomitmen menjaga sportifitas dan integritas kompetisi dalam setiap pelaksanaan BTN Jakarta International Marathon.
Menurut dia, setiap dugaan pelanggaran akan ditindaklanjuti dan dievaluasi sesuai prosedur yang berlaku guna memastikan seluruh peserta berkompetisi secara adil.
""BTN Jakarta International Marathon menjunjung tinggi prinsip sportifitas dan integritas kompetisi,"" kata Afria."
"Bareskrim Tangkap Anak Buah Fredy Pratama di Malaysia, Diduga Kendalikan Uang Jaringan Narkoba",https://nasional.kompas.com/read/2026/06/19/14320661/bareskrim-tangkap-anak-buah-fredy-pratama-di-malaysia-diduga-kendalikan-uang,Kompas,berita,2026-06-19,"JAKARTA, KOMPAS.com - Direktorat Tindak Pidana Narkoba (Dittipid Narkoba) Bareskrim Polri menangkap Frans Antony, sosok yang diduga menjadi pengendali aliran uang jaringan narkoba milik buronan gembong narkotika internasional, Fredy Pratama.
Direktur Tindak Pidana Narkoba Bareskrim Polri, Brigjen Eko Hadi Santoso, membenarkan penangkapan tersebut saat dikonfirmasi pada Jumat (19/6/2026).
""Iya betul (Frans Antony),"" kata Eko kepada wartawan, Jumat.
Menurut Eko, Frans saat ini sedang dalam perjalanan dari Malaysia menuju Jakarta setelah ditangkap oleh aparat penegak hukum.
""(Sedang diterbangkan) dari Malaysia,"" ujar Eko.
Eko mengatakan Frans diperkirakan tiba di Jakarta pada Jumat sore.
Namun, ia belum menjelaskan secara rinci kronologi penangkapan maupun peran Frans dalam jaringan narkoba yang dipimpin Fredy.
Ia menyebutkan informasi lebih lengkap akan disampaikan dalam konferensi pers yang digelar dalam waktu dekat.
Sebagai informasi, Fredy Pratama merupakan salah satu gembong narkoba yang hingga kini masih menjadi buronan aparat penegak hukum Indonesia.
Meski keberadaan Fredy belum diketahui, Polri terus memburu dan membongkar jaringan yang diduga dikendalikan olehnya, termasuk menangkap sejumlah orang yang berperan dalam distribusi narkotika maupun pengelolaan keuangan jaringan tersebut."
"Massa Demo Pendukung MBG: Kalau Ada yang Salah Diperbaiki, Baru Setahun",https://megapolitan.kompas.com/read/2026/06/19/14075421/massa-demo-pendukung-mbg-kalau-ada-yang-salah-diperbaiki-baru-setahun,Kompas,berita,2026-06-19,"JAKARTA, KOMPAS.com - Sejumlah massa yang menggelar aksi di Patung Kuda, Jakarta Pusat Jumat (19/6/2026) mendukung program Makan Bergizi Gratis (MBG) yang diinisiasi Presiden Prabowo Subianto tetap dijalankan.
Salah satu peserta aksi Iin (42) berharap program MBG tetap berjalan meski ada sejumlah kelompok mahasiswa yang meminta program tersebut dihentikan.
“Saya berharap agar tetap berjalan. Kalau ada yang salah ya perbaiki. Toh ini kan baru setahun ya,” kata Iin saat berbincang dengan Kompas.com, Jumat.
Menurut dia, manfaat program MBG dirasakan langsung oleh anak-anak yang menjadi penerima manfaat.
“Yang saya lihat manfaatnya langsung ke anak. Kalau anak makan bergizi, dia lebih semangat belajar dan saya juga tidak terlalu khawatir soal bekalnya setiap hari sudah waktunya makan, makanan ada,” ucap Iin.
Peserta aksi lainnnya, Ratna (44) mengaku sejak kehadiran MBG dirinya tidak perlu memberikan uang jajan sebanyak sebelumnya, kepada anaknya yang duduk di bangku sekolah dasar.
“Karena saya punya anak SD, sejak ada MBG jadi uang jajannya bisa dikurangi. Karena tidak usah jajan lagi kan,” kata Ratna.
Ratna mengatakan sebelum program MBG berjalan, ia biasanya memberikan uang sebesar Rp 15.000 per hari kepada anaknya.
Kini, ia cukup memberikan Rp 10.000.
Bagi Ratna uang tersebut cukup untuk anaknya bersekolah karena jarak antara rumah dengan sekolah sang anak hanya berjarak lima kilometer di sekitaran wilayah Jakarta Timur.
Belum lagi putri semata wayangnya itu diantar jemput olehnya setiap hari.
“Itu buat jajan saja soalnya biasa diantar pulang sama berangkatnya sama bapaknya,” kata Ratna.
Sementara itu, peserta aksi lainnya, Aisyah Prameswari, menilai program MBG membantu keluarga yang kesulitan menyediakan makanan bergizi setiap hari untuk anak-anak mereka.
“Tidak semua orangtua punya kemampuan yang sama untuk menyediakan makanan bergizi setiap hari. Ya bagus-bagus saja ini karena membantu anak-anak mendapatkan gizi yang cukup,” kata Aisyah.
Ia menambahkan, program tersebut juga membantu mengurangi beban pengeluaran rumah tangga di tengah harga kebutuhan pokok yang terus melambung tinggi."
Kelalaian Negara di Balik Pemadaman Listrik Bergilir,https://nasional.kompas.com/read/2026/06/19/12500041/kelalaian-negara-di-balik-pemadaman-listrik-bergilir,Kompas,berita,2026-06-19,"Doktor Sosiologi dari Universitas Padjadjaran. Pengamat sosial dan kebijakan publik. Pernah berprofesi sebagai Wartawan dan bekerja di industri pertambangan.
Doktor Sosiologi dari Universitas Padjadjaran. Pengamat sosial dan kebijakan publik. Pernah berprofesi sebagai Wartawan dan bekerja di industri pertambangan.
Artikel ini adalah kolom, seluruh isi dan opini merupakan pandangan pribadi penulis dan bukan cerminan sikap redaksi.
KETIKA selebaran resmi PT PLN (Persero) beredar luas dengan imbauan agar masyarakat menyiapkan senter dan lilin guna mengantisipasi pemadaman listrik bergilir, ada ironi besar yang sedang ditonton di panggung ekonomi nasional.
Di era digital saat jaringan internet, kecerdasan buatan, dan otomatisasi pabrik menjadi denyut nadi keseharian, anjuran untuk kembali ke penerangan abad pertengahan tersebut terasa seperti lelucon yang sangat hambar alias tak lucu.
Terlebih lagi, krisis ini tidak terjadi di pulau terluar yang terisolasi, tapi merayap di Pulau Jawa, episentrum gravitasi ekonomi yang menyumbang hampir 60 persen terhadap Produk Domestik Buruto (PDB) nasional.
Pemadaman listrik bergilir dengan durasi hingga tiga jam yang melanda sejumlah wilayah strategis di Jawa sepanjang Juni 2026, tentu bukan hanya gangguan teknis biasa.
Peristiwa ini merupakan alarm keras bagi rapuhnya tata kelola energi nasional dan cerminan dari disfungsi kebijakan publik yang sangat mendasar.
Kartografi pemadaman menunjukkan betapa meluasnya krisis keandalan listrik ini. Dari Bogor, Depok, Tangerang, Bandung, hingga merambah ke Jawa Tengah dan Jawa Timur seperti Semarang, Solo, Malang, dan Surabaya, pemadaman bergilir telah menjadi menu harian baru yang cukup pahit untuk ditelan.
Di Bogor, pemadaman menyasar kawasan pemukiman dan sentra usaha seperti Sentul, Nanggewer, Cimahpar, hingga Cileungsi.
Di Tangerang Raya dan Depok, wilayah vital seperti sebagian kawasan Puspiptek, Taman Tekno, hingga Kampus Universitas Indonesia turut gulita.
Bergeser ke timur, masyarakat Malang Raya harus menelan pil pahit pemadaman bergilir yang berlangsung hampir dua pekan.
Sementara di Surabaya, kawasan padat penduduk seperti Sidotopo Wetan dan pusat pariwisata religi Ampel tak luput dari pemangkasan beban listrik secara darurat.
Ketika pemadaman berlangsung antara tiga hingga lima jam sehari, ritme kehidupan modern dan produktivitas ekonomi seketika terhantam keras.
Kerugian yang ditimbulkan oleh padamnya listrik tidak bisa lagi diukur hanya dengan nominal rupiah yang hilang di atas kertas tagihan.
Bagi pelaku usaha mikro, kecil, dan menengah (UMKM) yang tidak memiliki modal untuk membeli generator set (genset) cadangan, pemadaman listrik adalah lonceng kematian bagi pendapatan harian.
Seorang pengusaha kue di Desa Talok, Malang, harus menyaksikan adonan rotinya bantet dan bahan baku di dalam lemari es membusuk akibat mati lampu mendadak. Penjual es rumahan di Bekasi Utara meratapi dagangannya yang mencair tanpa pembeli.
Di Cileungsi, kelalaian pasokan daya selama lima jam tanpa pemberitahuan menyebabkan matinya aset biologis warga berupa komoditas ikan koi bernilai tinggi akibat hilangnya suplai oksigen dari mesin aerator.
Dampak pemadaman ini bahkan menembus ruang-ruang pelayanan publik yang paling krusial.
Kantor Dinas Kependudukan dan Pencatatan Sipil di Kota Sukabumi lumpuh total, memaksa warga Kecamatan Warudoyong yang ingin mengurus dokumen penting pulang dengan tangan hampa.
Di sektor kesehatan, meskipun rumah sakit besar memiliki sistem kelistrikan darurat, transisi daya saat listrik padam mendadak selalu membawa risiko kerusakan bagi peralatan medis sensitif di ruang perawatan intensif dan mengancam kualitas penyimpanan air susu ibu (ASI) bagi para ibu menyusui di kawasan pemukiman."
"Roy Suryo dan Dokter Tifa Ditangkap, Polda Metro Beberkan Alasannya Siang Ini",https://megapolitan.kompas.com/read/2026/06/19/12433891/roy-suryo-dan-dokter-tifa-ditangkap-polda-metro-beberkan-alasannya-siang,Kompas,berita,2026-06-19,"JAKARTA, KOMPAS.com - Polda Metro Jaya akan menyampaikan informasi terkait penangkapan Roy Suryo dan Tifauzia Tyassuma hari ini.
“(Terkait penangkapan Roy Suryo) siang nanti akan dirilis,” kata Kabid Humas Polda Metro Jaya, Kombes Pol Budi Hermanto, saat dikonfirmasi melalui pesan singkat, Jumat (19/6/2026).
Roy dikabarkan dijemput ke rumahnya pagi ini sekira pukul 07.00 WIB di Bintaro, Tangerang Selatan.
Kuasa hukumnya, Ahmad Khozinudin, mengungkapkan, saat itu Roy baru tiba di rumah setelah perjalanan panjang dari Bandung, Jawa Barat.
“Dan semalam itu Pak Roy saat dijemput baru istirahat, nyampe di rumah dari pukul 03.00 dari Bandung. Jadi praktis baru beberapa jam istirahat,” jelas Khozinudin ditemui di Mapolda Metro Jaya.
Penyidik disebut meringsek masuk ke dalam kamar pribadi Roy dan istri. Menurut Khozinudin, tindakan ini adalah bentuk penyalahgunaan kekuasaan ( abuse of power ).
Sebab, penangkapan hari ini tak ada pemberitahuan terlebih dahulu.
Terlebih lagi, klaim kelengkapan berkas perkara (P21) dari Kejaksaan DKI Jakarta juga tak kunjung diterima mereka dalam bentuk surat.
“Karena ada mekanisme penggunaan wewenang yang lain melalui upaya pemanggilan, tetapi itu tidak dilakukan oleh penyidik. Penyidik bypass langsung melakukan upaya paksa dengan melakukan penangkapan,” ujar dia.
Di saat yang bersamaan, Tifa juga dijemput dari apartemennya di kawasan Tebet, Jakarta Selatan.
Padahal, Tifa dijadwalkan untuk mengikuti ujian disertasi di Fakultas Kedokteran Universitas Indonesia pukul 08.00 WIB.
Maka dari itu, dia pun harus mengikuti ujian ini dari jarak jauh secara daring di Mapolda Metro Jaya.
Polda Metro Jaya menetapkan delapan orang sebagai tersangka atas kasus tudingan ijazah palsu Jokowi setelah penyidikan yang panjang.
Secara umum, delapan tersangka dijerat dengan Pasal 27A dan Pasal 28 UU Informasi dan Transaksi Elektronik (ITE), serta Pasal 310 dan/atau 311 KUHP dengan ancaman pidana penjara maksimal 6 tahun.
Para tersangka ini kemudian dibagi ke dalam dua klaster sesuai dengan perbuatannya."
Tanggapan Jokowi soal Penangkapan Roy Suryo dan Dokter Tifa,https://regional.kompas.com/read/2026/06/19/130205578/tanggapan-jokowi-soal-penangkapan-roy-suryo-dan-dokter-tifa,Kompas,regional,2026-06-19,"SOLO, KOMPAS.com - Presiden ke-7 RI Joko Widodo (Jokowi) memastikan akan mengikuti seluruh proses hukum terkait polemik ijazah yang saat ini bergulir hingga ke pengadilan.
Ia juga menyatakan siap hadir dalam persidangan dan menunjukkan ijazah aslinya.
Pernyataan itu disampaikan Jokowi saat menanggapi kabar penangkapan Roy Suryo dan Tifauzia Tyassuma atau Dokter Tifa oleh penyidik Polda Metro Jaya.
""Kita ikuti proses hukum yang ada sampai nanti di sidang pengadilan. Karena nanti pengadilan lah yang akan memutuskan. Kita ikuti, kita ikuti,"" kata Jokowi saat ditemui awak media di Sumber, Banjarsari, Solo , Jawa Tengah, Jumat (19/6/2026).
Selain itu, Jokowi juga menyatakan akan hadir di pengadilan.
""Iya hadir. Akan hadir,"" terangnya.
Lebih lanjut, Jokowi juga kembali menegaskan komitmennya untuk menunjukkan ijazah aslinya ke persidangan.
""Iya, sesuai yang sudah saya sampaikan (bawa ijazah asli ke persidangan),"" ungkap Jokowi.
KOMPAS.com/HANIFAH SALSABILA Roy Suryo dan pengacaranya Refly Harun ditemui di Mapolda Metro Jaya, Kamis (12/3/2026). Sebelumnya, Roy Suryo ditangkap penyidik Polda Metro Jaya pada Jumat pagi.
Kuasa hukum Roy Suryo, Ahmad Khozinudin, mengatakan kliennya dijemput di kediamannya sekitar pukul 07.00 WIB.
“Hari ini klien kami Roy Suryo dikabarkan oleh istrinya telah ditangkap oleh penyidik Polda Metro Jaya,” kata Khozinudin dalam keterangan tertulis, Jumat.
Selain Roy Suryo, Tifauzia Tyassuma atau Dokter Tifa juga disebut dijemput penyidik pada pukul 06.47 WIB di apartemennya.
Khozinudin menyayangkan langkah yang disebutnya sebagai penangkapan paksa tersebut.
Menurut dia, Roy Suryo dan Dokter Tifa selama ini bersikap kooperatif selama proses penyidikan.
Sebab, Roy dan Tifa selama ini selalu memenuhi wajib lapor setelah ditetapkan sebagai tersangka.
“Padahal, klien kami selama ini kooperatif memenuhi panggilan penyidik bahkan selalu melaksanakan wajib lapor,” kata dia."
"BGN Setop Insentif SPPG Rp 6 Juta per Hari Saat Libur Sekolah, Efisiensi Rp 3,4 T",https://nasional.kompas.com/read/2026/06/19/13205151/bgn-setop-insentif-sppg-rp-6-juta-per-hari-saat-libur-sekolah-efisiensi-rp,Kompas,berita,2026-06-19,"Penulis
JAKARTA, KOMPAS.com - Badan Gizi Nasional (BGN) menerbitkan Surat Edaran Nomor 12 Tahun 2026 terkait penyetopan penyaluran Makan Bergizi Gratis (MBG) selama libur sekolah.
Selama periode libur sekolah itu, Juru Bicara BGN sekaligus Wakil Kepala BGN Agustina Arumsari menyampaikan bahwa Satuan Pelayanan Pemenuhan Gizi ( SPPG ) atau dapur MBG tidak akan mendapatkan insentif sebesar Rp 6 juta per hari.
""Di dalam SE ini menegaskan bahwa dengan tidak didistribusikannya MBG, maka seluruh SPPG yang tidak beroperasi tidak akan mendapat insentif,"" ujar Sari dalam konferensi pers di Kantor BGN, Jakarta, dikutip dari siaran Youtube Kompas TV, Kamis (18/6/2026).
Berdasarkan informasi dari Kementerian Pendidikan Dasar dan Menengah (Kemendikdasmen), libur sekolah dimulai pada 22 Juni hingga 13 Juli 2026.
Adapun saat ini, terdapat 27.820 SPPG yang telah beroperasi. Jika insentif tidak diberikan kepada SPPG selama periode libur sekolah, BGN mengefisiensi anggaran sebesar Rp 3,4 triliun.
""Jumlah SPPG yang telah beroperasi 27.820 dikalikan dengan insentif per hari itu selama 18 hari, maka kita sudah bisa melakukan efisiensi insentif SPPG itu Rp 3.400.560.000.000,"" ujar Sari.
""Jadi insentif yang Rp 6 juta itu tidak diberikan,"" sambungnya.
Momen libur sekolah selama sekitar tiga minggu itu akan dimanfaatkan untuk menata dan memperbaiki tata kelola MBG.
""Untuk kali ini kebijakan yang kami ambil adalah kami benar-benar tidak mendistribusikan MBG, dengan maksud tadi, untuk standardisasi tata kelola operasional, efisiensi sumber daya,"" ujar Sari.
Sebelumnya, BGN memiliki aturan soal pemberian insentif Rp 6 juta per hari. Aturan ini dimuat dalam Keputusan Kepala BGN RI Nomor 401.1 Tahun 2025 tentang Petunjuk Teknis Tata Kelola Penyelenggaraan Program MBG Tahun 2026.
Dalam beleid itu juga mengatur soal pemberian insentif harian bagi SPPG dilakukan setiap hari termasuk saat hari libur.
KOMPAS.com/FIRDA JANATI Wakil Kepala BGN Agustina Arumsari, saat konferensi pers di Kantor BGN, Jakarta Pusat, Kamis (18/6/2026).
Insentif diberikan selama 313 hari dalam setahun dengan perhitungan 365 hari dalam setahun dikurangi 52 hari minggu dalam setahun.
Insentif senilai Rp 6 juta per hari itu juga tidak dihitung berdasarkan jumlah porsi MBG yang dilayani serta dianggap sebagai dana bantuan yang dikecualikan dari obyek pajak penghasilan.
Dalam kesempatan tersebut, BGN mengidentifikasi 76 sekolah di Pulau Jawa yang dinilai mampu sehingga tidak lagi mendapatkan MBG per, Kamis (18/6/2026).
""Sampai dengan hari ini, tanggal hari ini, kami sudah melakukan pendataan dan sudah teridentifikasi 76 sekolah di Pulau Jawa sementara ini,"" ujar Sari."
Tersangka Korupsi MBG Glory Harimas dan Hubungannya dengan Dadan Hindayana,https://nasional.kompas.com/read/2026/06/19/13195781/tersangka-korupsi-mbg-glory-harimas-dan-hubungannya-dengan-dadan-hindayana,Kompas,berita,2026-06-19,"JAKARTA, KOMPAS.com - Kejaksaan Agung (Kejagung) mengungkapkan bahwa Glory Harimas Sihombing (GHS), tersangka keenam dalam kasus dugaan korupsi tata kelola program Makan Bergizi Gratis (MBG), telah mengenal mantan Kepala Badan Gizi Nasional (BGN) Dadan Hindayana (DH) jauh sebelum program tersebut berjalan.
Direktur Penyidikan Jaksa Agung Muda Tindak Pidana Khusus (Jampidsus) Kejagung Syarief Sulaeman Nahdi mengatakan, hubungan antara GHS dan Dadan sudah terjalin sebelum tahun 2024.
""Memang betul saudara GHS ini sudah kenal dengan saudara DH itu sebelum tahun 2025. Jadi, sekitar sebelum tahun 2024 pun sudah memang sudah kenal dengan saudara DH,"" kata Syarief, dalam konferensi pers di Gedung Bundar Kejagung, Jakarta, Kamis (18/6/2026) malam.
Kedekatan tersebut menjadi salah satu temuan penyidik dalam mengusut dugaan korupsi tata kelola MBG periode 2025-2026.
Kejagung menetapkan Ketua Yayasan Indonesia Food Security Review itu sebagai tersangka karena diduga berperan mengatur dan menjual titik dapur Satuan Pelayanan Pemenuhan Gizi (SPPG) kepada calon mitra program MBG.
Dalam konstruksi perkara, Dadan disebut meminta GHS mencari mitra untuk pelaksanaan program MBG.
Selanjutnya, Dadan diduga memberikan akses khusus kepada GHS untuk memperoleh titik-titik dapur SPPG melalui yayasan yang dimilikinya.
Setelah memperoleh titik tersebut, GHS diduga menjualnya kepada pihak yang ingin menjadi mitra MBG.
Menurut Syarief, harga yang dipatok untuk memperoleh titik dapur SPPG bervariasi.
""Harganya bervariasi. Puluhan juta. Lebih, Rp 50 juta ke atas. Bisa lebih. Jadi, memang bervariasi, mungkin puluhan sampai ratusan juta,"" ujar dia.
Penyidik bahkan menemukan sejumlah transaksi dengan nilai sekitar Rp 100 juta untuk satu titik dapur SPPG.
Selain dugaan penjualan titik SPPG, Kejagung juga menemukan adanya pemberian uang dari GHS kepada Dadan.
Uang tersebut diberikan secara tunai dalam mata uang rupiah maupun asing dan diduga berasal dari para calon mitra MBG yang meminta bantuan agar dapat diterima dalam program tersebut.
Syarief mengatakan, pemberian uang itu tidak dilakukan hanya satu kali, melainkan berlangsung berulang selama beberapa bulan sejak 2025 hingga saat ini.
""Untuk pemberian itu tidak dilakukan sekali, ada yang secara berkala, ada yang mungkin kalau diperlukan. Jadi, tidak secara sekali,"" ujar dia."
4 Komitmen Operator Seluler di MK Jawab Gugatan Skema Kuota Internet Hangus,https://nasional.kompas.com/read/2026/06/19/13320081/4-komitmen-operator-seluler-di-mk-jawab-gugatan-skema-kuota-internet-hangus,Kompas,berita,2026-06-19,"Penulis
JAKARTA, KOMPAS.com - Asosiasi Penyelenggara Telekomunikasi Seluruh Indonesia (ATSI) bersama operator seluler seperti Telkomsel, Indosat, serta XL mengaku telah berdiskusi dan menghasilkan empat komitmen terkait skema kuota internet hangus yang digugat ke Mahkamah Konstitusi (MK).
Keempat komitmen perlindungan konsumen itu disampaikan dalam sidang perkara Nomor 273/PUU-XXIII/2025 dan 33/PUU-XXIV/2026 yang mempermasalahkan skema kuota internet hangus di Mahkamah Konstitusi ( MK ), Jakarta, Kamis (18/6/2026).
""Satu, ATSI dan operator seluler telah dan akan terus menyediakan dan mengembangkan berbagai pilihan paket jasa layanan internet yang dapat memberikan fleksibilitas lebih bagi pelanggan,"" ujar Direktur Eksekutif ATSI Marwan O Baasir menyampaikan keterangannya dalam sidang perkara Nomor 273/PUU-XXIII/2025 dan 33/PUU-XXIV/2026, Kamis.
""Di antaranya paket jasa layanan internet dengan menggunakan fitur akumulasi kuota ( rollover ), non-rollover , maupun dengan inovasi layanan lainnya,"" sambungnya.
Kedua, ATSI dan operator seluler telah menyediakan dan akan meningkatkan keterbukaan serta kemudahan akses informasi kepada pelanggan.
Antara lain melalui penyampaian informasi produk jasa layanan internet yang lebih sederhana dan mudah dipahami, serta penyediaan kanal/media informasi yang memudahkan pelanggan memantau penggunaan dan sisa kuota internet yang dipilihnya.
Ketiga, ATSI dan operator seluler akan terus memperkuat upaya perlindungan hak pelanggan, termasuk mengoptimalisasi mekanisme penanganan pengaduan pelanggan dan evaluasi berkala terhadap layanan yang disediakan.
""Langkah ini dilakukan untuk meningkatkan pengalaman pelanggan sekaligus menjaga kualitas layanan yang berkelanjutan,"" ujar Marwan.
Terakhir, kerangka regulasi dan kebijakan yang berlaku terkait jasa layanan internet pada prinsipnya turut mengakomodasi keseimbangan antara kepentingan pelanggan, kualitas layanan, dan keberlanjutan penyelenggaraan layanan telekomunikasi.
Marwan menjelaskan, keseimbangan tersebut penting untuk dijaga dan selalu dipertimbangkan agar seluruh lapisan masyarakat terus dapat menikmati layanan yang terjangkau dan berkualitas.
""Dalam semangat tersebut, ATSI dan operator seluler juga akan terus mengeksplorasi berbagai inovasi layanan yang dapat memberikan nilai tambah dan fleksibilitas yang lebih baik bagi pelanggan dan keberlanjutan industri sesuai dengan perkembangan teknologi yang ada"" ujar Marwan.
ANTARA FOTO/Hafidz Mubarak A Gedung Mahkamah Konstitusi. MK tegaskan larangan wakil menteri (wamen) yang merangkap jabatan melalui putusan yang dibacakan dalam sidang perkara nomor 128/PUU-XXIII/2025 pada Kamis (28/8/2025).
Sebelumnya, pengemudi ojek online (ojol) bernama Didi Supandi serta pedagang kuliner bernama Wahyu Triana Sari mempersoalkan skema sisa kuota internet yang belum digunakan akan hangus saat berakhirnya masa aktif.
Atas dasar hal tersebut, keduanya sebagai sebagai Pemohon mengajukan uji materiil terhadap Pasal 71 angka 2 Undang-Undang (UU) Nomor 6 Tahun 2023 tentang Cipta Kerja ke Mahkamah Konstitusi (MK).
""Ketentuan norma Pasal 71 angka 2 Cipta Kerja telah memberikan cek kosong kepada operator untuk menetapkan skema “kuota hangus” tanpa adanya kewajiban akumulasi (rollover) kepada konsumen,"" ujar Didi dalam sidang pemeriksaan pendahuluan perkara Nomor 273/PUU-XXIII/2025, di Gedung MK, Jakarta, Selasa (13/1/2026).
Sementara itu, perkara Nomor 33/PUU-XXIV/2026 diajukan mahasiswa bernama TB Yaumul Hasan Hidayat.
Permohonan tersebut mempersoalkan sistem penghangusan (expired) kuota internet yang belum digunakan saat berakhirnya masa aktif kuota oleh penyedia jasa telekomunikasi atau operator.
Menurut para Pemohon, dalam proses perubahan Pasal 28 UU Telekomunikasi yang dimuat dalam Pasal 71 angka (2) UU Cipta Kerja pada 2023 tidak menyesuaikan adanya perkembangan teknologi informasi terutama yang berkaitan dengan perkembangan data internet."
"Xiaomi Rilis Mimo Code, AI Coding Gratis yang Diklaim Ungguli Claude",https://tekno.kompas.com/read/2026/06/19/14080097/xiaomi-rilis-mimo-code-ai-coding-gratis-yang-diklaim-ungguli-claude,Kompas,sains,2026-06-19,"KOMPAS.com - Perusahaan teknologi asal China, Xiaomi meluncurkan MiMo Code V0.1.0, yakni asisten pemrograman berbasis kecerdasan buatan (AI) yang berjalan langsung di terminal komputer. Agen coding ini bersifat open source dan tersedia di bawah lisensi MIT.
Xiaomi sesumbar bahwa MiMo Code lebih unggul dibanding Claude Code dari Anthropic di beberapa platform benchmark, terutama untuk tugas coding yang kompleks dan perlu banyak tahap penyesuaian.
MiMo Code dibangun dari proyek open source OpenCode, kemudian dikembangkan lebih lanjut oleh Xiaomi dengan menambahkan sistem memori, mode workflow, dan integrasi model AI buatan Xiaomi sendiri.
Asisten coding berbasis AI ini fokus mengatasi keterbatasan kecerdasan buatan saat sesi coding panjang.
Sebab, salah satu kendala yang sering didapati asisten coding AI yaitu menurunnya kemampuan model untuk mengingat konteks proyek saat sesi kerja berlangsung lama.
Seiring bertambahnya konteks dan instruksi yang harus diproses, model AI sering kehilangan informasi penting terkait keputusan, struktur proyek, maupun status pekerjaan yang telah dilakukan sebelumnya.
Untuk mengatasinya, Xiaomi membekali MiMo Code dengan sistem memori lintas sesi (cross-session memory).
Sistem ini memiliki empat lapisan memori, yaitu memori proyek yang disimpan secara permanen, checkpoint , catatan sementara, dan log progres tugas.
Seluruh informasi tersebut dikelola menggunakan SQLite FTS5 untuk pencarian dan pemanggilan kembali konteks yang relevan.
Xiaomi juga menambahkan sub-agent khusus bernama ""checkpoint-writer"" yang bertugas mencatat perkembangan proyek secara otomatis tanpa mengganggu pekerjaan agen utama.
Dengan pendekatan ini, MiMo Code diklaim dapat melanjutkan pekerjaan dengan lebih konsisten meski sesi pengembangan berlangsung dalam waktu lama atau melibatkan ratusan langkah pengerjaan.
Selain itu, tersedia fitur ""/dream"" yang secara berkala meninjau sesi-sesi sebelumnya untuk diringkas menjadi memori jangka panjang, serta fitur ""distill"" yang dapat mengidentifikasi pola pekerjaan berulang untuk diotomatisasi.
Menurut data yang dibagikan Xiaomi, MiMo Code yang dipasangkan dengan model MiMo-V2.5-Pro memperoleh skor lebih tinggi dibandingkan Claude Code pada beberapa platform benchmark.
Pada SWE-bench Verified misalnya, MiMo Code mencatat skor 82 persen dibanding Claude Code yang memperoleh 79 persen. Sementara di SWE-bench Pro, MiMo Code meraih skor 62 persen, lebih tinggi dari Claude Code yang berada di angka 55 persen.
Xiaomi Perbandingan MiMo Code dengan Claude Code
Adapun pada Terminal Bench 2, MiMo Code mencatat skor 73 persen, sedangkan Claude Code memperoleh 69 persen."
Elon Musk: Massa dan Energi Akan Gantikan Uang Dollar AS,https://money.kompas.com/read/2026/06/19/141303726/elon-musk-massa-dan-energi-akan-gantikan-uang-dollar-as,Kompas,ekonomi,2026-06-19,"KOMPAS.com - CEO SpaceX, Elon Musk meyakini di masa depan massa dan energi akan menggantikan uang konvensional seperti dollar AS.
Hal itu diungkapkannya saat menggagas pembangunan komputasi AI di bulan yang membutuhkan panel surya dan radiator.
""Jauh sebelum itu, uang konvensional tidak akan lagi relevan. Massa & energi akan menggantikan uang ( dollar AS ),"" jelas Elon di akun resmi X @elonmusk, Selasa (16/6/2026) dikutip dari Benzinga , Jumat (19/6/2026).
Elon berani berujar demikian apabila pembangunan panel surya dan radiator kapasitas raksasa baik di bulan maupun di bumi menyediakan energi murah bahkan gratis bagi umat manusia termasuk sumber daya komputasi AI.
Sehingga menekan uang konvensional ke titik dimana kurang laku.
Tetap saja, untuk memenuhi ambisinya, Elon membutuhkan sokongan uang triliunan dollar AS, IPO SpaceX jadi solusinya.
IPO SpaceX Jumat pekan lalu menghasilkan 85,7 miliar dollar AS (Rp 1,5 kuadriliun).
Bahkan pada 2030, Elon menargetkan pendapatan SpaceX sebesar 1 triliun dollar AS (Rp 17,8 kuadriliun).
Hal itu untuk membiayai peluncuran 100.000 satelit ke orbit bumi.
""Dana tambahan yang terkumpul dari penjatahan berlebih (overallotment) SpaceX lebih besar daripada hampir semua IPO teknologi yang pernah tercatat,"" jelas CNBC , Senin (15/6/2026).
Peluncuran 100.000 satelit itu digunakan sebagai jaringan Starlink.
Untuk memproduksi dan meluncurkan 100.000 satelit dibutuhkan kapasitas manufaktur yang belum pernah ada sebelumnya dalam sejarah umat manusia.
""SpaceX bertujuan untuk memproduksi ribuan satelit V3 setiap tahun, berpotensi meningkat hingga 5.000-10.000 per tahun, sambil mengandalkan kemampuan Starship untuk digunakan kembali sepenuhnya guna memangkas biaya peluncuran hingga tingkat yang kompetitif dengan pengiriman barang melalui udara internasional,"" jelas Gulf News , Jumat (12/6/2026).
Bila ambisi ini berhasil, maka kekayaan Elon tambah besar setiap waktunya."
"60 Pancake Terenak di Dunia versi TasteAtlas 2026, Ada Serabi hingga Dadar Gulung",https://www.kompas.com/food/read/2026/06/19/141122875/60-pancake-terenak-di-dunia-versi-tasteatlas-2026-ada-serabi-hingga-dadar,Kompas,food,2026-06-19,"Penulis
KOMPAS.com - Pancake menjadi salah satu hidangan dessert yang hadir di berbagai belahan dunia dengan cita rasa dan bentuk yang beragam.
Tak hanya pancake bergaya Barat, Indonesia juga memiliki sajian serupa seperti serabi dan dadar gulung yang berhasil masuk dalam daftar Top 100 Panceks in The World .
Daftar tersebut disusun oleh TasteAtlas, platform panduan kuliner global yang mengulas makanan tradisional dari berbagai negara.
Peringkat ini didasarkan pada penilaian dan ulasan pengguna yang telah diverifikasi, kemudian diolah untuk menghasilkan skor akhir setiap hidangan.
TasteAtlas juga menerapkan sistem penyaringan guna mengurangi penilaian yang tidak valid maupun bersifat manipulatif, sehingga daftar yang dirilis mencerminkan apresiasi publik terhadap kuliner khas dari berbagai penjuru dunia.
Siapa sangka, jajanan yang seringkali kita temui di pasar atau pedagang kaki lima ternyata mampu masuk dalam jajaran pancake terbaik di dunia.
Seperti sarabi yang masuk dalam urutan ke-36 dan dadar gulung yang masuk dalam urutan ke-53.
Sementara itu, peringkat pertama dimenangkan oleh pancake asal Latvia. Sebuah makanan yang terbuat dari kentang kemudian membentuk panekuk. Teksturnya yang renyah di luar dan lembut di dalam membuat hidangan ini cukup popular.
Makanan ini bahkan bisa bersama dengan sour cream atau selai lingoberry.
Sementara itu, posisi kedua dan ketiga diisi oleh crepes. Makanan khas Perancis ini berbentk kue dadar tipis yang terbuat dari tepung, telur, susu dan mentega."
"Resmi Dieksekusi Negara, Bagaimana Nasib Tamu yang Kadung Pesan Hotel Sultan?",https://www.kompas.com/properti/read/2026/06/19/133000021/resmi-dieksekusi-negara-bagaimana-nasib-tamu-yang-kadung-pesan-hotel,Kompas,properti,2026-06-19,"JAKARTA, KOMPAS.com - Pusat Pengelolaan Komplek Gelora Bung Karno (PPKGBK) sudah melakukan eksekusi Hotel Sultan pada Kamis (18/06/2026).
Direktur Utama PPKGBK Rakhmadi Afif Kusumo mengatakan bahwa sudah ada tamu yang terlanjur melakukan pemesanan kamar untuk bulan Desember 2026.
Iya mengatakan, PPKGBK akan memberikan penanganan lebih lanjut kepada para tamu tersebut.
""Tentu dari pihak GBK bersama Kemensetneg ialah bagaimana nanti kita bisa melayani lebih baik lagi ke depannya. Dan kita akan segera umumkan kalau sudah ada arahan lebih lanjut,"" kata dia.
Sementara untuk tamu yang sudah melakukan pemesanan kamar pada tanggal-tanggal terdekat, PPKGBK menyediakan posko penanganan dan mengarahkan melakukan pemesanan ke hotel-hotel di sekitar senayan lainnya.
""Tadi ada beberapa sudah datang dan langsung pindah ke beberapa hotel yang ada di kawasan Senayan. (Mereka) tidak keberatan karena mereka booking sendiri dan izin, kita harus teruskan juga, mereka juga membayar sendiri,"" lanjutnya.
Selama beberapa dekade, hotel bintang lima tersebut dikelola oleh perusahaan milik keluarga Pontjo Sutowo, PT Indobuildco.
Berdasarkan catatan Kompas.com , Kuasa Hukum PT Indobuildco Hamdan Zoelva pernah mengatakan, salah satu alasan keberatan PT Indobuilco adalah karena ada Surat Edaran Mahkamah Agung (MA) yang menyatakan bahwa pelaksanaan putusan serta-merta harus disertai dengan uang jaminan.
Uang jaminan tersebut, menurutnya, untuk mengantisipasi bila ada kerugian yang timbul pada kemudian hari. Sementara besaran uang jaminan yang diminta oleh PT Indobuildco adalah senilai harga seluruh properti Hotel Sultan .
""Nilai saja bangunan hotel itu berapa, senilai bangunan hotel itu,"" ujar Hamdan saat ditemui di Pengadilan Negeri Jakarta Pusat pada Senin (09/02/2026).
Sebelumnya, ia pernah mengungkapkan kepada Kompas.com bahwa uang jaminan atau ganti rugi yang dinilai mereka setara dengan pelepasan kepemilikan Hotel Sultan kepada pemerintah senilai Rp 28,292 triliun.
Menjawab permintaan tersebut, Kuasa Hukum PPKGBK Kharis Sucipto mengatakan bahwa negara tidak akan memberikan ganti rugi kepada PT Indobuildco.
""Tidak ada ganti rugi karena tanah dan bangunan milik negara,"" kata Kharis kepada Kompas.com, Kamis (18/06/2026).
Malah, PT Indobuildco masih memiliki kewajiban untuk membayar royalti kepada negara.
Royalti yang diminta dibayarkan sebesar 45.356.473 dolar Amerika Serikat yang akan dikonversi ke rupiah saat pembayaran dilakukan.
PPKGBK menyediakan posko layanan bagi karyawan eks Hotel Sultan yang terdampak eksekusi.
Wakil Menteri Sekretaris Negara Juri Ardiantoro berpesan agar PPKGK tidak hanya mendata karyawan, tetapi juga memerhatikan nasibnya.
""Jadi intinya kami tidak ingin mereka setelah pengambilalihan aset ini menjadi pihak yang dikorbankan. Jadi kami ingin memanusiakan mereka, nanti kita akan data, ajak komunikasi, ajak bareng untuk melanjutkan aktivitas di GBK,"" kata dia."
"Perangkat Desa di Demak Bantah Pesta Miras di Kantor: Akui Bawa Minuman, Ditegur Carik",https://regional.kompas.com/read/2026/06/19/143348078/perangkat-desa-di-demak-bantah-pesta-miras-di-kantor-akui-bawa-minuman,Kompas,regional,2026-06-19,"DEMAK, KOMPAS.com - Perangkat Desa Bumiharjo, Kecamatan Guntur, Kabupaten Demak membantah adanya pesta miras di Kantor Desa Tritumpel.
Sebelumnya, ada enam perangkat desa yang terlibat dalam kejadian pada Jumat (12/6/2026) itu.
Dua orang dari Desa Bumiharjo dan empat orang dari Desa Tritumpel.
W, salah satu perangkat Desa Bumiharjo membantah adanya pesta miras .
""Tidak ada pesta miras di dalam kantor Turitempel itu tidak ada,"" ujar W, melalui sambungan telepon, Jumat (19/6/2026).
Meski begitu, W mengakui mengonsumsi miras sebelum datang ke Kantor Desa Turitempel.
"" Cuman , memang saya beli minum, tapi minum saya di luar, terus saya mau main ke kantor,"" katanya.
W mengakui sempat membawa sedikit miras tersebut namun ditegur oleh Carik Desa Turitempel.
""Tidak ada, waktu itu memang semua berbincang-bincang, memang saya bawa minuman sedikit, saya ditegur Carik (Turitempel), terus saya keluar habiskan di luar,"" ungkapnya.
Diberitakan sebelumnya, dugaan pesta miras Kantor Desa Turitempel itu terjadi pada Jumat (12/6/2026) siang saat jam kerja.
Kepala Desa Turitempel, Rohmat mengatakan, berdasarkan hasil penyelidikan terdapat 6 orang yang terlibat, 4 orang dari perangkat Desa Turitempel dan 2 orang dari perangkat Desa Bumiharjo.
Pihaknya bergerak cepat melakukan musyawarah desa (Musdes) pada Senin (16/6/2026) untuk menentukan sanksi 4 perangkat Desa Turitempel yang terlibat.
""Hasil Musdes rekomendasi dari BPD yang kami terima berupa SP 2, yang satu jelas kita skorsing ,"" ujar Rohmat, melalui sambungan telepon, Rabu (17/6/2026).
Adapun sanksi untuk 4 perangkat Desa Turitempel, 3 perangkat berupa surat peringatan kedua (SP 2).
Sementara satu orang perangkat dikenakan sanksi SP 2 dan skorsing meskipun tidak ikut minum, namun terlibat menyediakan dan ditemukan timbunan miras di rumahnya."
Pemerintah Tutup Klinik Kecantikan Ilegal Milik WNA di Bali,https://nasional.kompas.com/read/2026/06/19/14332871/pemerintah-tutup-klinik-kecantikan-ilegal-milik-wna-di-bali,Kompas,berita,2026-06-19,"JAKARTA, KOMPAS.com - Kementerian Kesehatan (Kemenkes) menyampaikan bahwa pemerintah daerah telah menutup klinik kecantikan ilegal milik Warga Negara Asing (WNA) di Bali.
Dari hasil investigasi dan koordinasi intensif yang dipimpin Kemenkes bersama lintas kementerian dan lembaga, klinik tersebut terbukti menyelenggarakan layanan estetika medis tanpa izin dan mempekerjakan tenaga medis WNA secara ilegal.
""Saat ini, fasilitas tersebut sudah ditindaklanjuti dan ditutup. Semua instansi lintas sektoral telah menyatakan kesiapan untuk menindak tegas sesuai kewenangan masing-masing, baik dari aspek kesehatan, keimigrasian, maupun perizinan usaha,"" kata Kepala Biro Komunikasi dan Informasi Publik Kemenkes, Aji Muhawarman, dalam keterangannya, Jumat (19/6/2026).
Aji mengatakan, tindakan penutupan klinik bernama PRIME Skin Clinic (sebelumnya Elasto Beauty) ini untuk melindungi masyarakat dari praktik medis yang membahayakan kesehatan.
Praktik tanpa izin , penggunaan tenaga kerja tanpa STR dan SIP, serta penggunaan obat maupun alat kesehatan tanpa izin edar merupakan pelanggaran serius yang tidak dapat ditoleransi oleh pemerintah.
""Kemenkes berkomitmen melindungi masyarakat melalui pengawasan mutu pelayanan. Setiap pelanggaran akan ditindak tegas sesuai hukum yang berlaku demi menjaga integritas sistem kesehatan nasional,"" ujar Aji.
Kemenkes mengimbau masyarakat untuk selalu kritis dan hanya mengakses layanan kesehatan pada fasilitas yang memiliki izin resmi serta ditangani oleh tenaga medis yang kompeten dan tersertifikasi.
Masyarakat dapat memverifikasi legalitas fasilitas kesehatan dan tenaga medis secara mandiri, serta melaporkan dugaan praktik ilegal melalui kanal pengaduan resmi pemerintah.
Sebelumnya, Kemenkes telah menggelar rapat koordinasi taktis yang melibatkan Kementerian Luar Negeri, Kementerian Imigrasi dan Pemasyarakatan, Kementerian Ketenagakerjaan, Kementerian Dalam Negeri, Badan Intelijen Negara (BIN), BAIS TNI, serta Dinas Kesehatan Provinsi Bali dan Kabupaten Badung selaku pihak pengeksekusi di lapangan.
Berdasarkan hasil investigasi, fasilitas tersebut dipastikan sama sekali tidak terdaftar dalam sistem Registrasi Fasilitas Pelayanan Kesehatan Kemenkes.
Selain tidak memiliki izin operasional resmi, klinik tersebut juga didapati mempekerjakan sejumlah tenaga medis dan tenaga kesehatan WNA asal Rusia dan Armenia tanpa dokumen perizinan yang sah.
Sesuai regulasi yang berlaku di Indonesia, layanan medis hanya dapat dilakukan oleh tenaga kesehatan yang memiliki kompetensi sesuai serta wajib mengantongi Surat Tanda Registrasi (STR) dan Surat Izin Praktik (SIP) yang dikeluarkan oleh otoritas resmi di Indonesia.
Akhirnya, Dinas Kesehatan di daerah bersama instansi terkait mengamankan fakta serta bukti pendukung guna memperkuat proses hukum lanjutan."
"Sopir Truk di Tanjung Priok Kerap Dipaksa Bawa Armada Rusak, Khawatir Dipecat jika Menolak",https://megapolitan.kompas.com/read/2026/06/19/14330741/sopir-truk-di-tanjung-priok-kerap-dipaksa-bawa-armada-rusak-khawatir,Kompas,berita,2026-06-19,"JAKARTA, KOMPAS.com - Deru mesin truk nyaris tak pernah berhenti di kawasan Pelabuhan Tanjung Priok, Jakarta Utara.
Siang dan malam, kendaraan-kendaraan besar itu keluar masuk pelabuhan mengangkut barang demi menjaga roda logistik nasional tetap berputar.
Namun, di balik kesibukan tersebut, tersimpan kegelisahan para sopir yang setiap hari harus mengemudikan armada dengan kondisi yang kerap bermasalah.
Ketika rem tak lagi pakem, ban mulai gundul, atau lampu kendaraan tidak berfungsi, pilihan yang mereka miliki sering kali hanya satu, yakni tetap melanjutkan perjalanan.
KOMPAS.com/ SHINTA DWI AYU Sopir truk mengaku sering terpaksa membawa kendaraan yang tak layak jalan. Ketua Umum Keluarga Besar Sopir Indonesia (KB-SI), Nuratmo (45), mengatakan para sopir selalu melaporkan apabila truk yang mereka kendarai mengalami kerusakan dan membutuhkan perbaikan.
""Saat sopir melapor bahwa rem kurang pakem, terkadang bos hanya menyuruh untuk jalan dulu karena sedang ada muatan,"" ucap Nuratmo ketika berbincang dengan Kompas.com di kawasan Pelabuhan Tanjung Priok, Kamis (18/6/2026).
Meski penuh risiko, para sopir terpaksa harus tetap bekerja dengan truk yang tak layak jalan lantaran khawatir dipecat jika menolak.
Menurut Nuratmo, perusahaan trucking kerap menganggap masih banyak orang yang siap menggantikan sopir yang enggan mengemudikan kendaraan bermasalah.
Di sisi lain, uang jalan yang diberikan perusahaan juga kerap pas-pasan. Dana tersebut harus dibagi untuk membeli solar, makan, parkir, dan kebutuhan operasional lainnya, sehingga sopir tidak memiliki kemampuan untuk memperbaiki kendaraan secara mandiri.
Nuratmo juga menyebut masih banyak truk yang beroperasi di kawasan Tanjung Priok dengan surat kendaraan yang sudah tidak berlaku serta kondisi yang tidak lagi laik jalan.
""Kami inginnya semua aman surat hidup, rem pakem, dan lampu menyala. Tapi kalau keluhan tidak direspons dan hanya disuruh jalan terus, kami berada dalam posisi yang dilematis karena tuntutan kebutuhan keluarga,"" sambung dia.
Kondisi itu, menurut dia, menjadi salah satu penyebab sering munculnya video viral di media sosial yang memperlihatkan truk kontainer beroperasi dalam kondisi membahayakan, di antaranya ban copot, ban kendur, hingga peti kemas yang tidak terkunci dengan baik.
Nuratmo memintah pemerintah bertindak tegas terhadap pengusaha truk yang mengabaikan keselamatan.
""Terutama Dinas Perhubungan (DKI Jakarta) dalam melakukan pengawasan saat uji KIR. Masih ada oknum yang meloloskan kendaraan yang sebenarnya tidak layak,"" ungkap dia.
Ia juga meminta Dinas Perhubungan berkolaborasi dengan pihak pelabuhan untuk menerapkan aturan keselamatan secara lebih tegas."
"Makan Bergizi Gratis Libur Sekolah, Pekerja SPPG Mojokerto Tetap Masuk dan Bersiap Diaudit",https://surabaya.kompas.com/read/2026/06/19/143256978/makan-bergizi-gratis-libur-sekolah-pekerja-sppg-mojokerto-tetap-masuk-dan,Kompas,regional,2026-06-19,"Editor
MOJOKERTO, KOMPAS.com – Sejumlah pekerja di Satuan Pelayanan Pemenuhan Gizi (SPPG) di Mojokerto, Jawa Timur, diwajibkan untuk tetap masuk kerja meskipun aktivitas di dapur program Makan Bergizi Gratis (MBG) dihentikan sementara selama masa libur sekolah.
Kebijakan penghentian sementara distribusi Makan Bergizi Gratis ( MBG ) ini mengikuti arahan terbaru dari Badan Gizi Nasional (BGN). Selama libur panjang sekolah tersebut, BGN juga berencana melakukan audit dan evaluasi menyeluruh terhadap mitra pengelola dapur.
Kepala SPPG Pungging, Mojokerto , Abdul (29) mengonfirmasi bahwa operasional pendistribusian makanan di wilayahnya akan diliburkan selama tiga minggu, terhitung mulai tanggal 22 Juni 2026. Meski demikian, tidak semua staf dibebastugaskan.
""Pendistribusian (MBG) yang libur, yang tetap masuk dalam waktu libur adalah KSPP, akuntan, ahli gizi, dan satpam,"" ujar Abdul saat dijumpai di SPPG Pungging, Kamis (18/6/2026).
Sebelum memasuki masa libur panjang, pengelola SPPG Pungging memanfaatkan waktu yang ada untuk melakukan pembersihan total (general cleaning) di seluruh area produksi. Langkah ini dilakukan guna memastikan semua peralatan memasak dalam kondisi steril.
Di SPPG Pungging sendiri, terdapat total 37 pekerja yang terdiri dari 34 relawan, serta masing-masing satu orang akuntan, ahli gizi, kepala SPPG, juru masak, dan asisten lapangan.
""Kita melakukan General Cleaning membersihkan dapur, mensterilkan untuk menghadapi libur panjang kurang lebih 3 minggu. Jadi sebelum libur, kita wajib mensterilkan dapur (MBG) dulu karena selama libur tidak ada aktivitas di dapur,"" ungkap pria asal Desa Keramat Mupakat, Aceh Tengah tersebut.
Selain melakukan sterilisasi, para staf yang tetap masuk diwajibkan menyusun dan merapikan dokumen administratif untuk menghadapi rencana audit dari Badan Gizi Nasional. Dokumen yang disiapkan meliputi data transaksi keuangan, jumlah riil penerima manfaat, hingga daftar menu harian.
Walau belum menerima surat pemberitahuan resmi mengenai jadwal audit di dapurnya, Abdul mengaku pihak manajemen sudah bersiap sejak dini berdasarkan informasi dari Koordinator Cabang (Korcab) SPPG Kecamatan Pungging.
""Pemberitahuan (Audit) untuk dapur ini belum ada, kita belum tahu itu untuk semua dapur atau seperti apa, intinya siapkan diri. Semuanya tujuannya baik, kalau memang ada yang perlu dievaluasi lagi, diperbaiki dengan adanya audit jadinya lurus ada bimbingan begitu,"" pungkas Abdul.
SPPG Pungging tercatat baru beroperasi selama dua bulan, sejak pertama kali dibuka pada 13 April 2026. Sejauh ini, dapur tersebut melayani 1.273 penerima manfaat, yang terdiri dari 888 siswa sekolah dan sisanya menyasar kelompok rentan seperti ibu hamil, ibu menyusui, serta balita.
Menurut Abdul, operasional dapur berjalan sangat lancar tanpa kendala teknis yang berarti. Masalah utama yang dihadapi justru adalah minimnya jumlah penerima manfaat di wilayah Kecamatan Pungging. Hal ini diperparah karena banyak dapur MBG di wilayah lain yang saat ini masih dalam tahap pembangunan.
""Kita kekurangan PM itu saja sebenarnya, jumlah penerima manfaat,"" tutupnya.
Berdasarkan informasi yang dihimpun, audit yang akan digelar BGN nantinya juga akan mengevaluasi skema insentif bagi mitra SPPG. Rencananya, besaran insentif akan disesuaikan dengan jumlah penerima manfaat yang dilayani oleh masing-masing dapur.
Sebelum aturan evaluasi ini mencuat, Badan Gizi Nasional memberikan insentif flat senilai Rp 6 juta per hari kepada setiap mitra pemilik dapur MBG. Rencana perubahan skema insentif yang proporsional ini rupanya mendapat respons positif dari internal pengelola.
""Ya malah bagus kalau ada seperti itu, soalnya kan mitra biar bisa misal dapur (MBG) ini kurang lengkap nih fasilitasnya. Jadi nanti bisa dilengkapi lebih baik lagi,"" ucap salah seorang ahli gizi SPPG Pungging yang tidak berkenan namanya dipublikasikan.
Sementara itu, Koordinator Wilayah (Korwil) SPPG Mojokerto dari Badan Gizi Nasional, Faulina Nur Fadhilah, membenarkan bahwa regulasi mengenai aktivitas SPPG selama masa libur sekolah ini masih dalam tahap pematangan.
""Kami masih dalam Zoom sosialisasi oleh Bapak Waka (Wakil Kepala). Masih disosialisasikan,"" kata Faulina singkat saat dikonfirmasi.
Artikel ini telah tayang di Surya.co.id dengan judul Pekerja SPPG di Mojokerto Tetap Masuk Saat Dapur MBG Dihentikan Sementara Selama Libur Sekolah"
"Musim Penuh Warna LALIGA, Pesta Barcelona di El Clasico Jadi Cerita",https://bola.kompas.com/read/2026/06/19/14324718/musim-penuh-warna-laliga-pesta-barcelona-di-el-clasico-jadi-cerita,Kompas,olahraga,2026-06-19,"Penulis
KOMPAS.com - Indonesia ikut merayakan berakhirnya LALIGA 2025-2026 yang penuh warna. Pesta juara Barcelona saat duel El Clasico kontra Real Madrid jadi salah satu sorotan.
Acara LALIGA End of Season Party pada Rabu (17/6/2026) yang berlangsung di Jakarta Selatan menjadi momen untuk mengenang berbagai momen menarik di kompetisi kasta teratas sepak bola Spanyol musim 2025-2026.
Jurnalis, perwakilan media, dan influencer meramaikan acara dengan turut membagikan pengalaman masing-masing.
""Saya pikir kami memiliki musim yang sangat menarik. Kita melihat Barcelona merayakan dan memastikan gelar di El Clasico. Sebuah hal yang sangat unik, tutur perwakilan LALIGA di Indonesia, Almudena Gomez, menjawab pertanyaan KOMPAS.com.
Ya, Barcelona memang menyegel gelar juara LALIGA 2025-2026 setelah mengalahkan sang rival abadi, Real Madrid , 2-0 di Stadion Camp Nou, pada 10 Mei 2026 silam.
""Kita juga melihat persaingan di klasemen untuk zona Eropa sampai pekan terakhir musim. Kita melihat berbagai kisah yang berbeda di sepanjang musim dan itu menarik bagi para penggemar"" ucap Almudena menambahkan.
Cerita-cerita menarik dari Almudena Gomez tadi terasa dekat dengan pencinta sepak bola di Indonesia yang memang dikenal sebagai salah satu basis penggemar terpenting LALIGA di Asia.
Dok. LALIGA Perwakilan LALIGA di Indonesia, Almudena Gomez, berbicara dalam acara LALIGA End of Season Party 2025-2026 di Jakarta, Rabu (17/6/2026).
Apalagi, sejak tahun 2017, LALIGA secara aktif menghadirkan berbagai program yang bertujuan untuk mendekatkan sepak bola Spanyol kepada para penggemar di Indonesia.
LALIGA juga membangun kolaborasi yang lebih erat dengan media sebagai mitra strategis dalam menyampaikan perkembangan terkini dan cerita-cerita menarik dari sepak bola kasta teratas Spanyol.
Selain melakukan kilas balik terhadap musim yang telah berjalan, LALIGA juga memberikan gambaran soal sejumlah inisiatif yang akan dijalankan pada musim mendatang.
Salah satu program utama yang akan kembali digelar adalah LALIGA Youth Tournament, yang akan diselenggarakan di berbagai kota di Indonesia.
Turnamen ini merupakan bagian dari komitmen LALIGA dalam mendukung pembinaan sepak bola usia muda dan level akar rumput di Tanah Air.
Program ini telah membantu memunculkan talenta-talenta muda berbakat, salah satunya Farrel Luckyta Widodo, yang dinobatkan sebagai Pemain Terbaik LALIGA Youth Tournament 2024 dan kini telah memperkuat Timnas U17 Indonesia.
""Antusiasme yang ditunjukkan para penggemar Indonesia terhadap sepak bola Spanyol terus menjadi inspirasi bagi kami.""
""Acara ini menjadi kesempatan untuk merayakan musim yang luar biasa bersama para mitra media kami, sekaligus menegaskan kembali komitmen kami dalam mendukung perkembangan sepak bola dan keterlibatan penggemar di Indonesia,"" ujar Almudena Gomez."
"Kisah di Balik Rambut Kuncung Ronaldo, Hasil Manis Saat Piala Dunia 2002...",https://www.kompas.com/cekfakta/read/2026/06/19/143200382/kisah-di-balik-rambut-kuncung-ronaldo-hasil-manis-saat-piala-dunia-2002,Kompas,cek-fakta,2026-06-19,"KOMPAS.com - Gaya rambut kuncung legenda Brasil, Ronaldo Luis Nazario de Lima saat Piala Dunia 2002 sempat menggemparkan dunia.
Bahkan, potongan yang hanya menyisakan sedikit rambut di bagian depan ala Ronaldo Nazario itu ditiru anak-anak di sejumlah negara, termasuk Indonesia.
Saking populernya, di Indonesia sampai muncul sinetron berjudul Ronaldowati . Serial itu tayang perdana pada 25 Februari 2008, sekitar enam tahun sejak penampilan Ronaldo Sang Fenomena.
Sinetron itu menceritakan seorang bocah perempuan yang jago bermain bola dengan gaya rambut kuncung Ronaldo .
Ronaldo Nazario tidak tampil dengan rambut kuncung sejak awal Piala Dunia 2002 digelar. Dia baru menambahkan rambut di bagian depan itu sejak semifinal.
Setelah gaya rambut kuncung itu menjadi perbincangan, Ronaldo akhirnya buka suara. Dilansir ESPN, pemain kelahiran 5 Februari 1985 itu mengaku bahwa potongan rambut uniknya dibuat bukan tanpa alasan.
Menjelang Piala Dunia 2002 bergulir, Ronaldo mengalami serangkaian cedera yang sempat mengganggu kariernya. Cedera itu menjadi bahan pemberitaan media dan perbincangan banyak orang.
Keputusan pelatih Brasil , Luiz Felipe Scolari memanggil Ronaldo pada Piala Dunia 2002 pun sempat dipertanyakan. Sebab, pemain berjuluk El Fenomeno belum sepenuhnya pulih 100 persen dari cedera.
Tak ingin menjadi sorotan karena cedera, Ronaldo kemudian memotong rambut dengan gaya unik. Hal itu dilakukan supaya media dan banyak orang lebih menyoroti gaya rambut kuncungnya.
""Saya datang latihan dan semua orang melihatku dengan rambut yang berantakan. Semua orang membicarakan rambut saya dan melupakan cedera yang saya alami. Saya bisa lebih tenang, rileks, dan fokus pada latihan,"" ujar Ronaldo."
"Polisi Tangkap Pelaku Penyalahgunaan Biosolar di Pasaman Barat, 31 Jeriken Diamankan",https://regional.kompas.com/read/2026/06/19/143151278/polisi-tangkap-pelaku-penyalahgunaan-biosolar-di-pasaman-barat-31-jeriken,Kompas,regional,2026-06-19,"Editor
PASAMAN BARAT, KOMPAS.com - Pengungkapan kasus dugaan penyalahgunaan bahan bakar minyak (BBM) bersubsidi kembali dilakukan aparat kepolisian.
Kali ini, Kepolisian Resor Pasaman Barat, Sumatera Barat melalui Tim Opsnal Unit Reaksi Cepat (URC) Satuan Reserse Kriminal berhasil menangkap seorang pelaku yang diduga terlibat dalam praktik ilegal tersebut.
Penangkapan dilakukan di wilayah Jorong Kajai, Nagari Kajai, Kecamatan Talamau, setelah aparat menerima laporan dari masyarakat terkait aktivitas mencurigakan yang melibatkan distribusi BBM bersubsidi jenis biosolar.
Kasat Reskrim Polres Pasaman Barat , A. Agung Ngurah Santa Subrata, membenarkan adanya penangkapan terhadap seorang pelaku yang diduga melakukan penyalahgunaan niaga BBM bersubsidi. Ia menjelaskan bahwa pengungkapan kasus bermula dari laporan masyarakat.
""Kami telah mengamankan seorang pelaku penyalahgunaan BBM bersubsidi jenis biosolar yang membawa puluhan jerigen menggunakan kendaraan pick up,"" katanya dikutip dari Antara .
Laporan tersebut menyebutkan adanya kendaraan pick up yang membawa puluhan jerigen berisi BBM bersubsidi dan diduga akan diedarkan di wilayah Kecamatan Talamau.
Menindaklanjuti informasi itu, Tim URC yang dipimpin oleh Kanit Opsnal Satreskrim, Algino Ganaro, segera melakukan penyelidikan di lapangan.
“Menanggapi laporan tersebut, saya bersama Tim URC yang dipimpin langsung oleh Kanit Opsnal Ipda Algino Ganaro melakukan penyelidikan dengan patroli di wilayah Kajai, Kecamatan Talamau,” ujarnya.
Dalam proses patroli, petugas menemukan sebuah kendaraan pick up merek Ford Ranger warna silver dengan nomor polisi BG 9239 C yang melintas di Jalan Lintas daerah Kajai, Nagari Kajai, Kecamatan Talamau.
Kendaraan tersebut kemudian dihentikan karena dicurigai membawa BBM bersubsidi dalam jumlah besar.
“Saat dilakukan pemeriksaan, kendaraan yang dikemudikan oleh UM (48) kedapatan membawa 31 jerigen berisi BBM bersubsidi jenis biolsolar yang ditutupi menggunakan terpal warna biru,” katanya menjelaskan.
Temuan ini menguatkan dugaan adanya praktik penyalahgunaan distribusi BBM bersubsidi yang seharusnya diperuntukkan bagi masyarakat tertentu sesuai ketentuan pemerintah.
Berdasarkan hasil interogasi awal, pelaku mengaku mendapatkan BBM tersebut dengan cara mengumpulkannya dari para pelangsir di sejumlah SPBU di wilayah Pasaman Barat.
Setelah terkumpul, BBM bersubsidi tersebut kemudian dijual kembali dengan harga yang lebih tinggi kepada warung-warung kecil di wilayah Kecamatan Talamau.
“Pelaku mengakui bahwa BBM tersebut akan dijual kembali ke warung-warung kecil yang berada di Kecamatan Talamau dengan harga yang lebih tinggi,” kata dia."
15 Konsep Trivia Night Kreatif yang Bikin Acara Makin Seru dan Interaktif,https://buku.kompas.com/read/6088/15-konsep-trivia-night-kreatif-yang-bikin-acara-makin-seru-dan-interaktif,Kompas,buku,2026-06-19,"Trivia night telah menjadi salah satu aktivitas hiburan yang populer dalam berbagai acara.
Konsep permainan kuis ini menggabungkan pengetahuan umum, kerja sama tim, dan suasana kompetitif yang santai.
Namun, seiring semakin seringnya acara trivia night diselenggarakan, banyak orang mulai mencari konsep yang lebih kreatif agar permainan tidak terasa monoton.
Pertanyaan yang menarik memang penting, tetapi tema, format permainan, dan pengalaman yang diberikan kepada peserta juga memiliki peran besar dalam menentukan kesuksesan acara.
Dengan konsep yang tepat, trivia night dapat menjadi lebih interaktif, menghibur, dan meninggalkan kesan yang lebih mendalam bagi peserta.
Oleh karena itu, memahami berbagai konsep trivia night kreatif dapat membantu penyelenggara menghadirkan acara yang berbeda dari biasanya.
Tema dan konsep yang menarik dapat meningkatkan rasa penasaran peserta bahkan sebelum acara dimulai.
Misalnya, trivia night dengan tema film, musik era tertentu, atau budaya pop sering kali membuat peserta lebih antusias karena mereka merasa memiliki keterkaitan dengan topik yang diangkat.
Semakin tinggi antusiasme peserta, semakin besar pula keterlibatan mereka selama permainan berlangsung.
Peserta cenderung mengingat pengalaman yang unik dan berbeda dari acara biasa.
Konsep trivia night yang kreatif, seperti penggunaan kostum, dekorasi tematik, atau tantangan interaktif, dapat menciptakan pengalaman yang lebih menyenangkan dan mudah dikenang.
Hal ini penting terutama untuk acara perusahaan, komunitas, maupun kegiatan kampus yang ingin meninggalkan kesan positif bagi para peserta.
Salah satu tujuan utama trivia night adalah membangun komunikasi dan kerja sama tim.
Konsep yang kreatif sering kali menghadirkan tantangan yang membutuhkan diskusi, strategi, dan kolaborasi yang lebih intens antar anggota tim.
Dengan demikian, peserta tidak hanya bermain untuk menang, tetapi juga mempererat hubungan sosial selama acara berlangsung.
Format permainan yang monoton dapat membuat peserta kehilangan fokus, terutama jika acara berlangsung dalam durasi yang cukup panjang.
Konsep kreatif memungkinkan penyelenggara menghadirkan variasi permainan, ronde bonus, tantangan visual, atau aktivitas interaktif lainnya.
Variasi ini membantu menjaga suasana tetap hidup, meningkatkan keterlibatan peserta, dan membuat trivia night terasa lebih dinamis dari awal hingga akhir.
Pada akhirnya, konsep trivia night yang kreatif dapat menjadi kunci untuk menciptakan acara yang lebih seru, interaktif, dan berkesan bagi seluruh peserta.
Agar acara berjalan seru dan mampu mempertahankan antusiasme peserta, penyelenggara perlu merancang konsep yang sesuai dengan audiens dan menghadirkan pengalaman yang interaktif.
Berikut beberapa cara yang bisa diterapkan.
Pahami siapa yang akan mengikuti acara.
Dengan memahami profil peserta, penyelenggara dapat menciptakan pengalaman yang lebih relevan dan menyenangkan
Misalnya:
Tema merupakan elemen utama yang menentukan suasana trivia night.
Tema yang dekat dengan minat peserta biasanya mampu meningkatkan partisipasi dan membuat diskusi dalam tim menjadi lebih aktif.
Salah satu kesalahan yang sering terjadi dalam trivia night adalah hanya menggunakan pertanyaan tertulis dari awal hingga akhir.
Format yang monoton dapat membuat peserta cepat bosan.
Elemen interaktif dapat meningkatkan keterlibatan peserta dan membuat acara terasa lebih hidup.
Selain menjawab pertanyaan, peserta juga dapat diajak mengikuti aktivitas tambahan yang memicu kerja sama dan kompetisi sehat.
Berikut beberapa ide konsep trivia night yang dapat menjadi inspirasi.
Film merupakan tema yang sangat populer karena memiliki banyak penggemar.
Peserta dapat diminta menebak karakter, dialog, atau judul film dari cuplikan gambar.
Kategori yang bisa digunakan antara lain:
Musik dapat menciptakan suasana yang lebih santai dan menyenangkan.
Konsep ini cocok untuk berbagai kelompok usia.
Contoh permainan: Baca buku sepuasnya di Gramedia Digital Premium
Baca buku sepuasnya di Gramedia Digital Premium
Tema nostalgia sering menjadi favorit karena membangkitkan kenangan masa lalu.
Topik yang dapat digunakan:
Budaya populer selalu berkembang dan menarik untuk dibahas.
Tema ini sangat cocok untuk peserta usia muda.
Kategori yang dapat digunakan:
Konsep ini mengajak peserta menjelajahi dunia melalui pertanyaan.
Contoh topik:
Kuliner adalah tema yang dekat dengan kehidupan sehari-hari.
Pertanyaan dapat membahas:
Konsep ini menggabungkan trivia dengan unsur misteri.
Peserta harus mengumpulkan petunjuk dari setiap jawaban untuk memecahkan sebuah kasus atau teka-teki.
Format ini membuat peserta lebih terlibat dalam permainan.
Mirip dengan escape room , setiap jawaban benar akan membuka petunjuk menuju tahap berikutnya.
Konsep ini cocok untuk peserta yang menyukai tantangan.
Peserta diminta mengenakan kostum sesuai tema acara.
Kostum juga dapat menjadi bagian dari penilaian tambahan.
Contoh tema:
Dalam konsep ini, sebagian besar pertanyaan menggunakan gambar.
Peserta dapat diminta menebak:
Selain gambar, suara juga bisa digunakan sebagai media permainan.
Konsep ini sangat efektif untuk menjaga fokus peserta.
Contoh:
Tema ini cocok untuk gathering perusahaan.
Selain menghibur, konsep ini juga memperkuat rasa kebersamaan.
Kategori dapat mencakup:
Format ini mempertemukan dua tim secara langsung dalam satu babak.
Setiap jawaban benar akan memberikan poin tambahan.
Persaingan yang lebih intens membuat suasana semakin seru.
Trivia night juga dapat digunakan sebagai kegiatan sosial.
Biaya pendaftaran atau donasi peserta dapat disalurkan untuk kegiatan amal.
Konsep ini menggabungkan hiburan dan kepedulian sosial.
Banyak organisasi kini memiliki anggota yang berada di lokasi berbeda.
Konsep hybrid memungkinkan peserta online dan offline bermain bersama dalam satu acara.
Platform seperti Zoom atau Google Meet dapat digunakan untuk mendukung permainan
Untuk membantu membuat suasana trivia night menjadi lebih cair dan interaktif, buku Icebreakers for All bisa jadi referensi yang tepat.
Buku ini berisi berbagai ide icebreaker yang mudah diterapkan, serta menyajikan cara-cara kreatif untuk membagikan door prize yang membuat acara terasa lebih seru.
Dengan durasi sekitar 5–10 menit, icebreaker dalam buku ini cocok digunakan untuk berbagai tingkat peserta dan dapat disesuaikan dengan beragam kebutuhan acara.
Baca selengkapnya buku Icebreakers for All hanya di Gramedia Digital ."
Perkumpulan Strada Padukan Pendidikan Karakter dan Kepedulian Lingkungan,https://www.kompas.com/edu/read/2026/06/19/135954471/perkumpulan-strada-padukan-pendidikan-karakter-dan-kepedulian-lingkungan,Kompas,edukasi,2026-06-19,"KOMPAS.com - Di tengah derasnya arus modernisasi dan tantangan perubahan iklim global, institusi pendidikan memegang peran krusial dalam menentukan arah masa depan bumi.
Menyadari tanggung jawab tersebut, sekolah milik Perkumpulan Strada yang berada di Kota Tangerang, yaitu TK Dewi Sartika 3, SD Strada Slamet Riyadi 1, SD Strada Slamet Riyadi 2, dan SMP Strada Slamet Riyadi berkomitmen mengintegrasikan pendidikan berkelanjutan dalam sistem pembelajarannya.
Sejalan dengan implementasi Panduan Pendidikan Perubahan Iklim yang diluncurkan Kementerian Pendidikan pada 2024, kompleks pendidikan itu menghadirkan berbagai kegiatan untuk mendorong peserta didik memahami isu perubahan iklim secara lebih dekat.
Melalui pembelajaran dan kegiatan nyata di sekolah, peserta didik diajak mengenali berbagai tantangan lingkungan serta memahami peran yang dapat mereka lakukan untuk menjaga kelestarian bumi.
Dalam rangka menciptakan sekolah yang ramah lingkungan dan berkelanjutan, Perkumpulan Strada menjadikan program pelestarian lingkungan sebagian bagian dari budaya sekolah.
Berbagai program dijalankan secara konsisten dalam kehidupan sehari-hari untuk menanamkan kesadaran kepada peserta didik bahwa menjaga lingkungan merupakan tanggung jawab bersama yang perlu dilakukan sejak dini.
Salah satunya, peserta didik dibiasakan memilah sampah sesuai jenisnya, menjaga kebersihan lingkungan kelas dan halaman sekolah, serta berpartisipasi dalam kegiatan penghijauan.
Selain itu, sekolah juga mendorong budaya hemat energi dan air sebagai bagian dari pembentukan karakter yang bertanggung jawab terhadap lingkungan.
Pembiasaan tersebut tidak hanya bertujuan menciptakan lingkungan sekolah yang bersih dan nyaman, tetapi juga membangun kesadaran bahwa tindakan sederhana yang dilakukan setiap hari dapat memberikan dampak positif bagi lingkungan.
Dengan demikian, pendidikan lingkungan hidup tidak berhenti pada teori di ruang kelas, tetapi menjadi pengalaman nyata yang membentuk kebiasaan peserta didik.
Dari sisi infrastruktur, kompleks pendidikan Strada Slamet Riyadi menghadirkan lingkungan sekolah yang hijau dan asri. Pepohonan yang tumbuh di berbagai sudut kawasan sekolah menciptakan lingkungan yang sejuk dan nyaman bagi peserta didik.
Area sekolah yang bersih, tertata, dan terawat tidak hanya menghadirkan keindahan, tetapi juga menciptakan ruang belajar yang sehat dan menyenangkan. Kondisi ini menjadi salah satu faktor penting dalam mendukung proses pembelajaran yang efektif.
Sejumlah upaya yang dilakukan berhasil mengantarkan Perkumpulan Strada meraih predikat Sekolah Adiwiyata. Capaian ini membuktikan bahwa komitmen sekolah dalam mengembangkan budaya peduli lingkungan secara berkelanjutan telah diakui secara nasional.
Keberhasilan tersebut sekaligus menunjukkan dukungan sekolah terhadap kebijakan pemerintah dalam memperkuat pendidikan lingkungan hidup di satuan pendidikan.
Dok. Perkumpulan Strada SMP Strada Slamet Riyadi meraih prestasi dalam ajang Thomas Day 2026."
"RUPS PLN Resmi Rombak Kursi Direksi, Ini Daftar Lengkapnya",https://money.kompas.com/read/2026/06/19/120741126/rups-pln-resmi-rombak-kursi-direksi-ini-daftar-lengkapnya,Kompas,ekonomi,2026-06-19,"KOMPAS.com – PT Perusahaan Listrik Negara (Persero) atau PLN resmi melakukan penyegaran pada jajaran direksi perseroan.
Keputusan tersebut diambil dalam Rapat Umum Pemegang Saham (RUPS) Tahun Buku 2026 yang digelar di Kantor Kementerian Badan Usaha Milik Negara (BUMN), Jakarta, Kamis (18/6/2026).
Dalam RUPS tersebut, pemegang saham menyepakati perubahan susunan direksi PLN. Perombakan ini menjadi bagian dari upaya memperkuat tata kelola perusahaan sekaligus memastikan keberlanjutan transformasi PLN dalam menghadapi tantangan industri ketenagalistrikan yang semakin dinamis.
Perubahan jajaran direksi juga diarahkan untuk mendukung pencapaian target pembangunan nasional di sektor energi.
Selain merombak susunan direksi, PLN menambah nomenklatur Wakil Direktur Utama (Wadirut) dalam struktur kepemimpinan perseroan.
Manajemen dan insan PLN menyampaikan apresiasi kepada jajaran direksi yang telah mengakhiri masa tugasnya atas dedikasi, kontribusi, dan pengabdian selama memimpin perusahaan.
Apresiasi tersebut terutama diberikan atas peran mereka dalam mendorong transformasi perusahaan, memperkuat kinerja korporasi, meningkatkan kualitas layanan kepada pelanggan, serta mendukung agenda transisi energi nasional.
PLN juga menyampaikan selamat kepada jajaran direksi yang mendapatkan amanah baru.
“Pengalaman, kompetensi, dan kepemimpinan yang dimiliki akan semakin memperkuat langkah PLN dalam menjalankan mandat penyediaan tenaga listrik yang andal, berkelanjutan, dan berorientasi pada kepentingan masyarakat,” tulis manajemen PLN dalam keterangan tertulis yang diterima Kompas.com, Jumat (19/6/2026).
Berikut susunan lengkap direksi PLN saat ini:"
"Bertemu Governor of South Australia, Menteri Rini Bahas Transformasi Digital hingga Akselerasi Pelayanan Publik",https://nasional.kompas.com/read/2026/06/19/10592501/bertemu-governor-of-south-australia-menteri-rini-bahas-transformasi-digital,Kompas,berita,2026-06-19,"KOMPAS.com – Indonesia dan Australia terus memperkuat kemitraan strategis dalam berbagai bidang, termasuk sektor pemerintahan atau birokrasi.
Dalam pertemuan dengan Governor of South Australia Frances Adamson AC, Menteri Pendayagunaan Aparatur Negara dan Reformasi Birokrasi (PANRB) Rini Widyantini membahas reformasi sektor publik, peningkatan kapasitas dan tata kelola, serta transformasi digital sektor publik.
“Pertemuan dengan Ambassador Brazier, Gubernur Adamson, dan Profesor Stirling dari Flinders University adalah kesempatan yang sangat istimewa. Lewat pertemuan ini, kami dapat saling bertukar pandangan terkait hal-hal yang menjadi mutual interest antara Indonesia dan Australia,” ujarnya dalam keterangan tertulis yang diterima Kompas.com, Jumat (19/6/2026).
Hal itu disampaikan Rini dalam Diplomatic Lunch Hosted by the Australian Ambassador in Honour of the Governor of South Australia di Jakarta, Kamis (18/6/2026).
Rini menjelaskan, dalam agenda transformasi digital nasional, penguatan kapasitas sumber daya manusia (SDM) menjadi faktor yang sama pentingnya dengan pengembangan teknologi.
Untuk itu, Indonesia berfokus pada peningkatan kompetensi lebih dari 6,7 juta aparatur sipil negara (ASN), terutama dalam literasi digital, pengambilan keputusan berbasis data, analisis kebijakan, manajemen publik yang adaptif, dan mobilitas talenta.
Menurut Rini, peluang kemitraan dengan universitas-universitas kelas dunia perlu terus dikembangkan untuk mendukung peningkatan kapasitas pemimpin sektor publik melalui program pendidikan eksekutif, program magister, sertifikasi profesional, dan mikro-kredensial yang relevan dengan kebutuhan masa depan.
Potensi kolaborasi yang lebih erat antara instansi pemerintah Indonesia dan universitas Australia juga menjadi langkah strategis dalam menyiapkan talenta kepemimpinan sektor publik yang unggul.
Rini juga memaparkan urgensi dukungan terhadap peran ASN perempuan sebagai upaya membangun birokrasi yang inklusif dan adaptif.
Ia juga menegaskan, setidaknya ada empat pendekatan yang perlu terus didorong bersama. Pertama , legislasi dan kebijakan yang berpihak dan adil.
Kedua , transformasi budaya organisasi. Ketiga , keteladanan kepemimpinan. Keempat , penguatan semangat women support women melalui jejaring, mentoring, dan coaching yang terstruktur.
DOK. Humas Kementerian PANRB Pertemuan Menteri Pendayagunaan Aparatur Negara dan Reformasi Birokrasi (PANRB) Rini Widyantini dengan Governor of South Australia Frances Adamson AC dalam Diplomatic Lunch Hosted by the Australian Ambassador in Honour of the Governor of South Australia di Jakarta, Kamis (18/6/2026).
Lebih lanjut, Rini menjelaskan, Pemerintah Indonesia berkomitmen untuk memastikan hasil reformasi birokrasi dan transformasi pelayanan publik menjangkau seluruh wilayah Indonesia secara merata.
Penguatan kapasitas pemerintah daerah menjadi agenda strategis, mengingat lebih dari 6,7 juta ASN berperan langsung dalam pelaksanaan layanan publik di seluruh Indonesia.
Rini menyebutkan, pemerintah meyakini bahwa transformasi digital harus tetap berlandaskan pada kebutuhan masyarakat.
“Oleh karena itu, pemanfaatan teknologi diarahkan untuk menghadirkan pelayanan publik yang lebih mudah diakses, lebih inklusif, dan lebih responsif terhadap kebutuhan warga,” ucapnya.
Rini menambahkan, Indonesia memandang Australia sebagai mitra strategis yang memiliki hubungan erat dan saling menguntungkan, baik di tingkat pemerintah maupun masyarakat.
Menurutnya, pertemuan tersebut menjadi wadah penting untuk memperkuat pemahaman bersama sekaligus mengeksplorasi berbagai peluang kerja sama ke depan.
“Di tengah perubahan yang semakin cepat, mulai dari perkembangan teknologi hingga dinamika ekonomi dan sosial, saya meyakini bahwa Indonesia dan Australia memiliki peluang besar untuk bekerja sama lebih erat dalam reformasi sektor publik, pemerintahan digital, pengembangan pemimpin masa depan, dan peningkatan kualitas sumber daya manusia,” ujar Rini."
DPRD Jangan Lagi Jadi Pelengkap Penderita,https://nasional.kompas.com/read/2026/06/19/14150011/dprd-jangan-lagi-jadi-pelengkap-penderita,Kompas,berita,2026-06-19,"Guru Besar Institut Pemerintahan Dalam Negeri (IPDN), Pj Gubernur Riau 2013-2014, Dirjen Otda Kemendagri 2010-2014
Guru Besar Institut Pemerintahan Dalam Negeri (IPDN), Pj Gubernur Riau 2013-2014, Dirjen Otda Kemendagri 2010-2014
Artikel ini adalah kolom, seluruh isi dan opini merupakan pandangan pribadi penulis dan bukan cerminan sikap redaksi.
DI TENGAH semakin menguatnya posisi kepala daerah dalam sistem pemerintahan daerah, ada satu institusi yang justru berjalan tertatih-tatih: DPRD.
Lembaga yang seharusnya menjadi representasi rakyat sekaligus penyeimbang kekuasaan eksekutif itu perlahan kehilangan daya, wibawa, bahkan relevansinya di mata publik.
Ketika publik berbicara tentang otonomi daerah, perhatian hampir selalu tertuju kepada gubernur, bupati, dan wali kota.
Mereka tampil sebagai aktor utama pembangunan, mengelola anggaran triliunan rupiah, serta menjadi wajah pemerintahan daerah.
Sebaliknya, DPRD sering hanya muncul dalam pemberitaan yang kurang menggembirakan: rebutan jabatan alat kelengkapan Dewan, perjalanan dinas, gagalnya hak angket, hingga kontroversi pokok-pokok pikiran (pokir).
Maka, ketika baru-baru ini ada seorang ketua DPRD dari Kota Malang yang berani meminta program MBG dikotanya dihentikan, publik kaget.
Padahal, dalam desain demokrasi lokal, DPRD bukanlah aksesoris pemerintahan daerah. DPRD adalah institusi yang mewakili rakyat di mana anggotanya dipilih lewat pemilu, mengawasi jalannya pemerintahan daerah, menyuarakan aspirasi masyarakat ke pemerintahan pusat, membentuk peraturan daerah, serta memastikan anggaran digunakan sebesar-besarnya untuk kepentingan masyarakat.
Masalahnya, konstruksi kelembagaan DPRD saat ini memang tidak dirancang untuk menjadi kuat.
Undang-Undang Nomor 23 Tahun 2014 menempatkan DPRD sebagai unsur penyelenggara pemerintahan daerah.
Dalam praktiknya, posisi ini membuat DPRD menjadi bagian dari sistem yang diawasi, bukan institusi yang secara independen melakukan pengawasan.
Hubungan yang seharusnya bersifat checks and balances berubah menjadi hubungan yang sering kali penuh kompromi.
Status anggota DPRD sebagai pejabat daerah juga menimbulkan ketimpangan dengan kepala daerah yang berstatus pejabat negara. Akibatnya, hubungan antara legislatif dan eksekutif daerah tidak berada dalam posisi setara.
Dalam banyak kasus, DPRD lebih mudah dikooptasi daripada menjadi pengontrol kekuasaan.
Tidak mengherankan apabila fungsi pengawasan DPRD sering kehilangan taring. Rekomendasi hasil pengawasan kerap diabaikan kepala daerah tanpa konsekuensi berarti.
Hak interpelasi, hak angket, dan hak menyatakan pendapat yang semestinya menjadi instrumen kontrol demokratis lebih sering menjadi pajangan konstitusional daripada alat koreksi yang efektif."
"Belajar dari Singapura, Ketika Sampah menjadi Peluang Ekonomi",https://lestari.kompas.com/read/2026/06/19/135000886/belajar-dari-singapura-ketika-sampah-menjadi-peluang-ekonomi,Kompas,lestari,2026-06-19,"Mahasiswa Magister Hukum Universitas Indonesia
Mahasiswa Magister Hukum Universitas Indonesia
Artikel ini adalah kolom, seluruh isi dan opini merupakan pandangan pribadi penulis dan bukan cerminan sikap redaksi.
KERJA sama antara Indonesia dan Singapura dalam mengembangkan ekonomi sirkular menunjukkan semakin besarnya perhatian terhadap model pembangunan yang fokus pada keberlanjutan.
Di tengah tekanan yang meningkat terhadap sumber daya alam, bertambahnya jumlah sampah , dan kebutuhan untuk beralih ke ekonomi hijau, ekonomi sirkular kini dilihat bukan hanya sebagai konsep untuk pelestarian lingkungan, tetapi juga sebagai pendekatan pembangunan yang mencakup aspek ekonomi, sosial, dan tata kelola.
Bagi Indonesia, kolaborasi ini menjadi tanda positif bahwa pengelolaan sumber daya tidak lagi dilihat dari sudut pandang tradisional yang hanya mengutamakan produksi dan konsumsi.
Namun, di balik semangat positif itu, terdapat pertanyaan penting yang perlu dijawab: Apakah Indonesia benar-benar siap untuk mengubah sampah dan limbah menjadi sumber daya ekonomi yang bernilai?
Pertanyaan ini menjadi semakin penting karena tantangan dalam ekonomi sirkular tidak hanya berkaitan dengan teknologi atau investasi, melainkan juga melibatkan kemampuan kelembagaan, regulasi, pendanaan, dan praktik tata kelola yang melibatkan pemerintah pusat, pemerintah daerah, sektor bisnis, serta masyarakat.
Dalam metode pembangunan tradisional, kegiatan ekonomi biasanya mengikuti pola linier.
Sumber daya alam diambil, diproses menjadi barang, digunakan, dan akhirnya dibuang sebagai limbah.
Model ini telah menjadi dasar bagi pertumbuhan ekonomi selama bertahun-tahun, tetapi di sisi lain juga menimbulkan dampak yang semakin negatif terhadap lingkungan.
Ekonomi sirkular memberikan pendekatan yang lain. Alih-alih melihat limbah sebagai akhir dari suatu proses, ekonomi sirkular berusaha untuk menjaga nilai produk, materi, dan sumber daya selama mungkin dengan mengurangi penggunaan bahan baku, menggunakan kembali, mendaur ulang, hingga memanfaatkan kembali sebagai sumber energi.
Dalam konteks ini, sampah tidak lagi dianggap sebagai beban yang harus dibuang, tetapi sebagai sumber daya yang bisa dimanfaatkan kembali dalam siklus ekonomi. Perubahan cara pandang ini adalah inti dari ekonomi sirkular.
Salah satu pandangan yang sering muncul dalam banyak diskusi publik adalah bahwa masalah lingkungan di Indonesia disebabkan oleh kekurangan regulasi.
Namun, dalam kerangka ekonomi sirkular dan pengelolaan limbah, Indonesia sebenarnya telah memiliki berbagai kebijakan yang cukup memadai.
Undang-Undang Nomor 18 Tahun 2008 mengenai Pengelolaan Sampah telah mengubah cara pandang pengelolaan limbah dari metode pengumpulan dan pembuangan menjadi strategi yang lebih terpadu dalam pengurangan dan penanganan sampah.
Selanjutnya, pemerintah juga mengeluarkan Peraturan Presiden Nomor 97 Tahun 2017 mengenai Kebijakan dan Strategi Nasional Pengelolaan Sampah Rumah Tangga dan Sejenis Sampah Rumah Tangga, yang memiliki tujuan untuk mengurangi dan menangani sampah di tingkat nasional.
Pada tingkatan yang lebih strategis, ekonomi sirkular kini menjadi fokus dalam agenda pembangunan nasional melalui RPJPN 2025–2045 dan RPJMN 2025–2029.
Artikel ini merupakan bagian dari Lestari KG Media, sebuah inisiatif untuk akselerasi Tujuan Pembangunan
            Berkelanjutan. Selengkapnya"
Judi bola di Piala Dunia,https://www.tempo.co/hukum/judi-bola-di-piala-dunia-2270161,Tempo,hukum,2026-06-19,"PIALA Dunia selalu berhasil menyihir miliaran pasang mata. Tahun ini, dengan format baru 48 tim yang bertanding di tiga negara, yakni Amerika Serikat, Kanada, dan Meksiko, demam sepak bola terasa jauh lebih masif."
Peraturan Standar Kemasan Rokok Perokok Anak,https://www.tempo.co/politik/peraturan-standar-kemasan-rokok-perokok-anak-2270150,Tempo,politik,2026-06-19,"PEMERINTAH didesak tak lagi menunda kebijakan penyeragaman kemasan rokok. Di tengah tingginya angka perokok anak, langkah ini dinilai sebagai salah satu cara paling efektif memutus daya tarik produk tembakau yang selama ini dibungkus dengan desain atraktif."
Basis PDIP Jokowi PSI,https://www.tempo.co/politik/basis-pdip-jokowi-psi-2270151,Tempo,politik,2026-06-19,KETUA Brigade Rakyat Nusantara Relly Reagen sedang memetakan daerah yang bakal dikunjungi Joko Widodo dalam rencana safari politik mantan Presiden RI tersebut. Ketua organisasi barisan pendukung Jokowi dalam pemilihan presiden 2014 dan 2019 itu memilih sejumlah daerah yang lebih berpotensi dikunjungi Jokowi lebih dulu dengan berbagai alasan.
Safari Jokowi Basis PDIP PSI,https://www.tempo.co/politik/safari-jokowi-basis-pdip-psi-2270138,Tempo,politik,2026-06-19,"SELAMA satu jam, Ketua Bidang Politik Dewan Pimpinan Pusat Partai Solidaritas Indonesia (PSI) Bestari Barus berbincang dengan mantan presiden Joko Widodo di kediamannya di Sumber, Solo, Kamis pagi, 18 Juni 2026. Salah satu hal yang dibahas adalah rencana safari politik Jokowi ke Lampung pada 25-27 Juni 2026. “Saya diminta menemani dalam berbagai kegiatan,” kata Bestari, Kamis, 18 Juni 2026."
Prospek Cerah Bisnis Bioskop,https://www.tempo.co/ekonomi/prospek-cerah-bisnis-bioskop-2270205,Tempo,ekonomi,2026-06-19,"MEMASUKI semester II tahun ini, Suprayitno sudah menyiapkan strategi untuk menjaga minat masyarakat menonton di bioskop. Ketua Gabungan Pengusaha Bioskop Seluruh Indonesia (GPBSI) ini mengatakan organisasinya bakal menjaga konsistensi kualitas pelayanan, kurasi film yang relevan dengan preferensi konsumen, serta melengkapi aneka kebutuhan sampingan, seperti makanan-minuman, merchandise, dan kolaborasi."
Pengacara Roy Suryo Menyatakan Perang Terbuka dengan Jokowi,https://www.tempo.co/hukum/pengacara-roy-suryo-menyatakan-perang-terbuka-dengan-jokowi-2270240,Tempo,hukum,2026-06-19,"PENGACARA Roy&nbsp;Suryo,&nbsp;Ahmad&nbsp;Khozinudin, menyatakan perang terbuka kepada mantan presiden Joko&nbsp;Widodo. Pernyataan ini ia sampaikan setelah polisi menangkap kliennya yang berstatus tersangka pencemaran nama perihal tuduhan ijazah Jokowi&nbsp;palsu.
&ldquo;Kami nyatakan perang terbuka secara hukum melawan saudara Joko Widodo,&rdquo; ujar Khozinudin di Polda Metro Jaya, Jakarta Selatan, Jumat, 19 Juni 1026.
Khozinudin&nbsp;hingga kini belum tahu apa alasan polisi hingga memutuskan menangkap kliennya. Ia merasa Roy&nbsp;Suryo&nbsp;selama ini bersikap kooperatif dan rutin memenuhi kewajiban untuk wajib lapor.&nbsp;
Ia menuding aparat menyalahgunakan kekuasaannya karena langsung menangkap&nbsp;Roy Suryo. Ia mengklaim&nbsp;kliennya belum pernah mendapat surat panggilan .&nbsp;
Penyidik Polda Metro Jaya menangkap Roy Suryo di rumahnya pada Jumat pagi, 19 Juni 2026. Khozinudin mengatakan berdasarkan informasi dari istri kliennya, polisi menjemput Roy di rumahnya sekitar pukul 7.00 WIB. Selain Roy, Tifauzia Tyassuma alias dokter Tifa juga telah ditangkap pagi ini.
Roy Suryo merupakan satu dari delapan tersangka dugaan pencemaran nama baik mengenai tuduhan ijazah palsu mantan presiden&nbsp;Joko Widodo. Selain Roy, tujuh lainnya adalah Tifauzia Tyassuma, Kurnia Tri Rohyani, Rustam Effendi, Muhammad Rizal Fadillah, Eggi Sudjana, Damai Hari Lubis, dan Rismon Hasiholan.
Sebelumnya, Kepala Bidang Hubungan Masyarakat Polda Metro Jaya Komisaris Besar Budi Hermanto mengatakan, penyidik sudah melengkapi berkas perkara kasus tersebut dari lima tersangka, yakni milik Roy, Tifauzia Tyassuma, Kurnia Tri Rohyani, Rustam Effendi, dan Muhammad Rizal Fadillah. Sementara, polisi memutuskan penghentian penyidikan terhadap Rismon, Eggi, serta Damai setelah ketiganya sowan ke Jokowi.&nbsp;
Dalam kasus ini, Polda Metro Jaya membagi para tersdangka&nbsp;dalam dua klaster. Klaster pertama mencakup Kurnia Tri Rohyani, Rustam Effendi, dan Muhammad Rizal Fadillah. Mereka dijerat Pasal 310 dan/atau Pasal 311 dan/atau Pasal 160 KUHP, serta Pasal 27A juncto Pasal 45 ayat (4) dan/atau Pasal 28 ayat (2) juncto Pasal 45A ayat (2) Undang-Undang ITE.
Klaster kedua mencakup Roy Suryo&nbsp;dan dokter Tifa. Mereka dijerat Pasal 310 dan/atau Pasal 311 KUHP, serta Pasal 32 ayat (1) juncto Pasal 48 ayat (1), Pasal 35 juncto Pasal 51 ayat (1), Pasal 27A juncto Pasal 45 ayat (4), dan/atau Pasal 28 ayat (2) juncto Pasal 45A ayat (2) Undang-Undang ITE.


Pilihan Editor:&nbsp;Cerita Refly Harun soal Penangkapan Roy Suryo dan Tifauzia Tyassuma"
Kenapa NASA Tunjuk Relativity Space untuk Misi ke Mars,https://www.tempo.co/sains/kenapa-nasa-tunjuk-relativity-space-untuk-misi-ke-mars-2270239,Tempo,sains,2026-06-19,"BADAN Antariksa Amerika Serikat (NASA) secara mengejutkan menunjuk perusahaan roket Relativity Space untuk membangun dan mengoperasikan misi ke Mars bernama Aeolus yang dijadwalkan meluncur pada 2028. Keputusan ini membuka peluang bagi perusahaan yang kini dipimpin mantan ketua eksekutif Google, Eric Schmidt, untuk menjadi perusahaan swasta pertama yang mencapai Planet Merah, melangkahi SpaceX.
Dalam kontrak tersebut, Relativity Space akan membangun wahana antariksa yang membawa instrumen ilmiah NASA, meluncurkannya ke luar angkasa, dan mengantarkannya ke Mars. Skema kerja sama ini serupa dengan model kemitraan NASA dengan perusahaan swasta lain seperti SpaceX untuk pengiriman kargo ke Stasiun Luar Angkasa Internasional (ISS) dan Firefly Aerospace untuk misi ke bulan. Atau kemitraan lainnya untuk misi ke bulan.
Misi Aeolus akan membawa empat instrumen yang dirancang untuk mengukur dan memotret kondisi atmosfer Mars dari orbit. Data yang dikumpulkan diharapkan memberikan gambaran harian pertama berskala global mengenai debu, angin, dan suhu di atmosfer planet tersebut.
&ldquo;Dengan menggabungkan instrumen milik NASA dengan inovasi dan investasi komersial, kami dapat menghasilkan lebih banyak sains dan mengurangi waktu yang dibutuhkan untuk menyalurkan data penting ke tangan para peneliti yang mempersiapkan misi manusia ke Mars di masa depan,&rdquo; kata Administrator NASA Jared Isaacman dalam keterangan tertulis, dikutip dari laporan Tech Crunch, 17 Juni 2026.
NASA menilai data tersebut akan membantu meningkatkan keselamatan misi pendaratan dan mendukung persiapan misi berawak ke Mars. Misi ini ditargetkan meluncur&nbsp;ke planet itu pada 2028, sehingga Relativity harus merancang dan membangun wahana Aeolus sekaligus menyelesaikan pengembangan roket Terran R dalam waktu yang relatif singkat.
NASA tidak mengungkapkan nilai kontrak tersebut, sementara Relativity belum memberikan tanggapan terkait pertanyaan media.
Relativity Space didirikan pada 2015 oleh dua mantan insinyur SpaceX dan Blue Origin dengan fokus pada pemanfaatan teknologi cetak 3D untuk menekan biaya pembuatan roket. Roket pertamanya, Terran-1, gagal mencapai orbit saat peluncuran pada Maret 2023. Perusahaan kemudian mengalihkan fokus ke pengembangan roket yang lebih besar, Terran R.
Pada tahun lalu, Eric Schmidt mengambil alih mayoritas kepemilikan&nbsp;Relativity Space dan menjadi CEO setelah perusahaan menghadapi tantangan pendanaan. Schmidt diketahui tertarik pada berbagai proyek antariksa, termasuk pusat data di orbit dan teleskop luar angkasa Lazuili yang didanai melalui Schmidt Sciences.
Meski NASA telah lama mengandalkan kemitraan publik-swasta untuk menjalankan misi ambisius dengan biaya lebih efisien, penunjukan Relativity tetap mengandung risiko. Alasannya, perusahaan tersebut belum memiliki rekam jejak peluncuran orbital yang sukses.
Namun, jika Aeolus berhasil diluncurkan sesuai jadwal dan mencapai Mars, Relativity berpeluang mencatat sejarah sebagai perusahaan swasta pertama yang mengirim misi ke Planet Merah, mendahului SpaceX yang selama ini dikenal memiliki ambisi besar untuk menjelajahi Mars.

Pilihan Editor: Bagaimana Starship&nbsp;V3 Milik SpaceX&nbsp;Kini Menjadi Ras Roket Terkuat"
Respons Jokowi Soal Penangkapan Roy Suryo dan Dokter Tifa,https://www.tempo.co/hukum/respons-jokowi-soal-penangkapan-roy-suryo-dan-dokter-tifa-2270237,Tempo,hukum,2026-06-19,"MANTAN Presiden Joko Widodo merespons penangkapan Roy Suryo dan Tifauzia Tyassuma atau Dokter Tifa oleh penyidik Kepolisian Daerah Metropolitan Jakarta Raya atau Polda Metro Jaya pada Jumat, 19 Juni 2026. Keduanya ditangkap dalam perkara dugaan pencemaran nama baik terkait tuduhan ijazah palsu yang dialamatkan kepada Jokowi.
Menanggapi perkembangan kasus tersebut, Jokowi meminta semua pihak menghormati dan mengikuti proses hukum yang sedang berjalan. Menurutnya, perkara tersebut sebaiknya diserahkan kepada mekanisme hukum hingga diputuskan oleh pengadilan. &ldquo;Ya kita ikuti proses hukum yang ada sampai nanti di sidang pengadilan,&rdquo; ujar Jokowi kepada wartawan seusai melaksanakan Salat Jumat di Solo pada Jumat, 19 Juni 2026.
Jokowi menegaskan bahwa putusan mengenai perkara tersebut nantinya berada di tangan majelis hakim di pengadilan. Karena itu, ia mengajak semua pihak untuk mengikuti proses hukum yang sedang berlangsung.
Mantan Wali Kota Solo itu tidak memberikan tanggapan lebih jauh mengenai substansi perkara yang menjerat Roy Suryo dan Dokter Tifa. Ia memilih menyerahkan seluruh proses kepada penegak hukum dan lembaga peradilan yang berwenang.
Dalam kesempatan yang sama, Jokowi juga memastikan akan hadir apabila perkara tersebut telah memasuki tahap persidangan. Saat ditanya apakah dirinya akan datang langsung ke pengadilan, ia menjawab singkat. &ldquo;Iya, akan hadir,&rdquo; ucapnya.
Jokowi sebelumnya juga telah menyatakan kesiapannya untuk menunjukkan ijazah asli apabila diperlukan dalam proses pembuktian di persidangan. Ketika kembali ditanya mengenai hal tersebut, ia menegaskan tetap pada pernyataannya terdahulu. &ldquo;Iya, sesuai yang sudah saya sampaikan,&rdquo; ujar Jokowi.
Ia juga mengungkapkan bahwa dokumen ijazah asli yang menjadi salah satu objek pembuktian dalam perkara tersebut saat ini masih berada di Polda Metro Jaya.
Kasus dugaan pencemaran nama baik yang menyeret Roy Suryo dan Dokter Tifa bermula dari tuduhan mengenai keaslian ijazah Jokowi yang beredar di ruang publik. Perkara tersebut kemudian diproses secara hukum oleh Polda Metro Jaya.
Sebelumnya, penyidik Polda Metro Jaya menangkap Roy Suryo pada Jumat pagi ini. Informasi penangkapan itu dikonfirmasi oleh pengacara Roy Suryo, Ahmad Khozinudin. Khozinnudin mengatakan kliennya ditangkap di kediamannya sekitar pukul 07.00 WIB.
&ldquo;Hari ini, Jumat, 19 Juni 2026, pada sekira pukul 7.00, klien kami, Roy Suryo Notodiprojo, dikabarkan oleh istrinya telah ditangkap oleh penyidik Polda Metro Jaya,&rdquo; kata Khozinudin dalam keterangan tertulis.
Khozinudin menyayangkan langkah penangkapan tersebut. Menurutnya, Roy selama ini bersikap kooperatif dengan memenuhi panggilan penyidik dan menjalankan kewajiban lapor yang ditetapkan.
Roy Suryo merupakan satu dari delapan tersangka dalam kasus dugaan pencemaran nama baik terkait tuduhan ijazah palsu Jokowi. Selain Roy, tersangka lain dalam perkara tersebut adalah Tifauzia Tyassuma atau Dokter Tifa, Kurnia Tri Rohyani, Rustam Effendi, Muhammad Rizal Fadillah, Eggi Sudjana, Damai Hari Lubis, dan Rismon Hasiholan.
Sebelumnya, Kepala Bidang Hubungan Masyarakat Polda Metro Jaya Komisaris Besar Budi Hermanto menyatakan penyidik telah melengkapi berkas perkara milik lima tersangka, yakni Roy Suryo, Tifauzia Tyassuma, Kurnia Tri Rohyani, Rustam Effendi, dan Muhammad Rizal Fadillah. Sementara itu, penyidik memutuskan penghentian penyidikan terhadap Rismon Hasiholan, Eggi Sudjana, dan Damai Hari Lubis.
Menurut Khozinudin, apabila penangkapan dilakukan dalam rangka tahap dua setelah berkas perkara dinyatakan lengkap, semestinya penyidik cukup melayangkan surat panggilan kepada kliennya. &ldquo;Bukan dengan upaya paksa (represif) melalui proses penangkapan,&rdquo; tuturnya.
Khozinudin juga menyebut pihaknya memperoleh informasi bahwa Dokter Tifa turut ditangkap oleh penyidik Polda Metro Jaya pada hari yang sama. &ldquo;Kami juga mendapat info Tifauzia Tyassuma juga turut ditangkap,&rdquo; katanya.
Hingga berita ini ditulis, belum ada keterangan resmi dari kepolisian terkait penangkapan tersebut. Upaya konfirmasi kepada Direktur Reserse Kriminal Umum Polda Metro Jaya Komisaris Besar Iman Imanuddin dan Kepala Bidang Hubungan Masyarakat Polda Metro Jaya Komisaris Besar Budi Hermanto juga belum mendapatkan respons.

Pilihan editor: Pidana Anyar untuk Aktivis

"
PLN: Pemadaman Bergilir Dipicu Gangguan Dua Pembangkit Besar,https://www.tempo.co/ekonomi/pln-pemadaman-bergilir-dipicu-gangguan-dua-pembangkit-besar-2270235,Tempo,ekonomi,2026-06-19,"PT Perusahaan Listrik Negara (Persero) atau PT PLN mengungkapkan pemadaman listrik bergilir yang terjadi di sejumlah wilayah di Pulau Jawa dipicu oleh gangguan pada dua unit pembangkit listrik besar yang saat ini tidak dapat beroperasi.
Executive Vice President Komunikasi Korporat dan Program Tanggung Jawab Sosial dan Lingkungan PLN,&nbsp;Gregorius Adi Trianto, mengatakan gangguan tersebut menyebabkan kemampuan pasokan listrik sistem Jawa menurun sehingga perusahaan harus melakukan manajemen beban sementara untuk menjaga keseimbangan antara pasokan dan kebutuhan listrik.
""Langkah tersebut dilakukan karena terdapat kendala teknis operasional pembangkit serta ada dua unit pembangkit besar yang mengalami gangguan sehingga tidak beroperasi sementara dan menurunkan kemampuan sistem pasokan listrik,"" kata Gregorius dalam keterangan tertulis, Jumat, 19 Juni 2026.
Menurut dia, PLN saat ini terus mempercepat proses pemulihan dengan mengoptimalkan pasokan listrik dari pembangkit lain dan melakukan pengaturan operasi sistem agar dampak terhadap pelanggan dapat diminimalkan.
""PLN memohon maaf atas ketidaknyamanan yang dialami pelanggan. Manajemen beban ini bersifat sementara dan akan segera dihentikan secara bertahap seiring dengan membaiknya kondisi pasokan sistem,"" ujar Gregorius.
Menteri Energi dan Sumber Daya Mineral (ESDM) Bahlil Lahadalia sebelumnya mengatakan pemadaman bergilir terjadi karena sejumlah pembangkit listrik tenaga uap (PLTU) mengalami kekurangan pasokan batu bara berkalori medium.
Dalam rapat kerja bersama Komisi XII DPR pada 15 Juni 2026, Bahlil menjelaskan, keterbatasan pasokan batu bara tersebut membuat sejumlah pembangkit tidak dapat menghasilkan listrik secara optimal.
Bahlil mengklaim persoalan itu berkaitan dengan perbedaan yang cukup lebar antara harga batu bara untuk kebutuhan domestik atau domestic market obligation (DMO) dan harga pasar. Saat ini, batu bara untuk PLN dijual dengan harga DMO sebesar US$70 per ton, sementara Harga Batu Bara Acuan (HBA) periode I Juni 2026 mencapai US$121,83 per ton untuk batu bara kalori 6.322 kcal/kg dan US$84,53 per ton untuk batu bara kalori medium 5.300 kcal/kg.
""Jadi, harga jual ke PLN itu untuk perusahaannya sudah tidak ada. Itulah yang menjadi masalah,"" kata Bahlil.
Ketua Umum Perhimpunan Ahli Pertambangan Indonesia (Perhapi) Sudirman Widhy menilai sebagian besar perusahaan tambang yang memiliki cadangan batu bara kalori menengah sebenarnya telah memenuhi kewajiban DMO sebesar 25-30 persen dari total produksi sesuai ketentuan pemerintah.
Namun, menurut dia, banyak perusahaan enggan menambah pasokan ke PLN karena harga DMO dinilai sudah tidak lagi mencerminkan biaya produksi saat ini. Harga tersebut tidak berubah sejak pertama kali ditetapkan pada 2018, sementara biaya operasional pertambangan terus meningkat dalam beberapa tahun terakhir.
Sudirman menjelaskan kenaikan rasio pengupasan tanah penutup (stripping ratio), biaya bahan bakar, serta harga suku cadang telah meningkatkan biaya produksi tambang. Kondisi itu membuat sebagian perusahaan lebih memilih menjual batu bara ke pasar domestik non-PLN maupun pasar ekspor dengan harga yang lebih kompetitif.
&ldquo;Perhapi mendorong pemerintah untuk mengevaluasi kembali harga patokan DMO batu bara bagi PLN. Penyesuaian harga diperlukan agar perusahaan tambang tetap memiliki insentif ekonomi untuk memasok batu bara ke pembangkit listrik nasional tanpa mengalami kerugian,"" kata dia.

Pilihan Editor:&nbsp;&nbsp;Harga DMO Batu Bara, Kebijakan Makan Tuan Krisis Energi PLN
"
Data Statistik Pertumbuhan Ekonomi,https://www.tempo.co/kolom/data-statistik-pertumbuhan-ekonomi-2270140,Tempo,kolom,2026-06-19,"DALAM perekonomian, data dan rasa idealnya berjalan beriringan. Data membaca angka, sementara rasa membaca kenyataan yang dialami masyarakat sehari-hari. Ketika keduanya saling menguatkan, pengambil kebijakan lebih mudah menemukan arah yang tepat. Namun, ketika data dan rasa berjalan sendiri-sendiri, persoalan sering kali muncul."
Pendapatan Bioskop Selain Tiket,https://www.tempo.co/ekonomi/pendapatan-bioskop-selain-tiket-2270204,Tempo,ekonomi,2026-06-19,"BUTUH 40 hari bagi PT Graha Layar Prima Tbk (BLTZ) menunggu hasil Kantor Jasa Penilai Publik (KJJP) untuk menambah dua lini usaha baru. Emiten pengelola jaringan bioskop CGV Cinemas ini menjajaki bisnis perdagangan eceran kosmetik dan rumah pijat di gerai mereka.Corporate Secretary BLTZ Rozaksan Rinota I menjelaskan, bisnis anyar ini menggabungkan hiburan, gaya hidup dan komunitas, serta teknologi premium dengan aneka konsep. “Ekspansi usaha dilakukan dengan menambah lini penjualan cosmetic booth yang berfokus pada jenama Korea, memanfaatkan K-beauty dan pengalaman belanja interaktif, serta inovasi berupa integrasi tiket bioskop dengan layanan pijat,” katanya dalam keterbukaan informasi di Bursa Efek Indonesia, Senin, 15 Juni 2026.Penambahan layanan bisnis tersebut merupakan bagian dari visi CGV, yaitu “Cultureplex”, yang merupakan gabungan dari “culture” dan “multiplex”. CGV berambisi menjadi perusahaan bioskop nomor 1 yang membangun bisnis dengan berbagai dimensi layanan."
Pasal Penyertaan Korupsi Pejabat BPK,https://www.tempo.co/hukum/pasal-penyertaan-korupsi-pejabat-bpk-2270170,Tempo,hukum,2026-06-19,"PENYIDIK Komisi Pemberantasan Korupsi menjerat tersangka suap pejabat Badan Pemeriksa Keuangan Perwakilan Sumatera Selatan, Titin Rita Lestari, dengan pasal berlapis. Salah satunya Pasal 20 huruf c Undang-Undang Nomor 1 Tahun 2023 tentang Kitab Undang-Undang Hukum Pidana."
Teror Air Keras Andrie Yunus Barang Bukti,https://www.tempo.co/hukum/teror-air-keras-andrie-yunus-barang-bukti-2270169,Tempo,hukum,2026-06-19,"PENYIDIK Kepolisian Daerah Metropolitan Jakarta Raya (Polda Metro Jaya) masih mengusut kasus penyiraman air keras terhadap aktivis hak asasi manusia sekaligus Wakil Koordinator Komisi untuk Orang Hilang dan Korban Tindak Kekerasan (KontraS), Andrie Yunus. Penyelidikan berlanjut meski pengadilan militer telah menjatuhkan vonis bersalah terhadap empat pelaku dan memerintahkan pemusnahan barang bukti."
Demonstrasi Digelar di Beberapa Titik di Jakarta Pusat,https://www.tempo.co/hukum/demonstrasi-digelar-di-beberapa-titik-di-jakarta-pusat-2270230,Tempo,hukum,2026-06-19,"SEJUMLAH elemen masyarakat menggelar aksi demonstrasi lanjutan di beberapa lokasi hari ini, Jumat, 19 Juni 2026. Sedikitnya ada lima titik aksi massa.&nbsp;
Kasi Humas Polres Jakarta Pusat Inspektur Satu Erlyn Sumantri mengatakan hari ini terdapat aksi di kawasan Monas, DPR RI, Bundaran HI, Tugu Tani, hingga Kementerian Keuangan. Sebanyak 4.263 personel gabungan kepolisian juga disiagakan untuk mengamankan jalannya demonstrasi.&nbsp;
""Rencana kegiatan pukul 9.00 WIB, aksi Dewan Pengurus Nasional Tani Merdeka Indonesia di wilayah Monas,"" kata Erlyn melalui keterangan resminya, Jumat, 19 Juni 2026.&nbsp;
Aksi lainnya di kawasan DPR oleh mahasiswa Universitas Trisakti, kemudian Ikatan Senat Mahasiswa Ekonomi Indonesia di Bundaran HI. ""Unjuk rasa dari Gabungan Mahasiswa dan Pemuda Nusantara di Tugu Tani,"" kata Erlyn.&nbsp;
Terakhir, aksi massa dari Gabungan Mahasiswa dan Pemuda Nusantara di Kementerian Keuangan. ""Sebanyak 4.263 personel gabungan Polda, Polres, Polsek jajaran, dikerahkan mengawal jalannya aksi unjuk rasa wilayah Jakarta Pusat,"" katanya.&nbsp;
Sementara itu terkait dengan rekayasa lalu lintas, akan dilakukan situasional dengan mempertimbangkan jumlah massa, ""Masyarakat diimbau mencari alternatif agar terhindar dari kemacetan,"" katanya.

Pilihan Editor:&nbsp;Air Mendidih Demonstrasi Gen Z"
"Perampokan di Menteng, Pelaku Bawa Kabur 500 Gram Emas",https://www.tempo.co/hukum/perampokan-di-menteng-pelaku-bawa-kabur-500-gram-emas-2270229,Tempo,hukum,2026-06-19,"PERAMPOKAN terjadi di sebuah rumah di Jalan Pati, RT 08 RW 08, Kecamatan Menteng, Jakarta Pusat. Peristiwa tersebut terjadi pada siang bolong pada Kamis, 18 Juni 2026 kemarin.&nbsp;
Kepala Seksi Hubungan Masyarakat Polres Metro Jakarta Pusat Inspektur Satu Erlin Sumantri&nbsp;membenarkan ihwal kejadian tersebut. ""Betul, ditangani Satuan Reserse Kriminal Polres Metro Jakarta Pusat,"" ucap Erlin, pada Jumat, 19 Juni 2026.
Erlin mengatakan kepolisian masih mendalami kronologi dan penyebab di balik insiden perampokan itu. ""Dalam proses penyelidikan,"" ucap Erlin.&nbsp;
Kapolsek Menteng Ajun Komisaris Besar Braiel Rondonuwu sebelumnya mengatakan, insiden perampokan itu disertai dengan aksi penyekapan dan penusukan. ""Benar, ada kejadian pencurian dengan pemberatan,"" kata Braiel seperti dilansir dari Antara.&nbsp;
Menurut Braiel, terdapat dua korban dalam kejadian itu. Pertama adalah pria berinisial M yang mengalami luka-luka akibat ditusuk oleh pelaku. Korban kini tengah dirawat intensif di rumah sakit dan belum sadarkan diri.&nbsp;
Sementara itu, korban kedua adalah pemilik rumah berinisial U yang mengalami kerugian materiil. Pelaku diduga menggasak emas milik korban yang ditaksir mencapai 500 gram.&nbsp;

Pilihan Editor:&nbsp;Parisida di Pekanbaru: Antara Dendam dan Butuh Uang"
Pengacara Memprotes Penangkapan Roy Suryo dan Tifauzia,https://www.tempo.co/hukum/pengacara-memprotes-penangkapan-roy-suryo-dan-tifauzia-2270228,Tempo,hukum,2026-06-19,"PENGACARA Roy&nbsp;Suryo&nbsp;dan&nbsp;Tifauzia&nbsp;Tyassuma, Refly&nbsp;Harun, menilai penyidik Kepolisian Daerah Metropolitan Jakarta Raya&nbsp;tidak profesional karena menangkap kliennya. Refly&nbsp;mengatakan Tifa dan Roy&nbsp;selama ini kooperatif dengan penyidik dan tidak berniat melarikan diri meski berstatus tersangka pencemaran nama mantan presiden,&nbsp;Joko&nbsp;Widodo.
""Yang mereka lakukan selama ini adalah membela diri. Jadi, yang dilakukan penyidik Polda Metro Jaya sangat tidak profesional. Kami memprotes keras untuk ini,&rdquo; kata Refly saat ditemui di Mapolda Metro Jaya, Jakarta Selatan, Jumat, 19 Juni 2026.
Sebagai penasihat hukum, kata Refly, ia yakin kliennya sama sekali tidak bersalah. &ldquo;Kami yakin bahwa memang betul yang namanya 99,9 persen ijazah itu palsu,&rdquo; ucapnya.&nbsp;
Penyidik Polda Metro Jaya menangkap Roy Suryo pada hari ini, Jumat, 19 Juni 2026. Menurut tim penasihat hukum Roy, Ahmad Khozinudin, Roy ditangkap di rumahnya sekitar pukul 07.00 WIB. Sementara itu, Tifa ditangkap sekitar pukul 07.00 WIB atau satu jam sebelum dia mengikuti ujian seminar disertasinya.&nbsp;
Sebelumnya, Kepala Bidang Hubungan Masyarakat Polda Metro Jaya Komisaris Besar Budi Hermanto mengatakan penyidik sudah melengkapi berkas kasus tuduhan ijazah palsu Jokowi.&nbsp;
Polisi menetapkan delapan orang sebagai tersangka. Mereka adalah Roy Suryo, Rismon Hasiholan Sianipar, Tifauziah Tyassuma atau dokter Tifa, Eggi Sudjana, Kurnia Tri Rohyani, Damai Hari Lubis, Rustam Effendi, dan Muhammad Rizal Fadillah.
Para tersangka dibagi dalam dua kluster. Kluster pertama mencakup Eggi Sudjana, Kurnia Tri Rohyani, Damai Hari Lubis, Rustam Effendi, dan Muhammad Rizal Fadillah. Mereka dijerat dengan Pasal 310 dan/atau Pasal 311 dan/atau Pasal 160 Kitab Undang-Undang Hukum Pidana serta Pasal 27A&nbsp;juncto&nbsp;Pasal 45 ayat 4 dan/atau Pasal 28 ayat 2&nbsp;juncto&nbsp;Pasal 45A ayat 2 Undang-Undang Informasi dan Transaksi Elektronik.
Kluster kedua mencakup Roy Suryo, Rismon Hasiholan Sianipar, dan Tifa. Mereka dijerat dengan Pasal 310 dan/atau Pasal 311 KUHP serta Pasal 32 ayat 1&nbsp;juncto&nbsp;Pasal 48 ayat 1, Pasal 35&nbsp;juncto&nbsp;Pasal 51 ayat 1, Pasal 27A&nbsp;juncto&nbsp;Pasal 45 ayat 4, dan/atau Pasal 28 ayat 2&nbsp;juncto&nbsp;Pasal 45A ayat 2 Undang-Undang ITE.
Belakangan, polisi menerbitkan surat perintah penghentian penyidikan (SP3) untuk Eggi Sudjana,&nbsp;Damai Hari Lubis, dan Rismon&nbsp;Sianipar. Penerbitan SP3 dilakukan setelah ketiganya&nbsp;sowan ke Jokowi di Solo, Jawa Tengah.


Pilihan Editor:&nbsp;&nbsp;Mengapa Jusuf Kalla Terseret Polemik Ijazah Jokowi"
Konversi Kompor Listrik Impor Elpiji,https://www.tempo.co/kolom/konversi-kompor-listrik-impor-elpiji-2270146,Tempo,kolom,2026-06-19,"PEMERINTAH harus menyiapkan kebijakan yang komprehensif untuk mengurangi ketergantungan Indonesia terhadap impor elpiji. Program konversi kompor listrik, yang tengah digagas oleh Kementerian Energi dan Sumber Daya Mineral untuk menggantikan penggunaan kompor berbahan bakar elpiji, mesti dipandang sebagai solusi jangka pendek. Dalam jangka panjang, langkah ini akan sia-sia jika tidak disertai pembenahan secara menyeluruh di sektor hulu dan hilir energi."
Cerita Refly Harun soal Penangkapan Roy Suryo dan Tifauzia Tyassuma,https://www.tempo.co/hukum/cerita-refly-harun-soal-penangkapan-roy-suryo-dan-tifauzia-tyassuma-2270227,Tempo,hukum,2026-06-19,"REFLY Harun selaku tim penasihat hukum tersangka fitnah ijazah palsu Joko Widodo, Roy Suryo dan Tifauziah Tyassuma atau dokter Tifa, menceritakan detik-detik penangkapan kliennya oleh penyidik Polda Metro Jaya. Roy dan Tifa ditangkap penyidik di tempat yang berbeda pada Jumat, 19 Juni 2026.&nbsp;
Refly menyatakan, Tifa ditangkap sekitar satu jam sebelum jadwal ujian seminar hasil disertasinya. &ldquo;Pukul 8.00 dia mau ujian, pukul 7.00 dia ditangkap, padahal dia mau pergi ke suatu tempat untuk ujian tersebut,&rdquo; ujar Refly saat ditemui di Markas Polda Metro Jaya, Jakarta Selatan.&nbsp;
Sementara itu, Refly baru berpisah dengan Roy Suryo sekitar pukul 0.30 hingga 1.00 WIB setelah mengikuti acara di Bandung. Ia lalu menerima kabar penangkapan kliennya pada Jumat pagi.&nbsp;
Refly mengaku telah bertemu Roy di ruangan Subdirektorat Keamanan Negara (Kamneg) Polda Metro Jaya hari ini. Di sana, ia mendengar cerita langsung dari Roy bagaimana peristiwa penangkapannya.&nbsp;
&ldquo;Dia mengatakan tidak sempat apa-apa, untung masih sempat salat subuh. Belum mandi, belum berpakaian secara layak, dan kemudian dipaksa untuk dibawa ke Polda Metro,&rdquo; kata dia. Karena tak mau ribut, ujar Refly, kliennya ikut saja ke Polda Metro Jaya tanpa menandatangani surat penangkapan.
Refly protes dan mempertanyakan apa alasan penyidik menangkap kliennya. Mengingat, kliennya bukan terlibat kasus pembunuhan, korupsi, dan tindak pidana lain yang masuk akal jika ditangkap dan ditahan.&nbsp; &ldquo;Ini terkait sesuatu yang debatable, masih berdebat kami, apakah yang dilakukan Mas Roy dan dokter Tifa itu adalah benar pencemaran nama baik, benar fitnah?&rdquo; tutur Refly.&nbsp;
Dalam kasus ini, Polda Metro Jaya menetapkan delapan orang sebagai tersangka. Mereka adalah Roy Suryo, Rismon Hasiholan Sianipar, Tifauziah Tyassuma atau dokter Tifa, Eggi Sudjana, Kurnia Tri Rohyani, Damai Hari Lubis, Rustam Effendi, dan Muhammad Rizal Fadillah.
Para tersangka dibagi dalam dua klaster. Klaster pertama mencakup Eggi Sudjana, Kurnia Tri Rohyani, Damai Hari Lubis, Rustam Effendi, dan Muhammad Rizal Fadillah. Mereka dijerat Pasal 310 dan/atau Pasal 311 dan/atau Pasal 160 KUHP, serta Pasal 27A juncto Pasal 45 ayat (4) dan/atau Pasal 28 ayat (2) juncto Pasal 45A ayat (2) Undang-Undang ITE.
Klaster kedua mencakup Roy Suryo, Rismon Hasiholan Sianipar, dan Tifa. Mereka dijerat Pasal 310 dan/atau Pasal 311 KUHP, serta Pasal 32 ayat (1) juncto Pasal 48 ayat (1), Pasal 35 juncto Pasal 51 ayat (1), Pasal 27A juncto Pasal 45 ayat (4), dan/atau Pasal 28 ayat (2) juncto Pasal 45A ayat (2) Undang-Undang ITE.
Belakangan, polisi menerbitkan surat perintah penghentian penyidikan (SP3) untuk Eggi Sudjana,&nbsp;Damai Hari Lubis, dan Rismon&nbsp;Sianipar. Penerbitan SP3 dilakukan setelah ketiganya&nbsp;sowan ke Jokowi di Solo.


Pilihan Editor:&nbsp;&nbsp;Mengapa Jusuf Kalla Terseret Polemik Ijazah Jokowi"
Kata Ekonom soal Peluang RI Turun Kelas Jadi Frontier Market,https://www.tempo.co/ekonomi/kata-ekonom-soal-peluang-ri-turun-kelas-jadi-frontier-market-2270225,Tempo,ekonomi,2026-06-19,"MORGAN Stanley Capital International (MSCI) dijadwalkan merilis hasil tinjauan annual market classification review pada pekan depan. Dalam tinjauan tersebut, MSCI bakal memutuskan apakah Indonesia tetap pada kelompok emerging&nbsp;market atau diturunkan menjadi frontier&nbsp;market.
Sebagai acuan awal, MSCI telah merilis Global Market Accesibility Review 2026 pada Jumat, 19 Juni 2026. Hasilnya, MSCI menurunkan nilai arus informasi menjadi negatif dan mempertahankan nilai negatif untuk liberalisasi pasar valuta asing.
Ekonom Universitas Paramadina, Wijayanto Samirin, menilai Indonesia memiliki peluang yang kecil untuk turun menjadi frontier&nbsp;market. Sebab, ukuran pasar Indonesia relatif besar dan memiliki peran penting di kawasan. &ldquo;Tapi catatan-catatan MSCI itu saja sudah cukup untuk mendorong net sell asing yang lumayan besar,&rdquo; ucapnya kepada Tempo pada Kamis, 19 Juni 2026.
Menurut Wijayanto, pemberian nilai negatif untuk arus informasi menunjukkan bahwa kekhawatiran MSCI mengenai transparansi pasar modal Indonesia belum berubah. Dengan kata lain, MSCI memandang otoritas pasar modal belum melakukan perbaikan yang serius.
Soal pasar valas yang disorot MSCI, Wijayanto berpendapat kekhawatiran itu bersumber dari kebijakan Bank Indonesia yang makin membatasi transaksi valuta asing. Teranyar, Bank Indonesia akan membatasi pembelian valas tanpa underlying&nbsp;menjadi US$ 10 ribu per pelaku per bulan dengan tujuan menguatkan kurs rupiah. Selain itu, ucap Wijayanto, kebijakan terkait devisa hasil ekspor&nbsp;menambah kekhawatiran MSCI.
Menurut Wijayanto, kelayakan investasi suatu pasar menjadi rendah bila tidak terhubung dengan pasar dunia. &ldquo;Aspek kontrol devisa menjadi ciri khas frontier&nbsp;market&nbsp;dan ciri-ciri itu makin terlihat di pasar modal kita,&rdquo; ujarnya.
Kendati demikian, Wijayanto tetap memprediksi Indonesia bertahan di emerging&nbsp;market. Namun, jika tren kebijakan antipasar tetap berlanjut dalam beberapa tahun ke depan, kata dia, Indonesia bisa menyandang status frontier&nbsp;market.
Merespons catatan MSCI, Kepala Eksekutif Pengawas Pasar Modal, Keuangan Derivatif, dan Bursa Karbon Otoritas Jasa Keuangan Hasan Fawzi mengatakan masukan-masukan tersebut sebagai bagian dari proses perbaikan yang konstruktif.
&ldquo;Terkait dengan arus informasi, kami memandang masukan tersebut sebagai bagian dari proses evaluasi yang konstruktif dan sejalan dengan agenda reformasi pasar modal yang saat ini sedang dijalankan bersama oleh OJK, Bursa Efek Indonesia, Kustodian Sentral Efek Indonesia, Kliring Penjaminan Efek Indonesia, serta semua pelaku industri,&rdquo; ucapnya&nbsp;dalam keterangan resmi pada Jumat, 19 Juni 2026.
OJK juga mencatat adanya pengakuan MSCI atas sejumlah perbaikan yang telah dilakukan Indonesia. Hal itu ditandai dengan berkurangnya beberapa catatan mengenai liberalisasi pasar valas, meski hasil penilaiannya masih negatif seperti tahun lalu. Untuk menindaklanjuti kekhawatiran MSCI, Hasan mengatakan OJK akan terus melakukan koordinasi intensif dengan otoritas terkait, seperti Bank Indonesia.

Pilihan Editor:&nbsp;&nbsp;'Sell Indonesia': Cermin Tingkat Kepercayaan Investor Global

&nbsp;"
MUI Pidana LGBT,https://www.tempo.co/hukum/mui-pidana-lgbt-2270168,Tempo,hukum,2026-06-19,"WAKIL Ketua Umum Majelis Ulama Indonesia (MUI) Cholil Nafis kembali mengusulkan pemidanaan terhadap komunitas lesbian, gay, biseksual, dan transgender (LGBT). Ia mendesak DPR dan pemerintah segera menggodok aturan tersebut."
Mengapa Korea Selatan Boikot Media di Piala Dunia 2026,https://www.tempo.co/sepakbola/mengapa-korea-selatan-boikot-media-di-piala-dunia-2026-2270215,Tempo,olahraga,2026-06-19,"KONTROVERSI yang membuat Korea Selatan menjadi sorotan di Piala Dunia 2026 bukan terkait hasil pertandingan, melainkan konflik antara skuad tim nasional dan media domestik mereka yang memanas selama turnamen berlangsung. Ketegangan itu bermula dari bocornya rekaman percakapan sejumlah jurnalis Korea Selatan yang diduga melontarkan komentar tidak pantas mengenai kapten tim nasional, Son Heung-min.
Perselisihan tersebut kemudian berdampak pada hubungan pemain dan media, bahkan mendorong Korea Selatan membatasi aktivitas media selama turnamen. Di tengah situasi itu, Korea Selatan harus menelan kekalahan 0-1 dari tuan rumah Meksiko pada laga kedua Grup A di Stadion Akron, Guadalajara, Jumat, 19 Juni 2026. Hasil tersebut membuat langkah tim asuhan Hong Myung-bo menuju babak 16 besar menjadi lebih berat.
Menurut laporan sejumlah media internasional, termasuk FOX Sports dan Sky Sports, kontroversi bermula ketika percakapan sejumlah wartawan terekam tanpa sengaja dalam sesi latihan terbuka Korea Selatan di Guadalajara. Dalam rekaman yang kemudian beredar luas di media sosial itu, sejumlah jurnalis diduga mengkritik gaya kepemimpinan Son Heung-min dan menyinggung status pengecualian wajib militer yang diterimanya.
Son merupakan salah satu pemain paling berpengaruh dalam sejarah sepak bola Korea Selatan. Penyerang berusia 33 tahun itu lahir di Chuncheon pada 8 Juli 1992 dan kini memperkuat Los Angeles FC di Major League Soccer (MLS), setelah sebelumnya membela Tottenham Hotspur selama satu dekade.
Dalam catatan FIFA, Son mencetak 49 gol saat memperkuat Hamburg dan Bayer Leverkusen sebelum bergabung dengan Tottenham pada 2015. Ia kemudian berkembang menjadi salah satu pemain Asia tersukses di Eropa dengan koleksi 173 gol dalam 454 pertandingan bersama Spurs.
Pilihan Editor: Bagaimana Miroslav&nbsp;Klose dan Lionel&nbsp;Messi&nbsp;Cetak Rekor Piala DuniaPilihan Editor:&nbsp;Siapa Kuda Hitam Piala Dunia 2026
Salah satu momen paling ikonik dalam kariernya terjadi pada Desember 2019 saat mencetak gol solo ke gawang Burnley setelah melewati tujuh pemain lawan. Gol tersebut membuatnya meraih FIFA Puskas Award. Musim lalu, Son akhirnya mengangkat trofi mayor pertama dalam karier profesionalnya setelah membawa Tottenham menjuarai Liga Europa UEFA lewat kemenangan 1-0 atas Manchester United di final.
Di Korea Selatan, hampir seluruh pria wajib menjalani dinas militer selama 18 hingga 21 bulan. Son memperoleh pengecualian dari kewajiban tersebut setelah memimpin negaranya meraih medali emas Asian Games 2018.
Meski mendapat pengecualian dari wajib militer penuh, Son tetap mengikuti pelatihan dasar militer selama tiga pekan bersama Korps Marinir Korea Selatan pada 2020. Ia menjalani berbagai latihan, termasuk menembak dengan peluru tajam, simulasi paparan gas air mata, dan mars jarak jauh.
Komentar yang menyinggung status tersebut memicu kecaman publik di Korea Selatan. Situasi semakin memburuk setelah rekaman percakapan itu bocor ke publik. Menurut FOX Sports, perselisihan tersebut bahkan disebut berujung pada pengunduran diri sekretaris korps pers Korea Selatan di Piala Dunia. Hingga kini, Federasi Sepak Bola Korea Selatan (KFA) belum memberikan konfirmasi resmi mengenai kabar tersebut.
Dampak kontroversi itu terasa menjelang pertandingan melawan Meksiko. Korea Selatan menolak melayani media dan membatalkan sejumlah agenda wawancara yang telah dijadwalkan.&nbsp;Son juga tidak berbicara kepada wartawan setelah kemenangan 2-1 atas Republik Ceko pada laga pembuka Grup A. Dalam pertandingan tersebut, Korea Selatan meraih tiga poin berkat gol Hwang In-beom dan Oh Hyeon-gyu.
Federasi Sepak Bola Korea Selatan kemudian mengeluarkan pernyataan resmi pada 15 Juni 2026. ""Asosiasi Sepak Bola Korea menyampaikan penyesalan atas komentar tidak pantas yang disampaikan sejumlah personel media selama latihan tim nasional di pusat latihan Guadalajara,"" demikian pernyataan KFA.
""Dengan rasa tanggung jawab untuk mewakili Korea Selatan di panggung global Piala Dunia, para Taegeuk Warriors berupaya memberikan yang terbaik untuk membalas dukungan dan harapan masyarakat. Namun, kebocoran percakapan yang tidak pantas antara sejumlah petugas media di lokasi latihan baru-baru ini telah menimbulkan guncangan dan kekecewaan yang besar bagi tim.""
KFA juga meminta media menunjukkan sikap yang lebih bertanggung jawab terhadap para pemain. ""Kami meminta pertimbangan yang lebih bijaksana serta sikap yang bertanggung jawab terhadap tim nasional dan para pemainnya. Ke depan, kami akan terus memprioritaskan perlindungan terhadap skuad dan berupaya menciptakan lingkungan yang sehat untuk aktivitas media.""
Di tengah polemik tersebut, Korea Selatan kembali diterpa isu lain. Menurut laporan TalkSPORT, sebuah drone ditembak jatuh oleh pasukan Garda Nasional Meksiko saat sesi latihan tertutup Korea Selatan di Guadalajara pada 16 Juni 2026. Dua orang yang diduga mengoperasikan drone itu melarikan diri sebelum polisi tiba di lokasi. Rekaman CCTV yang memperlihatkan para terduga pelaku disebut telah diamankan.
Insiden tersebut memunculkan dugaan adanya upaya memata-matai tim menjelang pertandingan melawan Meksiko. Pelatih Hong Myung-bo mengaku menyayangkan kejadian itu, tetapi menegaskan insiden tersebut tidak mengganggu persiapan tim. ""Itu sangat disayangkan, tetapi tidak berdampak signifikan terhadap kami,"" ujarnya.
Namun, Korea Selatan gagal membawa pulang hasil positif saat menghadapi Meksiko pada laga kedua Grup A. Bermain di Stadion Akron, Guadalajara, Taegeuk Warriors kalah 0-1. Gol tunggal kemenangan Meksiko dicetak Luis Romo pada menit ke-50 setelah memanfaatkan bola liar di dalam kotak penalti.
Korea Selatan sebenarnya sempat mengancam melalui Son Heung-min pada babak pertama. Namun peluang tersebut berhasil digagalkan Edson &Aacute;lvarez yang menyapu bola di garis gawang. Pada babak kedua, Lee Kang-in, Cho Gue-sung, dan Hwang In-beom juga memperoleh sejumlah peluang. Akan tetapi, penampilan gemilang kiper Meksiko Carlos Rangel membuat Korea Selatan gagal mencetak gol hingga pertandingan berakhir.
Kemenangan tersebut mengukuhkan Meksiko di puncak klasemen Grup A dan membuka peluang besar mereka lolos ke babak 16 besar. Sebaliknya, Korea Selatan kini harus meraih hasil positif pada pertandingan terakhir fase grup untuk menjaga asa melaju ke fase gugur.
Di tengah tekanan hasil pertandingan, Son tetap menegaskan kebanggaannya bisa kembali tampil di Piala Dunia. ""Saya sangat senang bisa kembali bermain di lapangan Piala Dunia, sesuatu yang telah saya impikan sejak masih sangat muda,"" kata Son menjelang laga pembuka. ""Baik ini Piala Dunia pertama maupun keempat saya, saya tetap merasa seperti anak kecil lagi. Ini adalah panggung impian.""
Pilihan Editor:&nbsp;Jeda Minum, Kontroversi Baru Piala Dunia 2026"
Bisnis Bioskop Zaman Sekarang,https://www.tempo.co/ekonomi/bisnis-bioskop-zaman-sekarang-2270203,Tempo,ekonomi,2026-06-19,"BISNIS bioskop belakangan ini kian berkembang. Tidak hanya meraup pendapatan dari tiket, pengelola bioskop juga mengandalkan cuan dari penjualan makanan dan minuman.Contohnya PT Nusantara Sejahtera Raya Tbk yang mengelola jaringan bioskop Cinema XXI. Pada kuartal I 2026, bisnis makanan dan minuman berkontribusi 32,6 persen dari total pendapatan yang mencapai Rp 1,1 triliun. Pemasukan dari penjualan tiket tentu tetap mendominasi dengan porsi 60,6 persen."
"Kopel Soroti Penangkapan Roy Suryo dan Dokter Tifa, Singgung Kepercayaan Publik Terhadap Hukum",https://www.tribunnews.com/nasional/7844098/kopel-soroti-penangkapan-roy-suryo-dan-dokter-tifa-singgung-kepercayaan-publik-terhadap-hukum,Tribun,berita,2026-06-19,"Halo,
Profile
Kirim Images
Logout
Masuk ke akun Anda
Belum punya akun? Daftar Akun
Pedoman Media Siber
Hubungi Kami
Privacy Policy
Redaksi
Download TribunX untuk Android & iOS
Ringkasan Berita: Direktur Eksekutif Kopel, Herman, menyoroti penangkapan Roy Suryo dan dr Tifauziah Tyassuma (dr Tifa) oleh Polda Metro Jaya pada Jumat (19/6/2026). Menurutnya, peristiwa ini bukan sekadar proses hukum biasa, melainkan menimbulkan perhatian publik terkait cara penegakan hukum terhadap figur yang dikenal kritis di ruang publik. Herman mempertanyakan apakah hukum masih menjadi instrumen keadilan atau berubah menjadi alat kekuasaan. TRIBUNNEWS.COM, JAKARTA - Direktur Eksekutif Koalisi Pemantau Hukum dan Pemerintahan (Kopel), Herman, menyoroti penangkapan Roy Suryo dan dr Tifauziah Tyassuma alias dr Tifa oleh penyidik Polda Metro Jaya pada Jumat (19/6/2026). Menurut Herman, peristiwa tersebut tidak hanya dipandang sebagai proses hukum biasa, tetapi juga memunculkan perhatian publik terkait cara penegakan hukum dilakukan terhadap figur-figur yang selama ini dikenal aktif menyampaikan kritik di ruang publik. ""Penangkapan Roy Suryo dan Dokter Tifa menghadirkan pertanyaan yang lebih mendasar, apakah hukum masih berdiri sebagai instrumen keadilan atau telah berubah menjadi alat untuk menunjukkan kekuasaan,"" kata Herman dalam keterangannya, Jumat. Ia menilai perhatian publik semakin besar karena penangkapan dr Tifa dilakukan saat yang bersangkutan dikabarkan tengah bersiap mengikuti ujian disertasi. Menurut Herman, momentum tersebut memunculkan diskusi mengenai urgensi dan proporsionalitas tindakan aparat dalam menjalankan proses hukum. ""Terlepas dari perkara yang sedang berjalan, publik tentu berhak mengetahui alasan dan urgensi dari tindakan tersebut, terlebih ketika yang bersangkutan selama ini diketahui memenuhi proses hukum yang berjalan,"" ujarnya. Herman mengatakan, dalam negara demokrasi, penegakan hukum tidak hanya dituntut berjalan sesuai aturan, tetapi juga perlu memperhatikan aspek keadilan yang dapat dirasakan oleh masyarakat. Karena itu, setiap tindakan aparat menurutnya perlu dijalankan secara transparan dan akuntabel agar tidak menimbulkan berbagai spekulasi di tengah publik. Ia juga mengingatkan pentingnya konsistensi dalam penegakan hukum. Menurut Herman, masyarakat kerap membandingkan penanganan sejumlah perkara yang berjalan cepat dengan kasus lain yang dinilai belum menunjukkan perkembangan serupa meskipun telah lama bergulir. ""Penegakan hukum yang konsisten dan setara menjadi syarat penting untuk menjaga kepercayaan publik. Sebab masyarakat akan selalu menilai apakah prinsip kesetaraan di hadapan hukum benar-benar dijalankan,"" katanya. Lebih lanjut, Herman menilai ruang demokrasi harus tetap memberikan tempat bagi kritik dan perbedaan pandangan. Ia menegaskan bahwa kritik terhadap pemerintah merupakan bagian dari kehidupan demokrasi yang sehat dan tidak semestinya dipersepsikan sebagai ancaman. Pada akhirnya, Herman berharap seluruh proses hukum yang berkaitan dengan Roy Suryo maupun dr Tifa dapat berjalan secara profesional, transparan, dan menghormati hak-hak warga negara. Menurutnya, yang sedang dipertaruhkan bukan hanya nasib individu yang berhadapan dengan hukum, tetapi juga kepercayaan masyarakat terhadap institusi penegak hukum dan kualitas demokrasi Indonesia. Refly Harun Minta Prabowo ""Intervensi"" Kuasa hukum Roy Suryo dan Tifauzia Tyassuma, Refly Harun, meminta perhatian Presiden Prabowo Subianto dalam kasus tudingan ijazah palsu Presiden ke-7 RI Joko Widodo (Jokowi). Terlebih setelah Roy Suryo dan dokter Tifa yang berstatus tersangka ditangkap oleh Polda Metro Jaya pada Jumat (19/6/2026) pagi tadi.
Menurut Herman, peristiwa tersebut tidak hanya dipandang sebagai proses hukum biasa, tetapi juga memunculkan perhatian publik terkait cara penegakan hukum dilakukan terhadap figur-figur yang selama ini dikenal aktif menyampaikan kritik di ruang publik.
""Penangkapan Roy Suryo dan Dokter Tifa menghadirkan pertanyaan yang lebih mendasar, apakah hukum masih berdiri sebagai instrumen keadilan atau telah berubah menjadi alat untuk menunjukkan kekuasaan,"" kata Herman dalam keterangannya, Jumat.
Ia menilai perhatian publik semakin besar karena penangkapan dr Tifa dilakukan saat yang bersangkutan dikabarkan tengah bersiap mengikuti ujian disertasi.
Menurut Herman, momentum tersebut memunculkan diskusi mengenai urgensi dan proporsionalitas tindakan aparat dalam menjalankan proses hukum.
""Terlepas dari perkara yang sedang berjalan, publik tentu berhak mengetahui alasan dan urgensi dari tindakan tersebut, terlebih ketika yang bersangkutan selama ini diketahui memenuhi proses hukum yang berjalan,"" ujarnya.
Herman mengatakan, dalam negara demokrasi, penegakan hukum tidak hanya dituntut berjalan sesuai aturan, tetapi juga perlu memperhatikan aspek keadilan yang dapat dirasakan oleh masyarakat. Karena itu, setiap tindakan aparat menurutnya perlu dijalankan secara transparan dan akuntabel agar tidak menimbulkan berbagai spekulasi di tengah publik.
Ia juga mengingatkan pentingnya konsistensi dalam penegakan hukum. Menurut Herman, masyarakat kerap membandingkan penanganan sejumlah perkara yang berjalan cepat dengan kasus lain yang dinilai belum menunjukkan perkembangan serupa meskipun telah lama bergulir.
""Penegakan hukum yang konsisten dan setara menjadi syarat penting untuk menjaga kepercayaan publik. Sebab masyarakat akan selalu menilai apakah prinsip kesetaraan di hadapan hukum benar-benar dijalankan,"" katanya.
Lebih lanjut, Herman menilai ruang demokrasi harus tetap memberikan tempat bagi kritik dan perbedaan pandangan. Ia menegaskan bahwa kritik terhadap pemerintah merupakan bagian dari kehidupan demokrasi yang sehat dan tidak semestinya dipersepsikan sebagai ancaman.
Pada akhirnya, Herman berharap seluruh proses hukum yang berkaitan dengan Roy Suryo maupun dr Tifa dapat berjalan secara profesional, transparan, dan menghormati hak-hak warga negara.
Menurutnya, yang sedang dipertaruhkan bukan hanya nasib individu yang berhadapan dengan hukum, tetapi juga kepercayaan masyarakat terhadap institusi penegak hukum dan kualitas demokrasi Indonesia.
Refly Harun Minta Prabowo ""Intervensi""
Kuasa hukum Roy Suryo dan Tifauzia Tyassuma, Refly Harun, meminta perhatian Presiden Prabowo Subianto dalam kasus tudingan ijazah palsu Presiden ke-7 RI Joko Widodo (Jokowi).
Terlebih setelah Roy Suryo dan dokter Tifa yang berstatus tersangka ditangkap oleh Polda Metro Jaya pada Jumat (19/6/2026) pagi tadi.
Isi komentar sepenuhnya adalah tanggung jawab pengguna dan diatur dalam UU ITE."
"Penangkapan Roy Suryo dan Dokter Tifa Dinilai 'Pesanan', Refly Harun Minta Prabowo Beri Perhatian",https://www.tribunnews.com/nasional/7844094/penangkapan-roy-suryo-dan-dokter-tifa-dinilai-pesanan-refly-harun-minta-prabowo-beri-perhatian,Tribun,berita,2026-06-19,"Halo,
Profile
Kirim Images
Logout
Masuk ke akun Anda
Belum punya akun? Daftar Akun
Pedoman Media Siber
Hubungi Kami
Privacy Policy
Redaksi
Download TribunX untuk Android & iOS
Ringkasan Berita: Refly Harun menilai penangkapan Roy Suryo dan Dokter Tifa pada Jumat (19/6/2026) pagi tadi, dilakukan dengan sewenang-wenang, sehingga ia merasa Presiden Prabowo harus memberikan perhatian pada kasus ijazah palsu Jokowi ini. Refly menegaskan bahwa Kepolisian adalah aparat hukum yang berada langsung di bawah presiden. Sehingga ketika penegakan hukum suatu kasus berjalan tidak logis dan terkesan memenuhi pesanan pihak tertentu, maka Presiden Prabowo harus memberikan perhatian. TRIBUNNEWS.COM - Kuasa hukum Roy Suryo dan Tifauzia Tyassuma , Refly Harun , meminta perhatian Presiden Prabowo Subianto dalam kasus tudingan ijazah palsu Presiden ke-7 RI Joko Widodo (Jokowi). Terlebih setelah Roy Suryo dan dokter Tifa yang berstatus tersangka ditangkap oleh Polda Metro Jaya pada Jumat (19/6/2026) pagi tadi. Refly menilai penangkapan Roy Suryo dan Tifa sewenang-wenang sehingga ia merasa Prabowo harus memberikan perhatian pada kasus ijazah. ""Sekaligus meminta perhatian pihak-pihak yang berkepentingan yang tentu saja memiliki kekuasaan hukum secara benar."" ""Termasuk juga pihak misalnya Istana sekalipun, ya kita minta Presiden Prabowo Subianto , agar melakukan mengeluarkan segala kekuatan, otoritas yang legal konstitusional untuk memperhatikan kasus ini, untuk menyetop kesewenang-wenangan itu,"" kata Refly dalam tayangan Breaking News Kompas TV, Jumat (19/6/2026). Refly menegaskan bahwa Kepolisian adalah aparat hukum yang berada di bawah dan bertanggungjawab langsung kepada presiden. Refly menyadari ketika suatu kasus hukum berjalan dengan baik, independen, dan logis, presiden tidak bisa mengintervensinya. Namun, ketika penegakan hukum suatu kasus berjalan tidak logis dan terkesan memenuhi pesanan pihak tertentu, seperti yang dinilainya terjadi pada kasus ijazah Jokowi, Refly merasa Prabowo harus memberikan perhatian agar nantinya penegakan hukum di Indonesia bisa berjalan dengan benar. ""Jangan lupa kepolisian adalah aparat di bawah kepresidenan, sebuah penegakan yang baik, yang independen, yang logis, tentu tidak boleh diintervensi."" ""Tetapi kalau penegakan hukum yang tidak logis, independen, memenuhi pesanan pihak tertentu, ya tentunya harus ada upaya untuk meluruskannya kembali. Saya kira koridor hukumnya harus ditegakkan secara benar,"" tegas Refly. Baca juga: Roy Suryo Ditangkap saat Baru Selesai Salat Subuh, Dokter Tifa Ketika Hendak Ujian Disertasi Roy Suryo dan Dokter Tifa Ditangkap KASUS IJAZAH JOKOWI - Kuasa Hukum Roy Suryo dan Tifauziah Tyassuma atau Dokter Tifa, Refly Harun memprotes keras penangkapan kliennya pada Kamis (19/6/2026). (Tribunnews.com/Reynas Abdila) (Tribunnews.com/Reynas Abdila) Polda Metro Jaya menangkap Roy Suryo dan Tifa pada Jumat (19/6/2026). Keduanya kemudian dibawa ke Mapolda Metro Jaya sebagai tersangka dalam kasus dugaan pencemaran nama baik terkait tuduhan ijazah palsu Presiden ke-7 RI Joko Widodo (Jokowi). Penangkapan mendadak tersebut menuai sorotan dari kuasa hukum keduanya, Refly Harun , yang menilai proses penjemputan paksa dilakukan dalam kondisi yang tidak wajar. Menurut Refly, Roy Suryo dibawa dalam keadaan belum siap secara fisik dan tanpa persiapan yang memadai.
Terlebih setelah Roy Suryo dan dokter Tifa yang berstatus tersangka ditangkap oleh Polda Metro Jaya pada Jumat (19/6/2026) pagi tadi.
Refly menilai penangkapan Roy Suryo dan Tifa sewenang-wenang sehingga ia merasa Prabowo harus memberikan perhatian pada kasus ijazah.
""Sekaligus meminta perhatian pihak-pihak yang berkepentingan yang tentu saja memiliki kekuasaan hukum secara benar.""
""Termasuk juga pihak misalnya Istana sekalipun, ya kita minta Presiden Prabowo Subianto , agar melakukan mengeluarkan segala kekuatan, otoritas yang legal konstitusional untuk memperhatikan kasus ini, untuk menyetop kesewenang-wenangan itu,"" kata Refly dalam tayangan Breaking News Kompas TV, Jumat (19/6/2026).
Refly menegaskan bahwa Kepolisian adalah aparat hukum yang berada di bawah dan bertanggungjawab langsung kepada presiden.
Refly menyadari ketika suatu kasus hukum berjalan dengan baik, independen, dan logis, presiden tidak bisa mengintervensinya.
Namun, ketika penegakan hukum suatu kasus berjalan tidak logis dan terkesan memenuhi pesanan pihak tertentu, seperti yang dinilainya terjadi pada kasus ijazah Jokowi, Refly merasa Prabowo harus memberikan perhatian agar nantinya penegakan hukum di Indonesia bisa berjalan dengan benar.
""Jangan lupa kepolisian adalah aparat di bawah kepresidenan, sebuah penegakan yang baik, yang independen, yang logis, tentu tidak boleh diintervensi.""
""Tetapi kalau penegakan hukum yang tidak logis, independen, memenuhi pesanan pihak tertentu, ya tentunya harus ada upaya untuk meluruskannya kembali. Saya kira koridor hukumnya harus ditegakkan secara benar,"" tegas Refly.
Polda Metro Jaya menangkap Roy Suryo dan Tifa pada Jumat (19/6/2026).
Keduanya kemudian dibawa ke Mapolda Metro Jaya sebagai tersangka dalam kasus dugaan pencemaran nama baik terkait tuduhan ijazah palsu Presiden ke-7 RI Joko Widodo (Jokowi).
Penangkapan mendadak tersebut menuai sorotan dari kuasa hukum keduanya, Refly Harun , yang menilai proses penjemputan paksa dilakukan dalam kondisi yang tidak wajar.
Menurut Refly, Roy Suryo dibawa dalam keadaan belum siap secara fisik dan tanpa persiapan yang memadai.
Isi komentar sepenuhnya adalah tanggung jawab pengguna dan diatur dalam UU ITE."
"700 Mahasiswa Trisakti Geruduk DPR Sore Ini, Bawa 3 Tuntutan Rakyat",https://www.tribunnews.com/metropolitan/7844107/700-mahasiswa-trisakti-geruduk-dpr-sore-ini-bawa-3-tuntutan-rakyat,Tribun,berita,2026-06-19,"Halo,
Profile
Kirim Images
Logout
Masuk ke akun Anda
Belum punya akun? Daftar Akun
Pedoman Media Siber
Hubungi Kami
Privacy Policy
Redaksi
Download TribunX untuk Android & iOS
Ringkasan Berita: Sekitar 700 mahasiswa Trisakti akan berdemo di DPR dengan sejumlah tuntutan politik nasional. Mereka menuntut perbaikan ekonomi, penolakan UU Polri, serta penghentian represivitas aparat negara. Sebanyak 1.407 personel gabungan TNI-Polri disiagakan untuk mengamankan jalannya aksi demonstrasi . TRIBUNNEWS.COM, JAKARTA - Sekitar 700 mahasiswa Universitas Trisakti akan menggelar aksi demonstrasi di Kompleks Senayan, DPR RI, Jumat (19/06/2026). Menteri Luar Negeri Kepresidenan Mahasiswa (Kepresma) Trisakti, Arief Rizquna mengatakan mahasiswa akan bertolak dari Tugu Monumen Tragedi 12 Mei menuju DPR pukul 14.00 WIB. Mereka akan menggunakan sejumlah alat transportasi, kopaja, angkot, dan sepeda motor. Kendaraan itu akan parkir di kawasan Gedung TVRI. Lalu massa mahasiswa melakukan long march ke depan Gedung DPR. ""Dari hasil teknis lapangan kemarin, kita akan berangkat kurang lebih di jam dua. Kita akan berangkat dari sini dan kita akan menuju ke gedung DPR,"" tutur Arief di kawasan Tugu Monumen Tragedi 12 Mei, Universitas Trisakti , Jakarta Barat . Rencananya di lokasi aksi akan turut sejumlah mahasiswa gabungan universitas di Jakarta Barat . Tiga Tuntutan Rakyat Mahasiswa mengusung tiga tuntutan utama yakni memulihkan ekonomi dan politik, memberantas inkompetensi pejabat, serta mengembalikan supremasi sipil. Selain itu, mereka turut menyuarakan sejumlah tuntutan lain, di antaranya menurunkan harga bahan pokok, menurunkan harga BBM dan meningkatkan ketersediaan BBM subsidi, menghentikan pemborosan APBN, serta melakukan evaluasi total terhadap program makan bergizi gratis (MBG). Mahasiswa juga menyatakan penolakan terhadap UU Polri, meminta pembebasan tahanan politik, menghentikan represivitas aparat dan militerisme di ranah sipil, serta menolak proyek strategis nasional (PSN) yang dinilai tidak berpihak kepada rakyat. Baca juga: Demo Makin Ramai! Emak-emak, Ojol, Dokter Muda hingga Difabel Turun ke Jalan TNI-Polri Siaga Apel kesiapan pengamanan menjelang aksi unjuk rasa yang berlangsung di kawasan Gedung MPR/ DPR RI, Senayan, Jakarta. Apel dipimpin langsung Kapolres Metro Jakarta Pusat Kombes Pol. Reynold E.P. Hutagalung, di halaman Gedung MPR/ DPR RI pada Jumat pagi. Berdasarkan pantauan reporter Tribunnews.com Chaerul Umam di lokasi, apel digelar sekira pukul 08.40 WIB. Ribuan personel gabungan TNI Polri tampak khidmat mengikuti apel pagi ini. Berdasarkan informasi yang didapat, jumlah personel gabungan yang diturunkan untuk mengamankan aksi unjuk rasa di Kompleks Parlemen sekitar 1.407.
Menteri Luar Negeri Kepresidenan Mahasiswa (Kepresma) Trisakti, Arief Rizquna mengatakan mahasiswa akan bertolak dari Tugu Monumen Tragedi 12 Mei menuju DPR pukul 14.00 WIB.
Mereka akan menggunakan sejumlah alat transportasi, kopaja, angkot, dan sepeda motor.
Kendaraan itu akan parkir di kawasan Gedung TVRI. Lalu massa mahasiswa melakukan long march ke depan Gedung DPR.
""Dari hasil teknis lapangan kemarin, kita akan berangkat kurang lebih di jam dua. Kita akan berangkat dari sini dan kita akan menuju ke gedung DPR,"" tutur Arief di kawasan Tugu Monumen Tragedi 12 Mei, Universitas Trisakti , Jakarta Barat .
Rencananya di lokasi aksi akan turut sejumlah mahasiswa gabungan universitas di Jakarta Barat .
Mahasiswa mengusung tiga tuntutan utama yakni memulihkan ekonomi dan politik, memberantas inkompetensi pejabat, serta mengembalikan supremasi sipil.
Selain itu, mereka turut menyuarakan sejumlah tuntutan lain, di antaranya menurunkan harga bahan pokok, menurunkan harga BBM dan meningkatkan ketersediaan BBM subsidi, menghentikan pemborosan APBN, serta melakukan evaluasi total terhadap program makan bergizi gratis (MBG).
Mahasiswa juga menyatakan penolakan terhadap UU Polri, meminta pembebasan tahanan politik, menghentikan represivitas aparat dan militerisme di ranah sipil, serta menolak proyek strategis nasional (PSN) yang dinilai tidak berpihak kepada rakyat.
TNI-Polri Siaga
Apel kesiapan pengamanan menjelang aksi unjuk rasa yang berlangsung di kawasan Gedung MPR/ DPR RI, Senayan, Jakarta.
Apel dipimpin langsung Kapolres Metro Jakarta Pusat Kombes Pol. Reynold E.P. Hutagalung, di halaman Gedung MPR/ DPR RI pada Jumat pagi.
Berdasarkan pantauan reporter Tribunnews.com Chaerul Umam di lokasi, apel digelar sekira pukul 08.40 WIB.
Ribuan personel gabungan TNI Polri tampak khidmat mengikuti apel pagi ini.
Berdasarkan informasi yang didapat, jumlah personel gabungan yang diturunkan untuk mengamankan aksi unjuk rasa di Kompleks Parlemen sekitar 1.407.
Isi komentar sepenuhnya adalah tanggung jawab pengguna dan diatur dalam UU ITE."
Polisi Siapkan Rekayasa Lalu Lintas di Kawasan Senayan Jika Massa Aksi di DPR  Membludak,https://www.tribunnews.com/nasional/7844062/polisi-siapkan-rekayasa-lalu-lintas-di-kawasan-senayan-jika-massa-aksi-di-dpr-membludak,Tribun,berita,2026-06-19,"Halo,
Profile
Kirim Images
Logout
Masuk ke akun Anda
Belum punya akun? Daftar Akun
Pedoman Media Siber
Hubungi Kami
Privacy Policy
Redaksi
Download TribunX untuk Android & iOS
Ringkasan Berita: Polisi siapkan skema rekayasa lalu lintas di Senayan apabila jumlah massa dalam aksi unjuk rasa yang berlangsung di DPR membludak ganggu arus kendaraan. Namun, kepolisian menegaskan bahwa penerapan pengalihan arus maupun rekayasa lalu lintas akan dilakukan secara situasional dengan mempertimbangkan kondisi riil di lapangan. Hingga saat ini belum ada keputusan terkait rekayasa lalu lintas karena petugas masih melihat perkembangan jumlah massa yang hadir dalam aksi tersebut. TRIBUNNEWS.COM, JAKARTA - Polres Metro Jakarta Pusat menyiapkan skema rekayasa lalu lintas di kawasan Senayan , apabila jumlah massa dalam aksi unjuk rasa yang berlangsung di depan Gedung DPR , membludak dan berpotensi mengganggu arus kendaraan. Namun, kepolisian menegaskan bahwa penerapan pengalihan arus maupun rekayasa lalu lintas akan dilakukan secara situasional dengan mempertimbangkan kondisi riil di lapangan. Kasi Humas Polres Metro Jakarta Pusat, Iptu Erlyn Sumantri, mengatakan hingga saat ini belum ada keputusan terkait rekayasa lalu lintas karena petugas masih melihat perkembangan jumlah massa yang hadir dalam aksi tersebut. ""Itu situasional ya. Seperti biasanya kalau pengalihan arus lalu lintas atau rekayasa itu lihat situasi di lapangan. Untuk saat ini belum ada bayangan juga, mungkin kemungkinan kalau massa tidak terlalu banyak kan nggak ada pengalihan arus atau rekayasa arus lalu lintas,"" kata Erlyn, kepada wartawan di Kompleks Parlemen, Senayan , Jakarta, Jumat (19/6/2026). Menurutnya, pengaturan lalu lintas akan disesuaikan dengan kebutuhan di lapangan. Jika massa aksi tidak terlalu banyak dan tidak mengganggu arus kendaraan, maka pengalihan arus maupun rekayasa lalu lintas kemungkinan tidak akan diberlakukan. Sebaliknya, apabila jumlah peserta aksi meningkat signifikan dan berpotensi menimbulkan kepadatan kendaraan di sekitar kawasan Senayan, polisi akan mengambil langkah pengaturan arus guna menjaga kelancaran lalu lintas dan keamanan masyarakat. Baca juga: Demo Makin Ramai! Emak-emak, Ojol, Dokter Muda hingga Difabel Turun ke Jalan Adapun berdasarkan pantauan reporter Tribunnews.com Chaerul Umam di Jalan Gatot Subroto Jakarta Pusat, yang mengarah ke Slipi, atau tepatnya di depan Gedung DPR /MPR RI, sekira pukul 10.00 WIB, terpantau arus lalu lintas ramai lancar menjelang aksi demonstrasi mahasiswa yang dijadwalkan berlangsung pada Jumat (19/6/2026) siang. Terpantau kendaraan dari arah Semanggi menuju Slipi masih dapat melintas dengan kecepatan normal. Belum terlihat adanya kepadatan signifikan maupun pengalihan arus lalu lintas di ruas jalan utama yang mengelilingi kompleks parlemen tersebut. Selain itu, sejumlah personel kepolisian tampak telah bersiaga di sejumlah titik strategis di sekitar Gedung DPR /MPR RI. Adapun, sejumlah elemen mahasiswa akan menggelar aksi demonstrasi di depan Gedung DPR RI, satu di antaranya dari Badan Eksekutif Mahasiswa Fakultas Hukum Universitas Trisakti (BEM FH Usakti). Badan Eksekutif Mahasiswa Fakultas Hukum Universitas Trisakti menyerukan aksi bertajuk ""Indonesia Gawat Darurat, Rakyat Bersatu Menggugat"" yang akan digelar pada Jumat (19/6/2026). Aksi dijadwalkan dimulai pukul 13.30 WIB dengan titik kumpul di Tugu Luar 12 Mei Universitas Trisakti sebelum massa bergerak menuju Gedung DPR RI. Baca juga: Ramai Demo Harga Pertamax hingga Stop MBG, Gibran Pilih Boyong 5 Mahasiswa Keliling Indonesia Timur Dalam seruan aksi yang disebarluaskan melalui media sosial, BEM FH Trisakti menyebut demonstrasi tersebut merupakan bentuk partisipasi aktif mahasiswa dalam mengawal arah kebijakan negara serta menjaga demokrasi, keadilan, dan supremasi sipil.
Namun, kepolisian menegaskan bahwa penerapan pengalihan arus maupun rekayasa lalu lintas akan dilakukan secara situasional dengan mempertimbangkan kondisi riil di lapangan.
Kasi Humas Polres Metro Jakarta Pusat, Iptu Erlyn Sumantri, mengatakan hingga saat ini belum ada keputusan terkait rekayasa lalu lintas karena petugas masih melihat perkembangan jumlah massa yang hadir dalam aksi tersebut.
""Itu situasional ya. Seperti biasanya kalau pengalihan arus lalu lintas atau rekayasa itu lihat situasi di lapangan. Untuk saat ini belum ada bayangan juga, mungkin kemungkinan kalau massa tidak terlalu banyak kan nggak ada pengalihan arus atau rekayasa arus lalu lintas,"" kata Erlyn, kepada wartawan di Kompleks Parlemen, Senayan , Jakarta, Jumat (19/6/2026).
Menurutnya, pengaturan lalu lintas akan disesuaikan dengan kebutuhan di lapangan. Jika massa aksi tidak terlalu banyak dan tidak mengganggu arus kendaraan, maka pengalihan arus maupun rekayasa lalu lintas kemungkinan tidak akan diberlakukan.
Sebaliknya, apabila jumlah peserta aksi meningkat signifikan dan berpotensi menimbulkan kepadatan kendaraan di sekitar kawasan Senayan, polisi akan mengambil langkah pengaturan arus guna menjaga kelancaran lalu lintas dan keamanan masyarakat.
Adapun berdasarkan pantauan reporter Tribunnews.com Chaerul Umam di Jalan Gatot Subroto Jakarta Pusat, yang mengarah ke Slipi, atau tepatnya di depan Gedung DPR /MPR RI, sekira pukul 10.00 WIB, terpantau arus lalu lintas ramai lancar menjelang aksi demonstrasi mahasiswa yang dijadwalkan berlangsung pada Jumat (19/6/2026) siang.
Terpantau kendaraan dari arah Semanggi menuju Slipi masih dapat melintas dengan kecepatan normal.
Belum terlihat adanya kepadatan signifikan maupun pengalihan arus lalu lintas di ruas jalan utama yang mengelilingi kompleks parlemen tersebut.
Selain itu, sejumlah personel kepolisian tampak telah bersiaga di sejumlah titik strategis di sekitar Gedung DPR /MPR RI.
Adapun, sejumlah elemen mahasiswa akan menggelar aksi demonstrasi di depan Gedung DPR RI, satu di antaranya dari Badan Eksekutif Mahasiswa Fakultas Hukum Universitas Trisakti (BEM FH Usakti).
Badan Eksekutif Mahasiswa Fakultas Hukum Universitas Trisakti menyerukan aksi bertajuk ""Indonesia Gawat Darurat, Rakyat Bersatu Menggugat"" yang akan digelar pada Jumat (19/6/2026).
Aksi dijadwalkan dimulai pukul 13.30 WIB dengan titik kumpul di Tugu Luar 12 Mei Universitas Trisakti sebelum massa bergerak menuju Gedung DPR RI.
Dalam seruan aksi yang disebarluaskan melalui media sosial, BEM FH Trisakti menyebut demonstrasi tersebut merupakan bentuk partisipasi aktif mahasiswa dalam mengawal arah kebijakan negara serta menjaga demokrasi, keadilan, dan supremasi sipil.
Isi komentar sepenuhnya adalah tanggung jawab pengguna dan diatur dalam UU ITE."
Prediksi Skor Brasil vs Haiti di Piala Dunia 2026: Penebusan Kekecewaan dari Laga Pertama Selecao,https://www.tribunnews.com/superskor/7844113/prediksi-skor-brasil-vs-haiti-di-piala-dunia-2026-penebusan-kekecewaan-dari-laga-pertama-selecao,Tribun,olahraga,2026-06-19,"Halo,
Profile
Kirim Images
Logout
Masuk ke akun Anda
Belum punya akun? Daftar Akun
Pedoman Media Siber
Hubungi Kami
Privacy Policy
Redaksi
Download TribunX untuk Android & iOS
Ringkasan Berita: Brasil mengusung misi penebusan setelah hanya bermain imbang 1-1 melawan Maroko pada laga pembuka Grup C. Haiti tampil menjanjikan meski kalah dari Skotlandia, tetapi perbedaan kualitas skuad membuat Selecao tetap sangat diunggulkan. Simulasi Opta memberi Brasil peluang menang 87,3 persen dan kemenangan berpotensi menjadi titik balik perjalanan mereka di Piala Dunia 2026 . TRIBUNNEWS.COM - Brasil membawa misi wajib menang saat menghadapi Haiti pada laga kedua Grup C Piala Dunia 2026 di Philadelphia Stadium pada Sabtu (20/6/2026) pukul 07.30 WIB. Setelah bermain imbang 1-1 melawan Maroko pada pertandingan pembuka, Selecao kini membutuhkan tiga poin untuk mengamankan posisi sekaligus mengembalikan kepercayaan diri mereka. Peluang Brasil untuk menang di laga melawan Haiti ini sangat besar. Kedua tim menunjukkan perbedaan ranking yang cukup jauh. Dengan pengalaman pentas di laga internasional serta misi wajib menang, Brasil diyakini akan membuat penebusan saat melawan Haiti setelah laga pertama hanya bermain imbang. ""Brasil bersama Maroko sangat diunggulkan di grup C ini. Sementara Haiti bisa dibilang hanya tim hore,"" kata Football Enthusiast Bayu Ajianto saat berbincang dalam Podcast Super Taktik di Kantor Tribunnews Solo, Karanganyar, Jawa Tengah. Pendapat tersebut didukung oleh fakta bahwa Brasil merupakan pemilik lima gelar juara dunia, sedangkan Haiti baru tampil untuk kedua kalinya di putaran final Piala Dunia sepanjang sejarah. Brasil saat ini menempati ranking enam dunia, sedangkan Haiti 84 dunia, sehingga ada gap 77 peringkat. Meski demikian, Brasil tidak boleh meremehkan lawannya. Haiti tampil cukup menjanjikan saat kalah tipis 0-1 dari Skotlandia pada laga pertama. Mereka bahkan mencatatkan 15 tembakan, jumlah terbanyak di Grup C pada matchday pertama. PIALA DUNIA 2026 - Pedagang bendera bersama sang istri saat melayani pembeli atribut Timnas Brasil dan negara peserta Piala Dunia 2026 di kawasan Abepura, Kota Jayapura, Kamis (28/5/2026). Atribut Brasil masih mendominasi pasaran di Abepura sebab mayoritas pembeli menyukai Brasil. (Tribun-Papua.com/Yulianus Magai) Brasil Ingin Menebus Hasil Kurang Maksimal Tim asuhan Carlo Ancelotti datang ke turnamen ini dengan ekspektasi tinggi. Namun performa mereka saat ditahan Maroko menimbulkan sejumlah pertanyaan. Pada pertandingan tersebut, Brasil bahkan kalah jumlah tembakan dari lawannya. Maroko melepaskan 14 percobaan, sementara Brasil hanya 12. Itu menjadi pertama kalinya sejak perempat final Piala Dunia 2006 melawan Prancis mereka kalah dalam statistik tembakan di ajang Piala Dunia. Vinicius Junior menjadi penyelamat melalui gol penyeimbang yang dicetaknya pada babak kedua. Bintang Real Madrid itu kini terlibat dalam empat gol dari lima penampilannya di Piala Dunia dengan catatan dua gol dan dua assist. Catatan tersebut membuat Vinicius menjadi pemain Brasil paling produktif dalam dua edisi Piala Dunia terakhir.  Ia rata-rata berkontribusi terhadap satu gol setiap 98 menit bermain.
Setelah bermain imbang 1-1 melawan Maroko pada pertandingan pembuka, Selecao kini membutuhkan tiga poin untuk mengamankan posisi sekaligus mengembalikan kepercayaan diri mereka.
Peluang Brasil untuk menang di laga melawan Haiti ini sangat besar. Kedua tim menunjukkan perbedaan ranking yang cukup jauh.
Dengan pengalaman pentas di laga internasional serta misi wajib menang, Brasil diyakini akan membuat penebusan saat melawan Haiti setelah laga pertama hanya bermain imbang.
""Brasil bersama Maroko sangat diunggulkan di grup C ini. Sementara Haiti bisa dibilang hanya tim hore,"" kata Football Enthusiast Bayu Ajianto saat berbincang dalam Podcast Super Taktik di Kantor Tribunnews Solo, Karanganyar, Jawa Tengah.
Pendapat tersebut didukung oleh fakta bahwa Brasil merupakan pemilik lima gelar juara dunia, sedangkan Haiti baru tampil untuk kedua kalinya di putaran final Piala Dunia sepanjang sejarah.
Brasil saat ini menempati ranking enam dunia, sedangkan Haiti 84 dunia, sehingga ada gap 77 peringkat.
Meski demikian, Brasil tidak boleh meremehkan lawannya. Haiti tampil cukup menjanjikan saat kalah tipis 0-1 dari Skotlandia pada laga pertama.
Mereka bahkan mencatatkan 15 tembakan, jumlah terbanyak di Grup C pada matchday pertama.
Tim asuhan Carlo Ancelotti datang ke turnamen ini dengan ekspektasi tinggi. Namun performa mereka saat ditahan Maroko menimbulkan sejumlah pertanyaan.
Pada pertandingan tersebut, Brasil bahkan kalah jumlah tembakan dari lawannya. Maroko melepaskan 14 percobaan, sementara Brasil hanya 12.
Itu menjadi pertama kalinya sejak perempat final Piala Dunia 2006 melawan Prancis mereka kalah dalam statistik tembakan di ajang Piala Dunia.
Vinicius Junior menjadi penyelamat melalui gol penyeimbang yang dicetaknya pada babak kedua.
Bintang Real Madrid itu kini terlibat dalam empat gol dari lima penampilannya di Piala Dunia dengan catatan dua gol dan dua assist.
Catatan tersebut membuat Vinicius menjadi pemain Brasil paling produktif dalam dua edisi Piala Dunia terakhir.  Ia rata-rata berkontribusi terhadap satu gol setiap 98 menit bermain.
Isi komentar sepenuhnya adalah tanggung jawab pengguna dan diatur dalam UU ITE."
"Rahasiakan Jalan Emas Meksiko ke 32 Besar, Javier Aguirre Bangga dengan El Tri",https://www.tribunnews.com/superskor/7844110/rahasiakan-jalan-emas-meksiko-ke-32-besar-javier-aguirre-bangga-dengan-el-tri,Tribun,olahraga,2026-06-19,"Halo,
Profile
Kirim Images
Logout
Masuk ke akun Anda
Belum punya akun? Daftar Akun
Pedoman Media Siber
Hubungi Kami
Privacy Policy
Redaksi
Download TribunX untuk Android & iOS
Ringkasan Berita: Kemenangan Meksiko atas Korea Selatan di Grup A Piala Dunia 2026 disambut suka cita sang pelatih Javier Aguirre . Aguirre memuji semangat anak asuhnya yang bermain luar biasa saat menghadapi Korea Selatan. Pada akhirnya Meksiko berhak tampil sebagai juara Grup A. TRIBUNNEWS.COM - Pelatih Meksiko , Javier Aguirre , sangat senang dengan kiprah anak asuhnya yang berhasil melangkah ke babak 32 besar Piala Dunia 2026 . Mereka menjadi tim pertama yang berhasil memastikan langkah ke fase tersebut di ajang kali ini. Ada hal yang dilakukan Aguirre untuk menambah motivasi para pemainnya. Ia sengaja tak membahas soal peluang lolos tim arahannya dengan para pemain. Untungnya skuad Meksiko bisa mendapatkan hasil manis di akhir pertandingan. ""Meksiko menjadi salah satu yang diunggulkan karena menjadi tuan rumah. Meksiko saya prediksi lolos karena statusnya itu,"" ucap Bayu Ajianto, seorang football enthusiast, dalam podcast Super Taktik di kantor Tribunnews Solo, Karanganyar, Jawa Tengah. Baca juga: Krisis Cedera Timnas Jepang Berlanjut, Takefusa Kubo Absen di Sisa Laga Fase Grup Piala Dunia 2026 Sebenarnya Aguirre sendiri juga tak sadar dengan peluang lolos tim arahannya yang bisa dipastikan lewat pertandingan melawan Korea Selatan. Ia harus diingatkan oleh salah satu asistennya terkait skenario tersebut. ""Saya sebenarnya sudah membaca peraturan turnamen ini, termasuk dengan penentu kelolosan jika ada yang memiliki poin sama,"" kata Aguirre dikutip dari DAZN. ""Baru pada pagi ini, staf saya, mengingatkan saya soal hal itu saat sarapan. Namun saya memutuskan tak memberitahu para pemain soal ini,"" paparnya. Aguirre malah menekankan kepada para pemainnya untuk tak melihat hasil pertandingan lain. PENDUKUNG MEKSIKO - Wanita asal Solo mengenakan stiker Meksiko di wajah sebagai bentuk dukungan dalam Piala Dunia 2026, di Kota Solo, Jawa Tengah, Rabu (17/6/2026).(Tribun-Video.com/Akmal Khoirul Habib) (Tribunnews.com/Tribun-Video.com/Akmal Khoirul Habib) Ia ingin tim Meksiko benar-benar menggantungkan nasibnya di fase grup lewat upaya mereka sendiri. Pelatih berpengalaman ini mengakui hasil imbang antara Afrika Selatan dan Republik Ceko sedikit memberikan keuntungan. Namun ia tak ingin anak asuhnya menjadi terlena dengan itu. Ia mengingatkan tak akan ada tim yang menolong Meksiko jika situasinya dibalik.
Mereka menjadi tim pertama yang berhasil memastikan langkah ke fase tersebut di ajang kali ini.
Ada hal yang dilakukan Aguirre untuk menambah motivasi para pemainnya.
Ia sengaja tak membahas soal peluang lolos tim arahannya dengan para pemain.
Untungnya skuad Meksiko bisa mendapatkan hasil manis di akhir pertandingan.
""Meksiko menjadi salah satu yang diunggulkan karena menjadi tuan rumah. Meksiko saya prediksi lolos karena statusnya itu,"" ucap Bayu Ajianto, seorang football enthusiast, dalam podcast Super Taktik di kantor Tribunnews Solo, Karanganyar, Jawa Tengah.
Sebenarnya Aguirre sendiri juga tak sadar dengan peluang lolos tim arahannya yang bisa dipastikan lewat pertandingan melawan Korea Selatan.
Ia harus diingatkan oleh salah satu asistennya terkait skenario tersebut.
""Saya sebenarnya sudah membaca peraturan turnamen ini, termasuk dengan penentu kelolosan jika ada yang memiliki poin sama,"" kata Aguirre dikutip dari DAZN.
""Baru pada pagi ini, staf saya, mengingatkan saya soal hal itu saat sarapan. Namun saya memutuskan tak memberitahu para pemain soal ini,"" paparnya.
Aguirre malah menekankan kepada para pemainnya untuk tak melihat hasil pertandingan lain.
Ia ingin tim Meksiko benar-benar menggantungkan nasibnya di fase grup lewat upaya mereka sendiri.
Pelatih berpengalaman ini mengakui hasil imbang antara Afrika Selatan dan Republik Ceko sedikit memberikan keuntungan.
Namun ia tak ingin anak asuhnya menjadi terlena dengan itu.
Ia mengingatkan tak akan ada tim yang menolong Meksiko jika situasinya dibalik.
Isi komentar sepenuhnya adalah tanggung jawab pengguna dan diatur dalam UU ITE."
"Roy Suryo Ditangkap Terkait Kasus Ijazah Jokowi, Pengacara Sebut Ada Intervensi Politik",https://www.tribunnews.com/nasional/7844046/roy-suryo-ditangkap-terkait-kasus-ijazah-jokowi-pengacara-sebut-ada-intervensi-politik,Tribun,berita,2026-06-19,"Halo,
Profile
Kirim Images
Logout
Masuk ke akun Anda
Belum punya akun? Daftar Akun
Pedoman Media Siber
Hubungi Kami
Privacy Policy
Redaksi
Download TribunX untuk Android & iOS
Ringkasan Berita: Penangkapan terhadap Roy Suryo dan dokter Tifa tersebut menuai keberatan dari tim kuasa hukum. Tim kuasa hukum juga mempertanyakan urgensi penangkapan apabila proses hukum yang berjalan telah memasuki tahap lanjutan dan berkas perkara dinyatakan lengkap. Penangkapan Roy Suryo dan dokter Tifa disebut menunjukkan adanya dugaan intervensi politik dalam proses penegakan hukum. TRIBUNNEWS.COM - Dua tersangka kasus tudingan ijazah palsu Presiden ke-7 RI Joko Widodo (Jokowi) yakni Roy Suryo dan Tifauzia Tyassuma (dokter Tifa), ditangkap Polda Metro Jaya . Kuasa hukum Roy Suryo cs, Ahmad Khozinudin , mengatakan dokter Tifa diamankan di apartemennya pada Jumat (19/6/2026) sekitar pukul 06.47 WIB. Saat ini, dokter Tifa disebut berada di Polda Metro Jaya dan sedang mengikuti ujian S3 Fakultas Kedokteran Universitas Indonesia (FKUI). ""Hari ini, Jumat 19 Juni 2026, pada sekira pukul 07.00, klien kami Roy Suryo Notodiprojo dikabarkan oleh istrinya telah ditangkap oleh penyidik Polda Metro Jaya ,"" kata Khozinudin, Jumat. ""Pada saat yang bersamaan, kami juga mendapat info Tifauzia Tyassuma juga turut ditangkap,"" lanjutnya. Dalam kasus ini, Polda Metro Jaya sebelumnya menetapkan delapan orang sebagai tersangka. Para tersangka tersebut dijerat dengan Pasal 27A dan Pasal 28 Undang-Undang Informasi dan Transaksi Elektronik (ITE), serta Pasal 310 dan/atau Pasal 311 Kitab Undang-Undang Hukum Pidana (KUHP) dengan ancaman pidana maksimal 6 tahun penjara. Dalam penanganannya, delapan tersangka itu dibagi ke dalam dua klaster berdasarkan dugaan perbuatan masing-masing. Klaster pertama dikenakan Pasal 160 KUHP terkait dugaan penghasutan untuk melakukan kekerasan terhadap penguasa umum. Kelompok ini terdiri dari Eggi Sudjana, Kurnia Tri Royani, Rizal Fadillah, Rustam Effendi, dan Damai Hari Lubis. Sementara itu, klaster kedua terdiri atas Roy Suryo , Rismon Sianipar, dan Tifauzia Tyassuma . Mereka dijerat dengan Pasal 32 ayat (1) dan Pasal 35 UU ITE terkait dugaan penghapusan, penyembunyian, serta manipulasi dokumen elektronik. Baca juga: Projo: Penangkapan Roy Suryo - Dokter Tifa Babak Baru Kasus Tuduhan Ijazah Palsu Jokowi Seiring perkembangan perkara, status tersangka Eggi Sudjana dan Damai Hari Lubis kemudian dicabut setelah diterbitkannya Surat Perintah Penghentian Penyidikan (SP3). Keduanya menyelesaikan perkara melalui mekanisme restorative justice. Rismon Sianipar dari klaster kedua juga mengikuti langkah serupa setelah mengakui adanya kekeliruan dalam penelitiannya terkait ijazah Jokowi . Pengacara Roy Suryo Sebut Ada Intervensi Politik
Kuasa hukum Roy Suryo cs, Ahmad Khozinudin , mengatakan dokter Tifa diamankan di apartemennya pada Jumat (19/6/2026) sekitar pukul 06.47 WIB.
Saat ini, dokter Tifa disebut berada di Polda Metro Jaya dan sedang mengikuti ujian S3 Fakultas Kedokteran Universitas Indonesia (FKUI).
""Hari ini, Jumat 19 Juni 2026, pada sekira pukul 07.00, klien kami Roy Suryo Notodiprojo dikabarkan oleh istrinya telah ditangkap oleh penyidik Polda Metro Jaya ,"" kata Khozinudin, Jumat.
""Pada saat yang bersamaan, kami juga mendapat info Tifauzia Tyassuma juga turut ditangkap,"" lanjutnya.
Dalam kasus ini, Polda Metro Jaya sebelumnya menetapkan delapan orang sebagai tersangka.
Para tersangka tersebut dijerat dengan Pasal 27A dan Pasal 28 Undang-Undang Informasi dan Transaksi Elektronik (ITE), serta Pasal 310 dan/atau Pasal 311 Kitab Undang-Undang Hukum Pidana (KUHP) dengan ancaman pidana maksimal 6 tahun penjara.
Dalam penanganannya, delapan tersangka itu dibagi ke dalam dua klaster berdasarkan dugaan perbuatan masing-masing.
Klaster pertama dikenakan Pasal 160 KUHP terkait dugaan penghasutan untuk melakukan kekerasan terhadap penguasa umum.
Kelompok ini terdiri dari Eggi Sudjana, Kurnia Tri Royani, Rizal Fadillah, Rustam Effendi, dan Damai Hari Lubis.
Sementara itu, klaster kedua terdiri atas Roy Suryo , Rismon Sianipar, dan Tifauzia Tyassuma .
Mereka dijerat dengan Pasal 32 ayat (1) dan Pasal 35 UU ITE terkait dugaan penghapusan, penyembunyian, serta manipulasi dokumen elektronik.
Seiring perkembangan perkara, status tersangka Eggi Sudjana dan Damai Hari Lubis kemudian dicabut setelah diterbitkannya Surat Perintah Penghentian Penyidikan (SP3).
Keduanya menyelesaikan perkara melalui mekanisme restorative justice.
Rismon Sianipar dari klaster kedua juga mengikuti langkah serupa setelah mengakui adanya kekeliruan dalam penelitiannya terkait ijazah Jokowi .
Isi komentar sepenuhnya adalah tanggung jawab pengguna dan diatur dalam UU ITE."
Kuasa Hukum: Penangkapan Roy Suryo dan Dokter Tifa Tak Dilengkapi Surat Penahanan,https://www.tribunnews.com/nasional/7844063/kuasa-hukum-penangkapan-roy-suryo-dan-dokter-tifa-tak-dilengkapi-surat-penahanan,Tribun,berita,2026-06-19,"Halo,
Profile
Kirim Images
Logout
Masuk ke akun Anda
Belum punya akun? Daftar Akun
Pedoman Media Siber
Hubungi Kami
Privacy Policy
Redaksi
Download TribunX untuk Android & iOS
Ringkasan Berita: Kuasa hukum Roy Suryo dan Dokter Tifa , Muhammad Taufiq menjelaskan bahwa penangkapan terhadap kliennya oleh Polda Metro Jaya tidak dilengkapi dengan surat penahanan . Bahkan, ketika polisi menyerahkan surat penangkapan, dokumen tersebut tidak ditandatangani oleh saksi yang menyaksikannya. Dia mengatakan Roy Suryo ditangkap di kediamannya saat beristirahat. Sementara, Dokter Tifa ditangkap ketika hendak melakukan seminar proposal doktoralnya. TRIBUNNEWS.COM - Kuasa hukum Roy Suryo dan Tifauzia Tyassuma atau Dokter Tifa , Muhammad Taufiq , mengungkapkan penangkapan terhadap kliennya oleh Polda Metro Jaya ternyata tidak dilengkapi dengan surat penahanan . Roy Suryo dan Dokter Tifa ditangkap pada Jumat (19/6/2026) pagi. Mereka adalah tersangka dugaan fitnah dan pencemaran nama baik terkait tuduhan ijazah palsu milik Presiden ke-7 RI, Joko Widodo (Jokowi). Roy Suryo dan Dokter Tifa telah ditetapkan sebagai tersangka sejak 7 November 2025 lalu. Taufiq mengatakan penangkapan terhadap Roy dan Dokter Tifa hanya disertai surat penangkapan tanpa adanya tanda tangan persetujuan. ""Tidak ada surat perintah penahanan . Harusnya surat panggilan bukan surat penangkapan. Tidak ada surat penahanan dan bahkan tidak diteken (oleh saksi),"" katanya kepada Tribunnews.com , Jumat. Ia menjelaskan Dokter Tifa ditangkap saat akan melakukan sidang program doktoral. Dokter Tifa kini tengah menempuh pendidikan doktoral di Fakultas Kedokteran Universitas Indonesia (FK UI). Baca juga: Projo: Penangkapan Roy Suryo - Dokter Tifa Babak Baru Kasus Tuduhan Ijazah Palsu Jokowi Dia mengatakan ada enam polisi yang menangkap Dokter Tifa . ""Dokter Tifa ditangkap saat sidang ujian proposal sebagai mahasiswa program doktor Ilmu Kedokteran di Fakultas Kedokteran UI. Jadi pukul 06.00 WIB, sekitar enam orang (polisi) begitu, lantas dibawa ke Polda Metro Jaya ,"" jelasnya. Saat perjalanan menuju Polda Metro Jaya , Taufiq menyebut Dokter Tifa telah menghubunginya untuk melakukan pendampingan hukum. Kini, dia bakal menuju ke Jakarta untuk bertemu dengan kliennya tersebut. Pasalnya, Taufiq berstatus sebagai warga Solo, Jawa Tengah. ""Saat perjalanan itu, dia berkomunikasi dengan saya untuk didampingi dan siang ini atau malam ini, kami sudah tiba di Jakarta tergantung transportasi yang kami dapatkan apakah kereta api atau pesawat, begitu,"" ujarnya. Roy Suryo Ditangkap saat Istirahat di Rumahnya, Istri Sempat Menolak Di sisi lain, Taufiq mengungkapkan Roy Suryo ditangkap selang satu jam setelah penangkapan Dokter Tifa . Dia mengatakan mantan Menteri Pemuda dan Olahraga (Menpora) itu ditangkap saat tengah istirahat di ruang kerja yang berada di kediamannya. Ia mengungkapkan total ada enam polisi yang melakukan penangkapan terhadap Roy Suryo . Selain itu, Taufiq menjelaskan ada dua orang yang merekam proses penangkapan. Namun, ia tidak mengetahui apakah mereka merupakan personel dari Polda Metro Jaya atau tidak.
Roy Suryo dan Dokter Tifa ditangkap pada Jumat (19/6/2026) pagi. Mereka adalah tersangka dugaan fitnah dan pencemaran nama baik terkait tuduhan ijazah palsu milik Presiden ke-7 RI, Joko Widodo (Jokowi).
Roy Suryo dan Dokter Tifa telah ditetapkan sebagai tersangka sejak 7 November 2025 lalu.
Taufiq mengatakan penangkapan terhadap Roy dan Dokter Tifa hanya disertai surat penangkapan tanpa adanya tanda tangan persetujuan.
""Tidak ada surat perintah penahanan . Harusnya surat panggilan bukan surat penangkapan. Tidak ada surat penahanan dan bahkan tidak diteken (oleh saksi),"" katanya kepada Tribunnews.com , Jumat.
Ia menjelaskan Dokter Tifa ditangkap saat akan melakukan sidang program doktoral. Dokter Tifa kini tengah menempuh pendidikan doktoral di Fakultas Kedokteran Universitas Indonesia (FK UI).
Dia mengatakan ada enam polisi yang menangkap Dokter Tifa .
""Dokter Tifa ditangkap saat sidang ujian proposal sebagai mahasiswa program doktor Ilmu Kedokteran di Fakultas Kedokteran UI. Jadi pukul 06.00 WIB, sekitar enam orang (polisi) begitu, lantas dibawa ke Polda Metro Jaya ,"" jelasnya.
Saat perjalanan menuju Polda Metro Jaya , Taufiq menyebut Dokter Tifa telah menghubunginya untuk melakukan pendampingan hukum.
Kini, dia bakal menuju ke Jakarta untuk bertemu dengan kliennya tersebut. Pasalnya, Taufiq berstatus sebagai warga Solo, Jawa Tengah.
""Saat perjalanan itu, dia berkomunikasi dengan saya untuk didampingi dan siang ini atau malam ini, kami sudah tiba di Jakarta tergantung transportasi yang kami dapatkan apakah kereta api atau pesawat, begitu,"" ujarnya.
Di sisi lain, Taufiq mengungkapkan Roy Suryo ditangkap selang satu jam setelah penangkapan Dokter Tifa .
Dia mengatakan mantan Menteri Pemuda dan Olahraga (Menpora) itu ditangkap saat tengah istirahat di ruang kerja yang berada di kediamannya.
Ia mengungkapkan total ada enam polisi yang melakukan penangkapan terhadap Roy Suryo .
Selain itu, Taufiq menjelaskan ada dua orang yang merekam proses penangkapan. Namun, ia tidak mengetahui apakah mereka merupakan personel dari Polda Metro Jaya atau tidak.
Isi komentar sepenuhnya adalah tanggung jawab pengguna dan diatur dalam UU ITE."
"Pelajar SMA Tewas saat Perayaan HUT Persebaya Surabaya, Sempat Lerai Pertikaian",https://www.tribunnews.com/regional/7844053/pelajar-sma-tewas-saat-perayaan-hut-persebaya-surabaya-sempat-lerai-pertikaian,Tribun,regional,2026-06-19,"Halo,
Profile
Kirim Images
Logout
Masuk ke akun Anda
Belum punya akun? Daftar Akun
Pedoman Media Siber
Hubungi Kami
Privacy Policy
Redaksi
Download TribunX untuk Android & iOS
Ringkasan Berita: Seorang pelajar SMA berinisial GAD (16) meninggal dunia dan rekannya kritis setelah dianiaya menggunakan senjata tajam. Peristiwa tragis ini terjadi ketika korban berniat melerai sebuah keributan, namun ia justru berbalik menjadi sasaran penikaman. Polrestabes Surabaya kini tengah melakukan penyelidikan intensif untuk mengidentifikasi pelaku. TRIBUNNEWS.COM - Sejumlah kasus penganiayaan pelajar menjadi alarm keras atas urgensi penanganan kenakalan remaja di tingkat nasional yang kian mengkhawatirkan. Fenomena kekerasan jalanan dan penggunaan senjata tajam di kalangan pelajar bukan lagi sekadar masalah lokal, melainkan potret kelam krisis moralitas generasi muda yang menuntut perhatian pemerintah. Di Surabaya , Jawa Timur, seorang pelajar SMA berinisial GAD (16) dianiaya setelah merayakan HUT ke-99 Persebaya Surabaya pada Rabu (17/6/2026) malam. HUT ke-99 Persebaya Surabaya jatuh pada hari Kamis (18/6/2026). Klub kebanggaan warga Surabaya yang dijuluki Bajol Ijo ini didirikan pada tanggal 18 Juni 1927. Korban sempat  dilarikan ke RS Universitas Surabaya (Ubaya) karena pendarahan hebat, tetapi dinyatakan meninggal dunia pada Kamis (18/6/2026). Jenazah kemudian dipindahkan ke RS Bhayangkara untuk keperluan visum. Rekan GAD berinisial B dilaporkan dalam kondisi kritis akibat luka bacok di bagian punggung. Selama ini GAD dikenal sebagai sosok yang baik dan humoris. Baca juga: Perempuan yang Bunuh Kekasihnya Kini Dalam Pengawasan Ketat Polisi Selama Jalani Perawatan di RS Kasat Reskrim Polrestabes Surabaya AKBP Edy Herwiyanto menyatakan kasus telah diselidiki dan pelaku masih diidentifikasi. ""Benar sekarang sedang kami lakukan upaya penyelidikan untuk ungkap pelakunya,"" katanya, dikutip dari TribunJatim.com. Kakak korban, Sonya Cantika Dandel, mengaku tak memiliki firasat adiknya meninggal dianiaya. ""Sosoknya Aldo, murah senyum, tapi lucu, iya humoris. Soal firasat enggak ada. Cuma dia pernah minta baju. Minta dibelikan baju. Kurang tahu baju apa. Permintaan itu, mungkin beberapa hari lalu, saya lupa."" ""Ya memang dia suka aja, iya (mungkin ingin kaus yang keren),"" tuturnya.
Fenomena kekerasan jalanan dan penggunaan senjata tajam di kalangan pelajar bukan lagi sekadar masalah lokal, melainkan potret kelam krisis moralitas generasi muda yang menuntut perhatian pemerintah.
Di Surabaya , Jawa Timur, seorang pelajar SMA berinisial GAD (16) dianiaya setelah merayakan HUT ke-99 Persebaya Surabaya pada Rabu (17/6/2026) malam.
HUT ke-99 Persebaya Surabaya jatuh pada hari Kamis (18/6/2026).
Klub kebanggaan warga Surabaya yang dijuluki Bajol Ijo ini didirikan pada tanggal 18 Juni 1927.
Korban sempat  dilarikan ke RS Universitas Surabaya (Ubaya) karena pendarahan hebat, tetapi dinyatakan meninggal dunia pada Kamis (18/6/2026).
Jenazah kemudian dipindahkan ke RS Bhayangkara untuk keperluan visum.
Rekan GAD berinisial B dilaporkan dalam kondisi kritis akibat luka bacok di bagian punggung.
Selama ini GAD dikenal sebagai sosok yang baik dan humoris.
Kasat Reskrim Polrestabes Surabaya AKBP Edy Herwiyanto menyatakan kasus telah diselidiki dan pelaku masih diidentifikasi.
""Benar sekarang sedang kami lakukan upaya penyelidikan untuk ungkap pelakunya,"" katanya, dikutip dari TribunJatim.com.
Kakak korban, Sonya Cantika Dandel, mengaku tak memiliki firasat adiknya meninggal dianiaya.
""Sosoknya Aldo, murah senyum, tapi lucu, iya humoris. Soal firasat enggak ada. Cuma dia pernah minta baju. Minta dibelikan baju. Kurang tahu baju apa. Permintaan itu, mungkin beberapa hari lalu, saya lupa.""
""Ya memang dia suka aja, iya (mungkin ingin kaus yang keren),"" tuturnya.
Isi komentar sepenuhnya adalah tanggung jawab pengguna dan diatur dalam UU ITE."
Kesiapan Pemerintah Jalankan Kewajiban Pelaporan RUPS PT Jadi Perhatian Akademisi dan Pelaku Usaha,https://www.tribunnews.com/bisnis/7844017/kesiapan-pemerintah-jalankan-kewajiban-pelaporan-rups-pt-jadi-perhatian-akademisi-dan-pelaku-usaha,Tribun,ekonomi,2026-06-19,"Halo,
Profile
Kirim Images
Logout
Masuk ke akun Anda
Belum punya akun? Daftar Akun
Pedoman Media Siber
Hubungi Kami
Privacy Policy
Redaksi
Download TribunX untuk Android & iOS
Ringkasan Berita: Trubus Rahadiansyah, menekankan pentingnya kesiapan implementasi kebijakan baru yang mewajibkan seluruh PT, termasuk Perseroan Tertutup, melaporkan dokumen RUPS Tahunan secara elektronik. Ia menilai kebijakan ini perlu pengelolaan risiko matang agar tujuan peningkatan tata kelola perusahaan tercapai. Fokus utama bukan hanya teknis pelaporan, tetapi juga keamanan data perusahaan dalam basis pemerintah. Trubus mengingatkan adanya tanggung jawab negara dan notaris jika terjadi kebocoran data. TRIBUNNEWS.COM, JAKARTA - Akademisi Universitas Trisakti Trubus Rahadiansyah mengingatkan pentingnya kesiapan implementasi kebijakan baru yang mewajibkan seluruh Perseroan Terbatas (PT), termasuk Perseroan Tertutup, melaporkan dokumen Rapat Umum Pemegang Saham (RUPS) Tahunan secara elektronik melalui Sistem Administrasi Badan Hukum (SABH). Menurutnya, kebijakan tersebut memerlukan pengelolaan risiko yang matang agar tujuan peningkatan tata kelola perusahaan dapat berjalan optimal. Trubus menilai perhatian utama bukan hanya pada aspek teknis pelaporan, tetapi juga pada kesiapan sistem dalam menjaga keamanan informasi perusahaan yang nantinya tersimpan dalam basis data pemerintah. Karena itu, ia berharap seluruh mekanisme perlindungan data dapat dipastikan berjalan dengan baik sebelum implementasi dilakukan secara penuh. ""Jadi ada tanggung jawab negara, notaris. Bagaimana kalau terjadi kebocoran data, itu masalahnya,"" ujar Trubus kepada wartawan, Jumat (19/6/2026). Menurut Trubus, aspek mitigasi risiko perlu menjadi perhatian bersama. Ia mengatakan pelaku usaha membutuhkan kepastian mengenai mekanisme perlindungan data dan tata kelola sistem apabila di kemudian hari muncul persoalan yang berkaitan dengan keamanan informasi perusahaan. Sebagai informasi, Permenkum Nomor 49 Tahun 2025 mengharuskan PT menyerahkan akta notaris persetujuan RUPS Tahunan ke SABH, mencakup laporan keuangan lengkap, susunan dan remunerasi direksi serta komisaris, hingga laporan kegiatan perusahaan yang selama ini sepenuhnya bersifat rahasia. Kewajiban yang sama diberlakukan tanpa membedakan antara Perseroan Terbuka dan Tertutup.  Penyamarataan inilah yang dipertanyakan oleh pelaku usaha dan para akademisi . Ketentuan tersebut berlaku baik bagi Perseroan Terbuka maupun Perseroan Tertutup. Pemerintah beralasan mendorong kebijakan ini sebagai bagian dari upaya memperkuat administrasi badan hukum dan meningkatkan keteraturan pelaporan perusahaan secara nasional melalui sistem elektronik yang terintegrasi. Di sisi lain, Trubus juga menilai perlu adanya sosialisasi yang memadai kepada dunia usaha agar seluruh pihak memahami ruang lingkup kewajiban baru tersebut. Menurutnya, komunikasi publik yang baik akan membantu proses adaptasi sekaligus meminimalkan potensi kendala saat implementasi berlangsung. Pandangan serupa mengenai pentingnya kesiapan implementasi juga disampaikan Ketua Umum Apindo, Shinta W. Kamdani. Dia mengatakan dunia usaha memahami tujuan pemerintah untuk memperkuat tata kelola badan hukum, namun berharap sejumlah aspek teknis dapat dipastikan terlebih dahulu agar pelaksanaan kebijakan berjalan efektif dan tidak menimbulkan beban administrasi yang tidak diperlukan. ""Terkait implementasinya, dunia usaha melihat adanya sejumlah aspek yang perlu dipastikan terlebih dahulu agar kebijakan ini tidak menambah beban kepatuhan secara berlebihan,"" kata Shinta.
Menurutnya, kebijakan tersebut memerlukan pengelolaan risiko yang matang agar tujuan peningkatan tata kelola perusahaan dapat berjalan optimal.
Trubus menilai perhatian utama bukan hanya pada aspek teknis pelaporan, tetapi juga pada kesiapan sistem dalam menjaga keamanan informasi perusahaan yang nantinya tersimpan dalam basis data pemerintah.
Karena itu, ia berharap seluruh mekanisme perlindungan data dapat dipastikan berjalan dengan baik sebelum implementasi dilakukan secara penuh.
""Jadi ada tanggung jawab negara, notaris. Bagaimana kalau terjadi kebocoran data, itu masalahnya,"" ujar Trubus kepada wartawan, Jumat (19/6/2026).
Menurut Trubus, aspek mitigasi risiko perlu menjadi perhatian bersama. Ia mengatakan pelaku usaha membutuhkan kepastian mengenai mekanisme perlindungan data dan tata kelola sistem apabila di kemudian hari muncul persoalan yang berkaitan dengan keamanan informasi perusahaan.
Sebagai informasi, Permenkum Nomor 49 Tahun 2025 mengharuskan PT menyerahkan akta notaris persetujuan RUPS Tahunan ke SABH, mencakup laporan keuangan lengkap, susunan dan remunerasi direksi serta komisaris, hingga laporan kegiatan perusahaan yang selama ini sepenuhnya bersifat rahasia.
Kewajiban yang sama diberlakukan tanpa membedakan antara Perseroan Terbuka dan Tertutup.  Penyamarataan inilah yang dipertanyakan oleh pelaku usaha dan para akademisi .
Ketentuan tersebut berlaku baik bagi Perseroan Terbuka maupun Perseroan Tertutup.
Pemerintah beralasan mendorong kebijakan ini sebagai bagian dari upaya memperkuat administrasi badan hukum dan meningkatkan keteraturan pelaporan perusahaan secara nasional melalui sistem elektronik yang terintegrasi.
Di sisi lain, Trubus juga menilai perlu adanya sosialisasi yang memadai kepada dunia usaha agar seluruh pihak memahami ruang lingkup kewajiban baru tersebut.
Menurutnya, komunikasi publik yang baik akan membantu proses adaptasi sekaligus meminimalkan potensi kendala saat implementasi berlangsung.
Pandangan serupa mengenai pentingnya kesiapan implementasi juga disampaikan Ketua Umum Apindo, Shinta W. Kamdani.
Dia mengatakan dunia usaha memahami tujuan pemerintah untuk memperkuat tata kelola badan hukum, namun berharap sejumlah aspek teknis dapat dipastikan terlebih dahulu agar pelaksanaan kebijakan berjalan efektif dan tidak menimbulkan beban administrasi yang tidak diperlukan.
""Terkait implementasinya, dunia usaha melihat adanya sejumlah aspek yang perlu dipastikan terlebih dahulu agar kebijakan ini tidak menambah beban kepatuhan secara berlebihan,"" kata Shinta.
Isi komentar sepenuhnya adalah tanggung jawab pengguna dan diatur dalam UU ITE."
"Ruben Onsu Murka Putrinya Ikut Live Jualan, Sindir Kemesraan Sarwendah dan Giorgio: Terlalu Jauh",https://www.tribunnews.com/seleb/7843931/ruben-onsu-murka-putrinya-ikut-live-jualan-sindir-kemesraan-sarwendah-dan-giorgio-terlalu-jauh,Tribun,seleb,2026-06-19,"Halo,
Profile
Kirim Images
Logout
Masuk ke akun Anda
Belum punya akun? Daftar Akun
Pedoman Media Siber
Hubungi Kami
Privacy Policy
Redaksi
Download TribunX untuk Android & iOS
Ringkasan Berita: Ruben Onsu menyoroti Thalia yang terlihat ikut dalam siaran live jualan bersama Sarwendah dan Giorgio Antonio . Ia juga menyentil interaksi Sarwendah dan Giorgio yang dinilainya seperti percakapan pasangan suami istri. Ruben menegaskan hanya ingin melindungi anaknya dan meminta Thalia tidak lagi dilibatkan dalam aktivitas live tersebut. TRIBUNNEWS.COM - Aksi Sarwendah dan kekasihnya, Giorgio Antonio , saat melakukan siaran langsung penjualan di rumah kembali menjadi sorotan. Dalam tayangan tersebut, putri sulung Ruben Onsu dan Sarwendah terlihat ikut berada di sekitar lokasi live. Momen itu memicu reaksi dari Ruben Onsu yang mengaku baru mengetahui video tersebut. Tak hanya menyoroti keterlibatan anaknya dalam siaran langsung penjualan, Ruben juga menyinggung adanya interaksi antara Sarwendah dan Giorgio yang menurutnya menyerupai percakapan pasangan suami istri. Melalui unggahan di Instagramnya, @ruben_onsu, presenter berusia 42 tahun ini mengawali komentarnya dengan menyentil momen tersebut. ""wuwwww cici sampe izin dulu ? Lalu adanya percakapan layak nya berumah tangga !!,"" ujar Ruben Onsu , dikutip Tribunnews, Jumat (19/6/2026). Ruben kemudian menegaskan bahwa dirinya hanya ingin melindungi putrinya. Ia mengaku melihat perubahan sikap pada Thalia dan merasa hal tersebut tidak seperti yang selama ini dikenalnya. ""Saya disini hanya menyelamatkan anak saya, Thalia masih ada ayah nya, disini terlihat Thalia sudah beda, saya sangat mengenal anak saya, Ini bukan dia, ini hasil dari Para penghasut yg sadis,"" tulisnya. Duda tiga anak itu juga mengaku terkejut saat mengetahui anaknya ikut terlibat dalam aktivitas live jualan tersebut. ""Saya baru melihat video ini, ternyata sudah terlalu jauh mereka melibatkan anak saya dlm pekerjaan mereka !!"" ungkap Ruben. Baca juga: Kuasa Hukum Bongkar 3 Poin Isi Surat Sarwendah yang Dikirim pada Ruben Onsu di Tengah Konflik Menurut Ruben, orang dewasa di sekitar anak seharusnya dapat memberikan batasan dan tidak membiarkan anak berada di dalam siaran langsung. ""Jangan bilang dan gunakan kalimat 'Anaknya yg mau'. Yg dewasalah harusnya mengingatkan dan segera di bawa keluar dari kamera, kalau melihat tayangan ini berarti memang anak saya ada dlm live jualan,"" tegasnya. Ruben bahkan mempertanyakan produk yang dijual dan platform yang digunakan untuk siaran langsung tersebut. ""APA NAMA MIE nya INI ?? Ini Live di aplikasi apa ya, kok membolehkan anak dibawah umur ada ??"" tulisnya.
Dalam tayangan tersebut, putri sulung Ruben Onsu dan Sarwendah terlihat ikut berada di sekitar lokasi live.
Momen itu memicu reaksi dari Ruben Onsu yang mengaku baru mengetahui video tersebut.
Tak hanya menyoroti keterlibatan anaknya dalam siaran langsung penjualan, Ruben juga menyinggung adanya interaksi antara Sarwendah dan Giorgio yang menurutnya menyerupai percakapan pasangan suami istri.
Melalui unggahan di Instagramnya, @ruben_onsu, presenter berusia 42 tahun ini mengawali komentarnya dengan menyentil momen tersebut.
""wuwwww cici sampe izin dulu ? Lalu adanya percakapan layak nya berumah tangga !!,"" ujar Ruben Onsu , dikutip Tribunnews, Jumat (19/6/2026).
Ruben kemudian menegaskan bahwa dirinya hanya ingin melindungi putrinya.
Ia mengaku melihat perubahan sikap pada Thalia dan merasa hal tersebut tidak seperti yang selama ini dikenalnya.
""Saya disini hanya menyelamatkan anak saya, Thalia masih ada ayah nya, disini terlihat Thalia sudah beda, saya sangat mengenal anak saya, Ini bukan dia, ini hasil dari Para penghasut yg sadis,"" tulisnya.
Duda tiga anak itu juga mengaku terkejut saat mengetahui anaknya ikut terlibat dalam aktivitas live jualan tersebut.
""Saya baru melihat video ini, ternyata sudah terlalu jauh mereka melibatkan anak saya dlm pekerjaan mereka !!"" ungkap Ruben.
Menurut Ruben, orang dewasa di sekitar anak seharusnya dapat memberikan batasan dan tidak membiarkan anak berada di dalam siaran langsung.
""Jangan bilang dan gunakan kalimat 'Anaknya yg mau'. Yg dewasalah harusnya mengingatkan dan segera di bawa keluar dari kamera, kalau melihat tayangan ini berarti memang anak saya ada dlm live jualan,"" tegasnya.
Ruben bahkan mempertanyakan produk yang dijual dan platform yang digunakan untuk siaran langsung tersebut.
""APA NAMA MIE nya INI ?? Ini Live di aplikasi apa ya, kok membolehkan anak dibawah umur ada ??"" tulisnya.
Isi komentar sepenuhnya adalah tanggung jawab pengguna dan diatur dalam UU ITE."
"Dikecam Banyak Orang, Trump Batal Sumbang Rp4,9 Kuadriliun untuk Iran",https://www.tribunnews.com/internasional/7843967/dikecam-banyak-orang-trump-batal-sumbang-rp49-kuadriliun-untuk-iran,Tribun,internasional,2026-06-19,"Halo,
Profile
Kirim Images
Logout
Masuk ke akun Anda
Belum punya akun? Daftar Akun
Pedoman Media Siber
Hubungi Kami
Privacy Policy
Redaksi
Download TribunX untuk Android & iOS
Ringkasan Berita: Presiden Amerika Serikat (AS), Donald Trump buru-buru memberikan klarifikasi soal dana rekonstruksi untuk Iran yang bernilai 300 miliar dolar AS atau setara dengan Rp4,9 kuadriliun. Klarifikasi tersebut dikeluarkan oleh Trump setelah mendapatkan kecaman dari banyak pihak dari kelompok garis keras pro-Israel dan kubu oposisi. Trump menegaskan bahwa Washington tidak akan mengeluarkan uang sepeser pun untuk mendanai pemulihan Iran . TRIBUNNEWS.COM - Kegaduhan terjadi di Amerika Serikat (AS) setelah muncul klausul pembentukan dana rekonstruksi untuk Iran dengan nilai fantastis, mencapai 300 miliar dolar AS atau setara dengan Rp4,9 kuadriliun. Klausul raksasa tersebut tercantum dalam Nota Kesepahaman (MoU) 14 poin yang ditandatangani secara elektronik oleh Presiden AS Donald Trump dan Presiden Iran Masoud Pezeshkian . Perjanjian ini dirancang sebagai landasan gencatan senjata selama 60 hari demi menghentikan eskalasi perang yang membara di Timur Tengah sejak Februari lalu. Meskipun kesepakatan tersebut berhasil membuka kembali Selat Hormuz dan mengakhiri blokade laut AS terhadap pelabuhan-pelabuhan Iran , poin mengenai dana pemulihan infrastruktur Iran langsung menjadi sasaran tembak para politisi di Washington. Menyadari adanya potensi blunder politik di dalam negeri, Presiden Donald Trump langsung buka suara melalui akun media sosialnya. Trump buru-buru menepis kekhawatiran publik dan menegaskan bahwa Washington tidak akan mengeluarkan uang sepeser pun untuk mendanai pemulihan Iran . ""Amerika Serikat tidak akan menanggung biaya tersebut,"" tegas Trump, mengutip Al Jazeera. Ia justru memamerkan dampak positif jangka pendek dari kesepakatan damai ini, yakni mulai mengalirnya kembali pasokan minyak global yang memicu penurunan harga bahan bakar di pasar internasional. Tak hanya Trump, Wakil Presiden AS JD Vance turut pasang badan membela kebijakan bosnya. Dalam sebuah wawancara televisi, Vance memastikan bahwa tidak ada dana dari APBN AS yang dialokasikan bagi Teheran. ""Iran tidak akan menerima satu sen pun uang dari pembayar pajak AS. Tanggung jawab finansial itu milik negara-negara Teluk yang kaya,"" ujar Vance lugas. Baca juga: Trump Klaim AS Menang, Sebut MoU Bukti Penyerahan Diri Iran Vance juga menyerang balik para kritikus dengan menyatakan bahwa MoU ini merupakan kemenangan telak bagi diplomasi AS. Sebab, kata Vance, mampu menghentikan perang dan mengamankan jalur dagang internasional tanpa perlu mengorbankan lebih banyak tentara Amerika. Kendati pemerintah telah memberikan klarifikasi berlapis, gelombang penolakan dari kelompok garis keras pro-Israel dan kubu oposisi tetap tak terbendung. Mereka menganggap komitmen dana Rp4,9 kuadriliun tersebut sebagai bentuk ""hadiah"" yang melunakkan posisi AS terhadap Iran .
Klausul raksasa tersebut tercantum dalam Nota Kesepahaman (MoU) 14 poin yang ditandatangani secara elektronik oleh Presiden AS Donald Trump dan Presiden Iran Masoud Pezeshkian .
Perjanjian ini dirancang sebagai landasan gencatan senjata selama 60 hari demi menghentikan eskalasi perang yang membara di Timur Tengah sejak Februari lalu.
Meskipun kesepakatan tersebut berhasil membuka kembali Selat Hormuz dan mengakhiri blokade laut AS terhadap pelabuhan-pelabuhan Iran , poin mengenai dana pemulihan infrastruktur Iran langsung menjadi sasaran tembak para politisi di Washington.
Menyadari adanya potensi blunder politik di dalam negeri, Presiden Donald Trump langsung buka suara melalui akun media sosialnya.
Trump buru-buru menepis kekhawatiran publik dan menegaskan bahwa Washington tidak akan mengeluarkan uang sepeser pun untuk mendanai pemulihan Iran .
""Amerika Serikat tidak akan menanggung biaya tersebut,"" tegas Trump, mengutip Al Jazeera.
Ia justru memamerkan dampak positif jangka pendek dari kesepakatan damai ini, yakni mulai mengalirnya kembali pasokan minyak global yang memicu penurunan harga bahan bakar di pasar internasional.
Tak hanya Trump, Wakil Presiden AS JD Vance turut pasang badan membela kebijakan bosnya.
Dalam sebuah wawancara televisi, Vance memastikan bahwa tidak ada dana dari APBN AS yang dialokasikan bagi Teheran.
""Iran tidak akan menerima satu sen pun uang dari pembayar pajak AS. Tanggung jawab finansial itu milik negara-negara Teluk yang kaya,"" ujar Vance lugas.
Vance juga menyerang balik para kritikus dengan menyatakan bahwa MoU ini merupakan kemenangan telak bagi diplomasi AS.
Sebab, kata Vance, mampu menghentikan perang dan mengamankan jalur dagang internasional tanpa perlu mengorbankan lebih banyak tentara Amerika.
Kendati pemerintah telah memberikan klarifikasi berlapis, gelombang penolakan dari kelompok garis keras pro-Israel dan kubu oposisi tetap tak terbendung.
Mereka menganggap komitmen dana Rp4,9 kuadriliun tersebut sebagai bentuk ""hadiah"" yang melunakkan posisi AS terhadap Iran .
Isi komentar sepenuhnya adalah tanggung jawab pengguna dan diatur dalam UU ITE."
5 Populer Internasional: Trump Akui AS Terima Banyak Uang dari Iran - Isi Nota Kesepahaman Iran-AS,https://www.tribunnews.com/internasional/7843921/5-populer-internasional-trump-akui-as-terima-banyak-uang-dari-iran-isi-nota-kesepahaman-iran-as,Tribun,internasional,2026-06-19,"Halo,
Profile
Kirim Images
Logout
Masuk ke akun Anda
Belum punya akun? Daftar Akun
Pedoman Media Siber
Hubungi Kami
Privacy Policy
Redaksi
Download TribunX untuk Android & iOS
Ringkasan Berita: Kesepakatan damai AS–Iran pada 17 Juni 2026 menandai berakhirnya perang di Timur Tengah dan pembukaan kembali Selat Hormuz . Trump mengakui AS menerima banyak uang dari Iran dan menyatakan harus mengembalikannya, sementara MoU berisi 14 pasal yang menjadi dasar negosiasi lanjutan. Dampak langsungnya, harga minyak dunia turun, memberi efek positif bagi negara importir seperti Indonesia. TRIBUNNEWS.COM - Kesepakatan damai antara AS dan Iran menjadi perhatian utama dalam 24 jam terakhir. Amerika Serikat dan Iran resmi menandatangani nota kesepahaman pada 17 Juni 2026 yang menandai dimulainya proses perdamaian setelah perang di Timur Tengah. Sementara itu, Trump mengatakan AS telah menerima ""banyak"" uang dari Iran dan harus mengembalikannya. Berikut berita populer internasional selengkapnya. 1. Trump Akui AS Terima Banyak Uang dari Iran : Itu Bukan Uang Kita, Kita Harus Mengembalikannya Presiden Amerika Serikat (AS) Donald Trump telah menandatangani kesepakatan dengan Iran untuk mengakhiri perang di Timur Tengah. Kesepakatan AS-Iran ini diungkap oleh seorang pejabat AS kepada AFP pada Rabu (17/6/2026) setelah Axios melaporkan penandatanganan tersebut terjadi saat makan malam dengan Presiden Prancis Emmanuel Macron. AS-IRAN DAMAI - Tangkap layar YouTube New York Post 18 Juni 2026 memperlihatkan Presiden AS Donald Trump menandatangani kesepakatan Iran secara langsung saat makan malam di Istana bersama Macron. (Tangkap Layar Youtube New York Post) “Dapat saya konfirmasi penandatanganannya,” kata pejabat itu ketika ditanya tentang laporan Trump secara pribadi menandatangani salinan tersebut saat makan malam dengan Macron di Istana Versailles setelah KTT G7, Rabu. Seorang pejabat senior AS mengatakan kepada wartawan pada hari Rabu, konsesi yang dibuat oleh Iran dalam MoU tersebut merupakan kemenangan ""besar"" bagi Amerika Serikat . Trump Sebut AS Harus Kembalikan Uang Iran Nota kesepahaman (MOU) ditandatangani antara AS dan Iran secara elektronik pada Minggu (14/6/2026), yang mencakup penghentian operasi militer di semua lini dan pembukaan kembali Selat Hormuz , sekaligus membuka jalan bagi pembicaraan tentang program nuklir Iran yang terkait dengan pencabutan sanksi. Menurut kesepakatan tersebut, AS bersama mitra regionalnya berkomitmen untuk mengembangkan ""rencana pasti yang disepakati bersama"" dengan dana setidaknya 300 miliar dolar AS untuk rekonstruksi dan pembangunan ekonomi Iran . ""Kami tidak akan menginvestasikan uang. Hanya jika mereka melakukan hal-hal dengan benar. Jika mereka melakukan hal-hal dengan benar, jika orang ingin berinvestasi, mereka dapat berinvestasi."" BACA SELENGKAPNYA >>> 2. 14 Pasal Nota Kesepahaman AS-Iran yang Resmi Berlaku Hari Ini Sinyal perdamaian mulai terlihat setelah Presiden Amerika Serikat (AS) Donald Trump dan Presiden Iran Masoud Pezeshkian menandatangani nota kesepahaman pada Rabu, 17 Juni 2026. Kedua pemimpin tersebut menandatangani salinan teks yang lebih dulu ditandatangani secara digital oleh Wakil Presiden AS JD Vance dan kepala negosiator Iran Mohammad Baqer Qalibaf, yang disaksikan Trump, pada hari Minggu (14/6/2026).
Amerika Serikat dan Iran resmi menandatangani nota kesepahaman pada 17 Juni 2026 yang menandai dimulainya proses perdamaian setelah perang di Timur Tengah.
Sementara itu, Trump mengatakan AS telah menerima ""banyak"" uang dari Iran dan harus mengembalikannya.
Berikut berita populer internasional selengkapnya.
Presiden Amerika Serikat (AS) Donald Trump telah menandatangani kesepakatan dengan Iran untuk mengakhiri perang di Timur Tengah.
Kesepakatan AS-Iran ini diungkap oleh seorang pejabat AS kepada AFP pada Rabu (17/6/2026) setelah Axios melaporkan penandatanganan tersebut terjadi saat makan malam dengan Presiden Prancis Emmanuel Macron.
“Dapat saya konfirmasi penandatanganannya,” kata pejabat itu ketika ditanya tentang laporan Trump secara pribadi menandatangani salinan tersebut saat makan malam dengan Macron di Istana Versailles setelah KTT G7, Rabu.
Seorang pejabat senior AS mengatakan kepada wartawan pada hari Rabu, konsesi yang dibuat oleh Iran dalam MoU tersebut merupakan kemenangan ""besar"" bagi Amerika Serikat .
Nota kesepahaman (MOU) ditandatangani antara AS dan Iran secara elektronik pada Minggu (14/6/2026), yang mencakup penghentian operasi militer di semua lini dan pembukaan kembali Selat Hormuz , sekaligus membuka jalan bagi pembicaraan tentang program nuklir Iran yang terkait dengan pencabutan sanksi.
Menurut kesepakatan tersebut, AS bersama mitra regionalnya berkomitmen untuk mengembangkan ""rencana pasti yang disepakati bersama"" dengan dana setidaknya 300 miliar dolar AS untuk rekonstruksi dan pembangunan ekonomi Iran .
""Kami tidak akan menginvestasikan uang. Hanya jika mereka melakukan hal-hal dengan benar. Jika mereka melakukan hal-hal dengan benar, jika orang ingin berinvestasi, mereka dapat berinvestasi.""
BACA SELENGKAPNYA >>>
Sinyal perdamaian mulai terlihat setelah Presiden Amerika Serikat (AS) Donald Trump dan Presiden Iran Masoud Pezeshkian menandatangani nota kesepahaman pada Rabu, 17 Juni 2026.
Kedua pemimpin tersebut menandatangani salinan teks yang lebih dulu ditandatangani secara digital oleh Wakil Presiden AS JD Vance dan kepala negosiator Iran Mohammad Baqer Qalibaf, yang disaksikan Trump, pada hari Minggu (14/6/2026).
Isi komentar sepenuhnya adalah tanggung jawab pengguna dan diatur dalam UU ITE."
Henri Subiakto Sebut Dokter Tifa Dijemput Polisi di Parkiran Sebelum Seminar Hasil Doktor,https://www.tribunnews.com/nasional/7844011/henri-subiakto-sebut-dokter-tifa-dijemput-polisi-di-parkiran-sebelum-seminar-hasil-doktor,Tribun,berita,2026-06-19,"Halo,
Profile
Kirim Images
Logout
Masuk ke akun Anda
Belum punya akun? Daftar Akun
Pedoman Media Siber
Hubungi Kami
Privacy Policy
Redaksi
Download TribunX untuk Android & iOS
Ringkasan Berita: Tersangka kasus tudingan ijazah palsu Presiden ke-7 RI Joko Widodo, yakni Roy Suryo dan Tifauziah Tyassuma (Dokter Tifa), ditangkap polisi pada Jumat (19/6/2026) pagi. Keduanya telah berstatus tersangka sejak November 2025. Guru Besar Unair, Henri Subiakto , yang juga penasihat dr Tifa, mengungkap Tifa diamankan aparat sekitar pukul 06.30 WIB di area parkir sebelum mengikuti ujian Seminar Hasil Program Doktor di FK UI. TRIBUNNEWS.COM, JAKARTA - Tersangka kasus tudingan ijazah palsu Presiden RI ke-7 Joko Widodo, Tifauziah Tyassuma alias dokter Tifa dan Roy Suryo ditangkap polisi pada Jumat (19/6/2026) pagi. Roy Suryo maupun dr Tifa diketahui adalah tersangka kasus tudingan ijazah palsu Jokowi sejak November 2025 lalu. Guru Besar Ilmu Komunikasi dan Komunikasi Politik Universitas Airlangga (Unair) Henri Subiakto sekaligus penasihat hukum dari dr Tifa mengungkapkan bahwa dr Tifa diamankan aparat kepolisian saat hendak menghadiri ujian Seminar Hasil Program Doktor di Fakultas Kedokteran Universitas Indonesia (FK UI). “Barusan saya dapat kabar dari salah satu tim penguji S3 dr Tifa, bahwa rencananya jam 9.00 hari ini dia akan ujian Seminar Hasil doktoral di FK UI,” ujar Henri dalam keterangan yang diterima Tribunnews.com. Menurut Henri, petugas kepolisian mendatangi dr Tifa sekitar pukul 06.30 WIB di area parkir sebelum yang bersangkutan mengikuti ujian akademik tersebut. “Namun tiba tiba Jam 6.30 tadi di parkiran, dr Tifa didatangi petugas dari Polda Metro Jaya. Mereka menunjukkan surat untuk membawa dr Tifa ke Polda Metro, padahal Ujian S3 menunggu dr Tifa pagi ini,” lanjutnya. Henri mengaku mendapat informasi bahwa permohonan penangguhan sempat diajukan agar dr Tifa dapat mengikuti ujian terlebih dahulu. Namun, menurutnya, permintaan tersebut tidak dikabulkan. “Walau sudah minta ijin penangguhan untuk ujian. Petugas kekeuh membawa dr Tifa ke Polda. Ada kemungkinan besar Polda Metro akan melakukan penahanan,” tulis Henri. Ia juga melontarkan kritik terhadap langkah yang dilakukan aparat kepolisian. “Inilah wujud polisi sudah tidak lagi menegakkan hukum, dan keadilan tapi lebih menegakkan perintah yang bertentangan dengan hukum dan Keadilan itu sendiri,” tambahnya. Roy Suryo Ditangkap di Rumahnya Sementara Pengacara Roy Suryo dan Tifauzia Tyassuma atau Dokter Tifa , Muhammad Taufiq, mengungkapkan Roy Suryo ditangkap selang satu jam setelah penangkapan Dokter Tifa . Dia mengatakan mantan Menteri Pemuda dan Olahraga (Menpora) itu ditangkap saat tengah istirahat di ruang kerja yang berada di kediamannya. Ia mengungkapkan total ada enam polisi yang melakukan penangkapan terhadap Roy Suryo . Selain itu, Taufiq menjelaskan ada dua orang yang merekam proses penangkapan. Namun, ia tidak mengetahui apakah mereka merupakan personel dari Polda Metro Jaya atau tidak.
Roy Suryo maupun dr Tifa diketahui adalah tersangka kasus tudingan ijazah palsu Jokowi sejak November 2025 lalu.
Guru Besar Ilmu Komunikasi dan Komunikasi Politik Universitas Airlangga (Unair) Henri Subiakto sekaligus penasihat hukum dari dr Tifa mengungkapkan bahwa dr Tifa diamankan aparat kepolisian saat hendak menghadiri ujian Seminar Hasil Program Doktor di Fakultas Kedokteran Universitas Indonesia (FK UI).
“Barusan saya dapat kabar dari salah satu tim penguji S3 dr Tifa, bahwa rencananya jam 9.00 hari ini dia akan ujian Seminar Hasil doktoral di FK UI,” ujar Henri dalam keterangan yang diterima Tribunnews.com.
Menurut Henri, petugas kepolisian mendatangi dr Tifa sekitar pukul 06.30 WIB di area parkir sebelum yang bersangkutan mengikuti ujian akademik tersebut.
“Namun tiba tiba Jam 6.30 tadi di parkiran, dr Tifa didatangi petugas dari Polda Metro Jaya. Mereka menunjukkan surat untuk membawa dr Tifa ke Polda Metro, padahal Ujian S3 menunggu dr Tifa pagi ini,” lanjutnya.
Henri mengaku mendapat informasi bahwa permohonan penangguhan sempat diajukan agar dr Tifa dapat mengikuti ujian terlebih dahulu. Namun, menurutnya, permintaan tersebut tidak dikabulkan.
“Walau sudah minta ijin penangguhan untuk ujian. Petugas kekeuh membawa dr Tifa ke Polda. Ada kemungkinan besar Polda Metro akan melakukan penahanan,” tulis Henri.
Ia juga melontarkan kritik terhadap langkah yang dilakukan aparat kepolisian.
“Inilah wujud polisi sudah tidak lagi menegakkan hukum, dan keadilan tapi lebih menegakkan perintah yang bertentangan dengan hukum dan Keadilan itu sendiri,” tambahnya.
Roy Suryo Ditangkap di Rumahnya
Sementara Pengacara Roy Suryo dan Tifauzia Tyassuma atau Dokter Tifa , Muhammad Taufiq, mengungkapkan Roy Suryo ditangkap selang satu jam setelah penangkapan Dokter Tifa .
Dia mengatakan mantan Menteri Pemuda dan Olahraga (Menpora) itu ditangkap saat tengah istirahat di ruang kerja yang berada di kediamannya.
Ia mengungkapkan total ada enam polisi yang melakukan penangkapan terhadap Roy Suryo .
Selain itu, Taufiq menjelaskan ada dua orang yang merekam proses penangkapan. Namun, ia tidak mengetahui apakah mereka merupakan personel dari Polda Metro Jaya atau tidak.
Isi komentar sepenuhnya adalah tanggung jawab pengguna dan diatur dalam UU ITE."
"Refly Harun Ungkap Kondisi Roy Suryo saat Ditangkap: Belum Mandi, Sempat Dilarang Pakai Sepatu",https://www.tribunnews.com/nasional/7844024/refly-harun-ungkap-kondisi-roy-suryo-saat-ditangkap-belum-mandi-sempat-dilarang-pakai-sepatu,Tribun,berita,2026-06-19,"Halo,
Profile
Kirim Images
Logout
Masuk ke akun Anda
Belum punya akun? Daftar Akun
Pedoman Media Siber
Hubungi Kami
Privacy Policy
Redaksi
Download TribunX untuk Android & iOS
Ringkasan Berita: Polda Metro Jaya menangkap Roy Suryo dan Dokter Tifa pada Jumat (19/6/2026) subuh terkait kasus ijazah Jokowi . Kuasa hukum Refly Harun menilai penjemputan paksa tidak wajar dan sarat kepentingan. Keduanya tetap kooperatif saat dibawa ke Mapolda. Berkas perkara telah dinyatakan lengkap dan siap dilimpahkan ke kejaksaan TRIBUNNEWS.COM - Polda Metro Jaya melakukan penangkapan terhadap pakar telematika Roy Suryo dan dr. Tifauzia Tyassuma alias Dokter Tifa pada Jumat (19/6/2026) subuh. Keduanya kemudian dibawa ke Mapolda Metro Jaya sebagai tersangka dalam kasus dugaan pencemaran nama baik terkait tuduhan ijazah palsu Presiden ke-7 RI Joko Widodo (Jokowi). Kondisi Roy Suryo saat Ditangkap Penangkapan mendadak tersebut menuai sorotan dari kuasa hukum keduanya, Refly Harun , yang menilai proses penjemputan paksa dilakukan dalam kondisi yang tidak wajar. Menurut Refly, Roy Suryo dibawa dalam keadaan belum siap secara fisik dan tanpa persiapan yang memadai. ""Mas Roy dalam kondisi yang tidak siap. Dalam pengertian belum mandi, belum berpakaian secara layak. Bahkan tadi dikatakan Mas Roy untuk pakai sepatu saja tiba-tiba dilarang. Untungnya dalam kondisi yang lengkap lah, pakai celana bahan dan kemeja tangan pendek, tapi katanya dia tidak pakai dalaman dan tidak bawa jaket,"" ujar Refly Harun dalam wawancara dengan Kompas.TV pada Jumat (19/6/2026). Sementara itu, Dokter Tifa disebut ditangkap saat hendak bersiap menghadiri agenda akademik terkait ujian seminar hasil disertasinya. Meski demikian, keduanya disebut tetap bersikap kooperatif saat proses penangkapan berlangsung dan tidak melakukan perlawanan hingga dibawa ke Subdit Kamneg Polda Metro Jaya. Baca juga: Tim Advokasi Sebut Penangkapan Roy Suryo Bentuk Intervensi Hukum: Represif dan Tak Beradab Penangkapan Syarat Kepentingan Tertentu Refly Harun juga menilai penangkapan tersebut memiliki nuansa yang tidak semata-mata hukum, melainkan sarat kepentingan tertentu. Ia bahkan menyebut adanya dugaan “pesanan” dalam proses penegakan hukum yang terjadi. ""Kita mendengar ini semacam tanda kutip pesanan. Kita menganggap bahwa ini bukan penegakan hukum yang benar. Kita tidak bisa menyalahkan penyidiknya karena dia hanya menjalankan perintah. Tetapi siapa yang memerintahkan itu, siapa yang berkepentingan, inilah yang harus kita persoalkan,"" kata Refly. Refly juga mempertanyakan urgensi penangkapan yang dilakukan pada waktu subuh, mengingat para tersangka disebut tidak berupaya melarikan diri dan selama ini bersikap kooperatif dalam proses hukum. Sebelumnya, Polda Metro Jaya telah menyatakan berkas perkara kasus dugaan ijazah palsu Presiden Joko Widodo telah dinyatakan lengkap atau P-21 oleh Kejaksaan Tinggi DKI Jakarta. Dengan status tersebut, perkara Roy Suryo dan Dokter Tifa kini tinggal menunggu pelimpahan tahap dua untuk segera disidangkan di pengadilan. Roy Suryo dan Dokter Tifa Dikabarkan Ditangkap Dua tersangka kasus dugaan ijazah palsu Presiden ke-7 RI Joko Widodo, yakni Roy Suryo dan Tifauziah Tyassuma alias Dokter Tifa , dikabarkan ditangkap oleh aparat kepolisian pada Jumat (19/6/2026). Informasi tersebut disampaikan oleh kuasa hukum Roy Suryo Cs, Ahmad Khozinudin, kepada wartawan.
Keduanya kemudian dibawa ke Mapolda Metro Jaya sebagai tersangka dalam kasus dugaan pencemaran nama baik terkait tuduhan ijazah palsu Presiden ke-7 RI Joko Widodo (Jokowi).
Penangkapan mendadak tersebut menuai sorotan dari kuasa hukum keduanya, Refly Harun , yang menilai proses penjemputan paksa dilakukan dalam kondisi yang tidak wajar.
Menurut Refly, Roy Suryo dibawa dalam keadaan belum siap secara fisik dan tanpa persiapan yang memadai.
""Mas Roy dalam kondisi yang tidak siap. Dalam pengertian belum mandi, belum berpakaian secara layak. Bahkan tadi dikatakan Mas Roy untuk pakai sepatu saja tiba-tiba dilarang. Untungnya dalam kondisi yang lengkap lah, pakai celana bahan dan kemeja tangan pendek, tapi katanya dia tidak pakai dalaman dan tidak bawa jaket,"" ujar Refly Harun dalam wawancara dengan Kompas.TV pada Jumat (19/6/2026).
Sementara itu, Dokter Tifa disebut ditangkap saat hendak bersiap menghadiri agenda akademik terkait ujian seminar hasil disertasinya.
Meski demikian, keduanya disebut tetap bersikap kooperatif saat proses penangkapan berlangsung dan tidak melakukan perlawanan hingga dibawa ke Subdit Kamneg Polda Metro Jaya.
Refly Harun juga menilai penangkapan tersebut memiliki nuansa yang tidak semata-mata hukum, melainkan sarat kepentingan tertentu.
Ia bahkan menyebut adanya dugaan “pesanan” dalam proses penegakan hukum yang terjadi.
""Kita mendengar ini semacam tanda kutip pesanan. Kita menganggap bahwa ini bukan penegakan hukum yang benar. Kita tidak bisa menyalahkan penyidiknya karena dia hanya menjalankan perintah. Tetapi siapa yang memerintahkan itu, siapa yang berkepentingan, inilah yang harus kita persoalkan,"" kata Refly.
Refly juga mempertanyakan urgensi penangkapan yang dilakukan pada waktu subuh, mengingat para tersangka disebut tidak berupaya melarikan diri dan selama ini bersikap kooperatif dalam proses hukum.
Sebelumnya, Polda Metro Jaya telah menyatakan berkas perkara kasus dugaan ijazah palsu Presiden Joko Widodo telah dinyatakan lengkap atau P-21 oleh Kejaksaan Tinggi DKI Jakarta.
Dengan status tersebut, perkara Roy Suryo dan Dokter Tifa kini tinggal menunggu pelimpahan tahap dua untuk segera disidangkan di pengadilan.
Dua tersangka kasus dugaan ijazah palsu Presiden ke-7 RI Joko Widodo, yakni Roy Suryo dan Tifauziah Tyassuma alias Dokter Tifa , dikabarkan ditangkap oleh aparat kepolisian pada Jumat (19/6/2026).
Informasi tersebut disampaikan oleh kuasa hukum Roy Suryo Cs, Ahmad Khozinudin, kepada wartawan.
Isi komentar sepenuhnya adalah tanggung jawab pengguna dan diatur dalam UU ITE."
Tim Advokasi Sebut Penangkapan Roy Suryo Bentuk Intervensi Hukum: Represif dan Tak Beradab,https://www.tribunnews.com/nasional/7844014/tim-advokasi-sebut-penangkapan-roy-suryo-bentuk-intervensi-hukum-represif-dan-tak-beradab,Tribun,berita,2026-06-19,"Halo,
Profile
Kirim Images
Logout
Masuk ke akun Anda
Belum punya akun? Daftar Akun
Pedoman Media Siber
Hubungi Kami
Privacy Policy
Redaksi
Download TribunX untuk Android & iOS
Ringkasan Berita: Tim Advokasi Anti Kriminalisasi Akademisi dan Aktivis (TA-AKAA) menyoroti penangkapan Roy Suryo dan Dokter Tifa terkait kasus ijazah Jokowi . Petrus Selestinus menyebut langkah aparat sebagai indikasi intervensi politik dan tindakan represif. Kuasa hukum menilai klien kooperatif, rutin wajib lapor, sehingga penangkapan dinilai tidak beradab TRIBUNNEWS.COM - Tim Advokasi Anti Kriminalisasi Akademisi dan Aktivis (TA-AKAA) menyoroti upaya penangkapan dua tersangka kasus dugaan tudingan ijazah palsu Presiden ke-7 RI Joko Widodo, yakni Roy Suryo dan Dokter Tifa . Koordinator Litigasi TA-AKAA, Petrus Selestinus, menyebut langkah penangkapan tersebut sebagai indikasi adanya intervensi politik dalam penegakan hukum. “Penangkapan ini, justru mengkonfirmasi ada kekuatan politik yang mengintervensi hukum sehingga cara-cara yang beradab dalam menegakkan hukum melalui pemanggilan ditinggalkan dan beralih menempuh cara tak beradab, represif dan intimidatif dengan melakukan penangkapan,” ujarnya dalam keterangan yang diterima pada Jumat (19/6/2026). Sebelumnya, Roy Suryo dan Tifauziah Tyassuma (Dokter Tifa) dikabarkan ditangkap aparat Polda Metro Jaya pada hari yang sama. Berdasarkan keterangan tim hukum, Roy Suryo disebut ditangkap pada Jumat sekitar pukul 07.00 WIB. Sementara itu, Dokter Tifa diamankan di apartemennya pada pukul 06.47 WIB dan saat ini berada di Polda Metro Jaya . Ia juga disebut tetap menjalani aktivitas akademik di tengah proses hukum. Petrus Selestinus menyayangkan tindakan upaya paksa tersebut, karena menurutnya para klien selama ini bersikap kooperatif dan rutin memenuhi kewajiban wajib lapor (WL). “Jika tindakan dimaksud adalah dalam rangka tahap dua atau sebagaimana dikabarkan berkas sudah lengkap, maka tindakan tersebut bisa dilakukan dengan melayangkan Surat Panggilan. Bukan dengan upaya paksa (represif) melalui proses penangkapan,” ujarnya. Ia juga mengimbau dukungan publik terhadap para kliennya, serta meminta simpatisan hadir ke Polda Metro Jaya untuk memberikan dukungan administratif terkait upaya hukum lanjutan. Kasus Ijazah Jokowi : 8 Orang Jadi Tersangka Sebelumnya, Polda Metro Jaya menetapkan delapan orang sebagai tersangka dalam kasus dugaan pencemaran nama baik terkait tudingan ijazah palsu Presiden ke-7 RI Joko Widodo. “Polda Metro Jaya telah menetapkan 8 orang tersangka dalam perkara pencemaran nama baik, fitnah, ujaran kebencian, dan manipulasi data elektronik yang dilaporkan oleh Bapak Ir. H. Joko Widodo,” kata Kapolda Metro Jaya, Irjen Asep Edi Suheri, dalam konferensi pers di Mapolda Metro Jaya, Jumat (7/11/2025). Para tersangka dijerat dengan Pasal 27A dan Pasal 28 UU ITE serta Pasal 310 dan/atau 311 KUHP dengan ancaman pidana maksimal enam tahun penjara. Delapan tersangka tersebut dibagi ke dalam dua klaster. Klaster pertama terdiri dari Eggi Sudjana, Kurnia Tri Royani, Rizal Fadillah, Rustam Effendi, dan Damai Hari Lubis, yang juga dijerat Pasal 160 KUHP. Sementara klaster kedua berisi Roy Suryo , Rismon Sianipar, dan Tifauzia Tyassuma, yang dijerat Pasal 32 ayat (1) dan Pasal 35 UU ITE. Seiring perkembangan perkara, sebagian tersangka seperti Eggi Sudjana dan Damai Hari Lubis telah menyelesaikan perkara melalui restorative justice setelah SP3 diterbitkan. Baca juga: Polda Metro Jaya Tangkap Roy Suryo dan Tifauzia, Projo: Bukan untuk Melayani Jokowi Berkas Perkara Dinyatakan Lengkap Polda Metro Jaya sebelumnya menyatakan berkas perkara kasus tersebut telah dinyatakan lengkap oleh kejaksaan dan siap dilanjutkan ke tahap penuntutan. Penyidik kini disebut tengah berkoordinasi dengan pihak kejaksaan untuk pelimpahan tersangka dan barang bukti ke tahap dua proses hukum.
Koordinator Litigasi TA-AKAA, Petrus Selestinus, menyebut langkah penangkapan tersebut sebagai indikasi adanya intervensi politik dalam penegakan hukum.
“Penangkapan ini, justru mengkonfirmasi ada kekuatan politik yang mengintervensi hukum sehingga cara-cara yang beradab dalam menegakkan hukum melalui pemanggilan ditinggalkan dan beralih menempuh cara tak beradab, represif dan intimidatif dengan melakukan penangkapan,” ujarnya dalam keterangan yang diterima pada Jumat (19/6/2026).
Sebelumnya, Roy Suryo dan Tifauziah Tyassuma (Dokter Tifa) dikabarkan ditangkap aparat Polda Metro Jaya pada hari yang sama.
Berdasarkan keterangan tim hukum, Roy Suryo disebut ditangkap pada Jumat sekitar pukul 07.00 WIB.
Sementara itu, Dokter Tifa diamankan di apartemennya pada pukul 06.47 WIB dan saat ini berada di Polda Metro Jaya . Ia juga disebut tetap menjalani aktivitas akademik di tengah proses hukum.
Petrus Selestinus menyayangkan tindakan upaya paksa tersebut, karena menurutnya para klien selama ini bersikap kooperatif dan rutin memenuhi kewajiban wajib lapor (WL).
“Jika tindakan dimaksud adalah dalam rangka tahap dua atau sebagaimana dikabarkan berkas sudah lengkap, maka tindakan tersebut bisa dilakukan dengan melayangkan Surat Panggilan. Bukan dengan upaya paksa (represif) melalui proses penangkapan,” ujarnya.
Ia juga mengimbau dukungan publik terhadap para kliennya, serta meminta simpatisan hadir ke Polda Metro Jaya untuk memberikan dukungan administratif terkait upaya hukum lanjutan.
Sebelumnya, Polda Metro Jaya menetapkan delapan orang sebagai tersangka dalam kasus dugaan pencemaran nama baik terkait tudingan ijazah palsu Presiden ke-7 RI Joko Widodo.
“Polda Metro Jaya telah menetapkan 8 orang tersangka dalam perkara pencemaran nama baik, fitnah, ujaran kebencian, dan manipulasi data elektronik yang dilaporkan oleh Bapak Ir. H. Joko Widodo,” kata Kapolda Metro Jaya, Irjen Asep Edi Suheri, dalam konferensi pers di Mapolda Metro Jaya, Jumat (7/11/2025).
Para tersangka dijerat dengan Pasal 27A dan Pasal 28 UU ITE serta Pasal 310 dan/atau 311 KUHP dengan ancaman pidana maksimal enam tahun penjara.
Delapan tersangka tersebut dibagi ke dalam dua klaster. Klaster pertama terdiri dari Eggi Sudjana, Kurnia Tri Royani, Rizal Fadillah, Rustam Effendi, dan Damai Hari Lubis, yang juga dijerat Pasal 160 KUHP.
Sementara klaster kedua berisi Roy Suryo , Rismon Sianipar, dan Tifauzia Tyassuma, yang dijerat Pasal 32 ayat (1) dan Pasal 35 UU ITE.
Seiring perkembangan perkara, sebagian tersangka seperti Eggi Sudjana dan Damai Hari Lubis telah menyelesaikan perkara melalui restorative justice setelah SP3 diterbitkan.
Polda Metro Jaya sebelumnya menyatakan berkas perkara kasus tersebut telah dinyatakan lengkap oleh kejaksaan dan siap dilanjutkan ke tahap penuntutan.
Penyidik kini disebut tengah berkoordinasi dengan pihak kejaksaan untuk pelimpahan tersangka dan barang bukti ke tahap dua proses hukum.
Isi komentar sepenuhnya adalah tanggung jawab pengguna dan diatur dalam UU ITE."
"Mojtaba Khamenei Buka Suara, Sindir Trump soal Alasan di Balik Kesepakatan Damai AS-Iran",https://www.tribunnews.com/internasional/7844013/mojtaba-khamenei-buka-suara-sindir-trump-soal-alasan-di-balik-kesepakatan-damai-as-iran,Tribun,internasional,2026-06-19,"Halo,
Profile
Kirim Images
Logout
Masuk ke akun Anda
Belum punya akun? Daftar Akun
Pedoman Media Siber
Hubungi Kami
Privacy Policy
Redaksi
Download TribunX untuk Android & iOS
Ringkasan Berita: Mojtaba Khamenei menegaskan kesepakatan damai Iran -AS terjadi karena tekanan dan “keputusasaan” Amerika Serikat , bukan karena Iran menyerah. Khamenei mengaku sempat memiliki keberatan terhadap perjanjian damai, namun akhirnya memberikan izin setelah mendapat jaminan hak-hak Iran tetap dilindungi. Draf MoU AS-Iran memuat 14 poin penting, termasuk penghentian konflik, pencabutan sanksi dan blokade , pengurangan pasukan AS di Timur Tengah, hingga bantuan ekonomi 300 miliar dolar AS untuk Iran TRIBUNNEWS.COM - Pemimpin Tertinggi Iran ,Mojtaba Khamenei mengonfirmasi penandatanganan nota kesepahaman antara Iran dan Amerika Serikat . Namun, dalam pernyataannya, Khamenei menegaskan bahwa kesepakatan tersebut bukan karena Iran berada dalam tekanan, melainkan akibat “keputusasaan” pihak Amerika Serikat . Pernyataan itu disampaikan langsung melalui unggahan resminya yang bernada tegas setelah kesepakatan diumumkan kepada publik. Dalam keterangannya, Khamenei menyebut Presiden Amerika Serikat Donald Trump menjadi pihak yang paling keras mendorong tercapainya perjanjian tersebut. “Seperti yang telah Anda ketahui, sebuah nota kesepahaman telah ditandatangani antara presiden Iran dan Amerika Serikat ,” tulis Khamenei, sebagaimana dikutip dari Jerusalem Post. Ia mengatakan para pejabat Iran memang telah bekerja untuk mencapai titik kesepakatan, namun menurutnya pihak Amerikalah yang paling membutuhkan perjanjian tersebut. “Presiden Amerikalah yang, karena putus asa, menggunakan segala macam pengaruh untuk mewujudkan hal ini,” lanjutnya. Khamenei Akui Punya Keberatan terhadap Perjanjian Lebih lanjut, Khamenei juga mengakui bahwa dirinya sebenarnya memiliki pandangan berbeda tentang kesepakatan damai tersebut. Meski demikian, ia tetap memberikan izin kepada pemerintah Iran untuk menandatangani MoU setelah mendapat jaminan bahwa hak-hak rakyat Iran tetap dilindungi. Ia menegaskan pemerintah Iran tidak akan tunduk jika Amerika Serikat mencoba melampaui poin-poin yang telah disepakati dalam memorandum tersebut. Baca juga: Kritik Lama Trump terhadap Obama jadi Bumerang dalam Kesepakatan Iran “Jika pihak Amerika berusaha mengajukan tuntutan yang berlebihan, mereka tidak akan tunduk pada tuntutan tersebut,” kata Khamenei. Pernyataan tersebut dinilai sebagai pesan politik kuat kepada publik Iran bahwa pemerintah tetap menjaga posisi tawar negara di tengah proses negosiasi dengan Washington. Khamenei juga meminta rakyat Iran menunggu hasil negosiasi lanjutan sambil memastikan seluruh syarat yang dianggap penting bagi Iran benar-benar dipenuhi. Bocoran 14 Poin Kesepakatan Jadi Sorotan Menurut laporan media Iran yang dikutip sejumlah media internasional, draf nota kesepahaman AS-Iran disebut memuat 14 poin utama yang akan menjadi dasar perjanjian damai kedua negara. Di antaranya adalah kedua negara disebut sepakat mengakhiri perang secara permanen di seluruh front konflik, termasuk Lebanon, dan menghentikan segala bentuk tindakan permusuhan. Amerika Serikat juga akan mencabut blokade terhadap Iran , mengurangi kehadiran militernya di kawasan, serta menghapus berbagai sanksi ekonomi yang selama ini membebani Teheran.
Namun, dalam pernyataannya, Khamenei menegaskan bahwa kesepakatan tersebut bukan karena Iran berada dalam tekanan, melainkan akibat “keputusasaan” pihak Amerika Serikat .
Pernyataan itu disampaikan langsung melalui unggahan resminya yang bernada tegas setelah kesepakatan diumumkan kepada publik. Dalam keterangannya, Khamenei menyebut Presiden Amerika Serikat Donald Trump menjadi pihak yang paling keras mendorong tercapainya perjanjian tersebut.
“Seperti yang telah Anda ketahui, sebuah nota kesepahaman telah ditandatangani antara presiden Iran dan Amerika Serikat ,” tulis Khamenei, sebagaimana dikutip dari Jerusalem Post.
Ia mengatakan para pejabat Iran memang telah bekerja untuk mencapai titik kesepakatan, namun menurutnya pihak Amerikalah yang paling membutuhkan perjanjian tersebut.
“Presiden Amerikalah yang, karena putus asa, menggunakan segala macam pengaruh untuk mewujudkan hal ini,” lanjutnya.
Lebih lanjut, Khamenei juga mengakui bahwa dirinya sebenarnya memiliki pandangan berbeda tentang kesepakatan damai tersebut.
Meski demikian, ia tetap memberikan izin kepada pemerintah Iran untuk menandatangani MoU setelah mendapat jaminan bahwa hak-hak rakyat Iran tetap dilindungi.
Ia menegaskan pemerintah Iran tidak akan tunduk jika Amerika Serikat mencoba melampaui poin-poin yang telah disepakati dalam memorandum tersebut.
“Jika pihak Amerika berusaha mengajukan tuntutan yang berlebihan, mereka tidak akan tunduk pada tuntutan tersebut,” kata Khamenei.
Pernyataan tersebut dinilai sebagai pesan politik kuat kepada publik Iran bahwa pemerintah tetap menjaga posisi tawar negara di tengah proses negosiasi dengan Washington.
Khamenei juga meminta rakyat Iran menunggu hasil negosiasi lanjutan sambil memastikan seluruh syarat yang dianggap penting bagi Iran benar-benar dipenuhi.
Menurut laporan media Iran yang dikutip sejumlah media internasional, draf nota kesepahaman AS-Iran disebut memuat 14 poin utama yang akan menjadi dasar perjanjian damai kedua negara.
Di antaranya adalah kedua negara disebut sepakat mengakhiri perang secara permanen di seluruh front konflik, termasuk Lebanon, dan menghentikan segala bentuk tindakan permusuhan.
Amerika Serikat juga akan mencabut blokade terhadap Iran , mengurangi kehadiran militernya di kawasan, serta menghapus berbagai sanksi ekonomi yang selama ini membebani Teheran.
Isi komentar sepenuhnya adalah tanggung jawab pengguna dan diatur dalam UU ITE."
Projo: Penangkapan Roy Suryo - Dokter Tifa Babak Baru Kasus Tuduhan Ijazah Palsu Jokowi,https://www.tribunnews.com/nasional/7844027/projo-penangkapan-roy-suryo-dokter-tifa-babak-baru-kasus-tuduhan-ijazah-palsu-jokowi,Tribun,berita,2026-06-19,"Halo,
Profile
Kirim Images
Logout
Masuk ke akun Anda
Belum punya akun? Daftar Akun
Pedoman Media Siber
Hubungi Kami
Privacy Policy
Redaksi
Download TribunX untuk Android & iOS
Ringkasan Berita: Projo angkat bicara soal kabar penangkapan tersangka Roy Suryo dan Tifauzia Tyassuma (dr Tifa) oleh penyidik Polda Metro Jaya pada Jumat (19/6/2026) pagi ini. Menurut Projo penangkapan Roy Suryo dan dr Tifa menandai babak baru proses hukum kasus tuduhan ijazah palsu Presiden ke-7 Joko Widodo. Sekretaris Jenderal DPP PROJO Freddy Alex Damanik menyatakan pihaknya menghargai proses hukum yang sudah sekian lama dilakukan oleh Polri. TRIBUNNEWS.COM, JAKARTA - Ormas Pro-Jokowi atau Projo angkat bicara soal kabar penangkapan tersangka Roy Suryo dan Tifauzia Tyassuma (dr Tifa) oleh penyidik Polda Metro Jaya pada Jumat (19/6/2026) pagi ini. Menurut Projo penangkapan Roy Suryo dan dr Tifa menandai babak baru proses hukum kasus tuduhan ijazah palsu Presiden ke-7 Joko Widodo. Sekretaris Jenderal DPP PROJO Freddy Alex Damanik  menyatakan pihaknya menghargai proses hukum yang sudah sekian lama dilakukan oleh Polri. “Langkah hukum oleh Polri tersebut merupakan kemajuan dalam penyidikan,“ kata Freddy Alex Damanik dalam siaran pers hari ini, Jumat (19/06/2026). Menurut Freddy, publik tentu menghendaki ujung atau hasil akhir dari pengusutan kasus tuduhan ijazah palsu Jokowi oleh para tersangka. Masyarakat menunggu apakah tuduhan Roy-Tifa tersebut benar atau tidak. Kepastian hukum diperlukan agar ada kejelasan dalam masalah tuduhan ijazah palsu Jokowi yang sangat menjadi perhatian publik itu. “Masyarakat tentu sangat mendukung proses hukum supaya segera ada kemajuan dan diketahui hasil akhirnya,"" ujarnya. Baca juga: Henri Subiakto Sebut Dokter Tifa Dijemput Polisi di Parkiran Sebelum Seminar Hasil Doktor PROJO berpendapat bahwa proses hukum oleh Polri harus dihargai, seperti halnya masyarakat menghargai kebebasan berpendapat. PROJO juga menghargai asas praduga tak bersalah terhadap tersangka Roy Suryo dan dr Tifa . Sekjen PROJO Freddy Damanik menjelaskan kasus tuduhan ijazah palsu Jokowi oleh para tersangka tersebut juga bisa menjadi pembelajaran bagi masyarakat. “Menyampaikan pendapat berbeda dengan menuduh pihak lain yang dapat berimplikasi hukum,” tutur Freddy. Roy Suryo dan Dokter Tifa Dikabarkan Ditangkap Terkait Kasus Ijazah Jokowi Dua tersangka kasus ijazah palsu Presiden ke-7 RI Joko Widodo yakni Roy Suryo dan Tifauziah Tyassuma (Dokter Tifa) dikabarkan ditangkap oleh aparat kepolisian.
Menurut Projo penangkapan Roy Suryo dan dr Tifa menandai babak baru proses hukum kasus tuduhan ijazah palsu Presiden ke-7 Joko Widodo.
Sekretaris Jenderal DPP PROJO Freddy Alex Damanik  menyatakan pihaknya menghargai proses hukum yang sudah sekian lama dilakukan oleh Polri.
“Langkah hukum oleh Polri tersebut merupakan kemajuan dalam penyidikan,“ kata Freddy Alex Damanik dalam siaran pers hari ini, Jumat (19/06/2026).
Menurut Freddy, publik tentu menghendaki ujung atau hasil akhir dari pengusutan kasus tuduhan ijazah palsu Jokowi oleh para tersangka.
Masyarakat menunggu apakah tuduhan Roy-Tifa tersebut benar atau tidak.
Kepastian hukum diperlukan agar ada kejelasan dalam masalah tuduhan ijazah palsu Jokowi yang sangat menjadi perhatian publik itu.
“Masyarakat tentu sangat mendukung proses hukum supaya segera ada kemajuan dan diketahui hasil akhirnya,"" ujarnya.
PROJO berpendapat bahwa proses hukum oleh Polri harus dihargai, seperti halnya masyarakat menghargai kebebasan berpendapat.
PROJO juga menghargai asas praduga tak bersalah terhadap tersangka Roy Suryo dan dr Tifa .
Sekjen PROJO Freddy Damanik menjelaskan kasus tuduhan ijazah palsu Jokowi oleh para tersangka tersebut juga bisa menjadi pembelajaran bagi masyarakat.
“Menyampaikan pendapat berbeda dengan menuduh pihak lain yang dapat berimplikasi hukum,” tutur Freddy.
Dua tersangka kasus ijazah palsu Presiden ke-7 RI Joko Widodo yakni Roy Suryo dan Tifauziah Tyassuma (Dokter Tifa) dikabarkan ditangkap oleh aparat kepolisian.
Isi komentar sepenuhnya adalah tanggung jawab pengguna dan diatur dalam UU ITE."
Kubu Roy Suryo Duga Ada Kekuatan Politik di Balik Upaya Paksa Penangkapan,https://www.tribunnews.com/nasional/7844026/kubu-roy-suryo-duga-ada-kekuatan-politik-di-balik-upaya-paksa-penangkapan,Tribun,berita,2026-06-19,"Halo,
Profile
Kirim Images
Logout
Masuk ke akun Anda
Belum punya akun? Daftar Akun
Pedoman Media Siber
Hubungi Kami
Privacy Policy
Redaksi
Download TribunX untuk Android & iOS
Ringkasan Berita: Tim kuasa hukum Roy Suryo mempertanyakan tindakan penyidik Polda Metro Jaya yang melakukan upaya paksa penangkapan terhadap kliennya terkait tudingan ijazah palsu Presiden ke-7 RI, Joko Widodo. Khozinudin menduga terdapat kepentingan politik yang mengintervensi proses hukum terhadap Roy Suryo . Kubu Roy Suryo mengajak para tokoh dan aktivis guna mengisi surat jaminan penangguhan penahanan apabila nantinya dibutuhkan. TRIBUNNEWS.COM, JAKARTA - Tim kuasa hukum Roy Suryo mempertanyakan tindakan penyidik Polda Metro Jaya yang melakukan upaya paksa penangkapan terhadap kliennya terkait tudingan ijazah palsu Presiden ke-7 RI, Joko Widodo. Pernyataan itu disampaikan kuasa hukum Roy Suryo, Ahmad Khozinudin, setelah mendapat kabar bahwa kliennya ditangkap sekitar pukul 07.00 WIB, Jumat (19/6/2026). Baca juga: Refly Harun Ungkap Kondisi Roy Suryo saat Ditangkap: Belum Mandi, Sempat Dilarang Pakai Sepatu Khozinudin menduga terdapat kepentingan politik yang mengintervensi proses hukum terhadap Roy Suryo . ""Penangkapan ini justru mengonfirmasi adanya kekuatan politik yang mengintervensi hukum sehingga cara-cara yang beradab dalam menegakkan hukum melalui pemanggilan ditinggalkan dan beralih menempuh cara yang represif dan intimidatif dengan melakukan penangkapan,"" ujarnya. Kubu Roy Suryo mengajak para tokoh dan aktivis guna mengisi surat jaminan penangguhan penahanan apabila nantinya dibutuhkan. Diketahui Roy Suryo telah ditangkap oleh penyidik Polda Metro Jaya pada pukul 07.00 WIB. Kabar itu pertama disampaikan oleh istri Roy Suryo . Bersamaan penangkapan Roy, Tifauziah Tyassuma atau Dokter Tifa juga diamankan dari kediamannya di apartemen pagi hari tadi. Kasus ini bermula dari polemik mengenai keaslian ijazah sarjana milik Jokowi. Dalam proses penyidikan, polisi telah memeriksa ratusan saksi, menyita sejumlah barang bukti, serta meminta keterangan para ahli dari berbagai bidang. Penyidik juga melakukan uji forensik terhadap dokumen ijazah yang dipersoalkan. Pemeriksaan dilakukan terhadap unsur kertas, tinta, embos, stempel, hingga tanda tangan. Baca juga: Tim Advokasi Sebut Penangkapan Roy Suryo Bentuk Intervensi Hukum: Represif dan Tak Beradab Dari hasil penyidikan, delapan orang sempat ditetapkan sebagai tersangka dan dibagi dalam dua klaster. Klaster pertama terdiri dari Eggi Sudjana, Kurnia Tri Rohyani, Damai Hari Lubis, Rustam Effendi, dan Muhammad Rizal Fadillah. Sementara klaster kedua terdiri dari Roy Suryo , Rismon Hasiholan Sianipar, serta Tifauziah Tyassuma. Belakangan, status tersangka Eggi Sudjana, Damai Hari Lubis, dan Rismon Hasiholan Sianipar dicabut setelah mengajukan restorative justice serta menyampaikan permohonan maaf kepada Jokowi. Permohonan maaf diterima oleh Jokowi sehingga ketiganya kini sudah bebas dari jerat hukum.
Pernyataan itu disampaikan kuasa hukum Roy Suryo, Ahmad Khozinudin, setelah mendapat kabar bahwa kliennya ditangkap sekitar pukul 07.00 WIB, Jumat (19/6/2026).
Khozinudin menduga terdapat kepentingan politik yang mengintervensi proses hukum terhadap Roy Suryo .
""Penangkapan ini justru mengonfirmasi adanya kekuatan politik yang mengintervensi hukum sehingga cara-cara yang beradab dalam menegakkan hukum melalui pemanggilan ditinggalkan dan beralih menempuh cara yang represif dan intimidatif dengan melakukan penangkapan,"" ujarnya.
Kubu Roy Suryo mengajak para tokoh dan aktivis guna mengisi surat jaminan penangguhan penahanan apabila nantinya dibutuhkan.
Diketahui Roy Suryo telah ditangkap oleh penyidik Polda Metro Jaya pada pukul 07.00 WIB.
Kabar itu pertama disampaikan oleh istri Roy Suryo .
Bersamaan penangkapan Roy, Tifauziah Tyassuma atau Dokter Tifa juga diamankan dari kediamannya di apartemen pagi hari tadi.
Kasus ini bermula dari polemik mengenai keaslian ijazah sarjana milik Jokowi.
Dalam proses penyidikan, polisi telah memeriksa ratusan saksi, menyita sejumlah barang bukti, serta meminta keterangan para ahli dari berbagai bidang.
Penyidik juga melakukan uji forensik terhadap dokumen ijazah yang dipersoalkan.
Pemeriksaan dilakukan terhadap unsur kertas, tinta, embos, stempel, hingga tanda tangan.
Dari hasil penyidikan, delapan orang sempat ditetapkan sebagai tersangka dan dibagi dalam dua klaster. Klaster pertama terdiri dari Eggi Sudjana, Kurnia Tri Rohyani, Damai Hari Lubis, Rustam Effendi, dan Muhammad Rizal Fadillah.
Sementara klaster kedua terdiri dari Roy Suryo , Rismon Hasiholan Sianipar, serta Tifauziah Tyassuma.
Belakangan, status tersangka Eggi Sudjana, Damai Hari Lubis, dan Rismon Hasiholan Sianipar dicabut setelah mengajukan restorative justice serta menyampaikan permohonan maaf kepada Jokowi.
Permohonan maaf diterima oleh Jokowi sehingga ketiganya kini sudah bebas dari jerat hukum.
Isi komentar sepenuhnya adalah tanggung jawab pengguna dan diatur dalam UU ITE."
"Kerja Sama dengan Kedubes Malaysia, Undana Bidik Penguatan Kapasitas Akademik",https://www.tribunnews.com/nasional/7844015/kerja-sama-dengan-kedubes-malaysia-undana-bidik-penguatan-kapasitas-akademik,Tribun,berita,2026-06-19,"Halo,
Profile
Kirim Images
Logout
Masuk ke akun Anda
Belum punya akun? Daftar Akun
Pedoman Media Siber
Hubungi Kami
Privacy Policy
Redaksi
Download TribunX untuk Android & iOS
Langkah tersebut ditandai dengan kunjungan Menteri EMI Kedutaan Besar Malaysia, Dr. Hasnul Faizal Hushin Amri, yang diterima langsung oleh Rektor Undana Prof. Dr. Ir. Jefri S. Bale pada Kamis (18/6/2026).
Pertemuan yang berlangsung di ruang kerja Rektor Undana itu membahas sejumlah peluang kolaborasi, mulai dari bidang pendidikan, penelitian, pengembangan sumber daya manusia, hingga program edutourism yang melibatkan mahasiswa, dosen, dan alumni dari kedua negara.
Untuk mahasiswa, sejumlah program yang dibahas meliputi pertukaran pelajar, program latihan industri, pengembangan kepemimpinan, pertukaran budaya, proyek komunitas, mobilitas mahasiswa, bengkel dan kursus jangka pendek, kerja sama olahraga, pengembangan program beasiswa, serta penguatan pengelolaan kesejahteraan mahasiswa.
Sementara bagi dosen dan tenaga kependidikan, peluang kerja sama mencakup pertukaran dosen, program pembangunan kepemimpinan, dan pertukaran staf.
Pada bidang akademik, kedua pihak menjajaki berbagai bentuk kolaborasi seperti program double degree , penelitian bersama, seminar bersama, kerja sama e-learning , berbagi sumber daya pendidikan, publikasi ilmiah bersama, pengembangan kurikulum, pengakuan kredit akademik, hingga kolaborasi teknologi pendidikan.
Selain itu, kerja sama juga diarahkan pada penguatan jaringan alumni melalui pembentukan jejaring alumni bersama antara institusi pendidikan di Indonesia dan Malaysia.
Dalam kesempatan tersebut, Rektor Undana memaparkan profil universitas, termasuk jumlah fakultas dan program studi yang dimiliki Undana sebagai salah satu perguruan tinggi terbesar di Nusa Tenggara Timur.
Jefri Bale menyampaikan apresiasi atas kunjungan dan inisiatif kerja sama yang ditawarkan oleh pihak Kedutaan Besar Malaysia Jakarta tersebut.
Menurutnya, hubungan akademik antara Undana dan sejumlah perguruan tinggi di Malaysia telah terjalin cukup lama melalui berbagai program pertukaran mahasiswa dan kegiatan akademik lainnya.
""Terima kasih atas kolaborasi ini. Kami sudah beberapa kali melakukan pertukaran mahasiswa ke Malaysia. Secara pribadi saya memandang Malaysia merupakan salah satu mitra yang relatif mudah dijangkau dan mudah melakukan penyesuaian karena memiliki latar belakang budaya yang dekat dengan Indonesia. Hal ini tentu memudahkan kedua negara untuk berkolaborasi,"" ujarnya.
Ia menambahkan, kunjungan tersebut menjadi titik awal untuk memperluas kerja sama dengan berbagai universitas dan institusi pendidikan di Malaysia.
""Kehadiran Education Malaysia Indonesia menjadi titik penting bagi kami untuk membangun lebih banyak kolaborasi dengan universitas dan kolega di Malaysia,"" katanya.
Sementara itu, Hasnul Faizal Hushin Amri menyampaikan bahwa NTT memiliki potensi besar untuk dikembangkan melalui kerja sama pendidikan dan riset internasional.
Pihaknya mendorong tindak lanjut konkret dari hasil pertemuan tersebut, terutama dalam penguatan riset kolaboratif, pertukaran praktik terbaik (best practice) , serta pengembangan program pendidikan yang memberikan manfaat bagi kedua belah pihak.
Isi komentar sepenuhnya adalah tanggung jawab pengguna dan diatur dalam UU ITE."
"Mojtaba Khamenei Sempat Ragu Soal Kesepakatan Damai dengan AS, Sebut Trump Putus Asa",https://www.tribunnews.com/internasional/7844020/mojtaba-khamenei-sempat-ragu-soal-kesepakatan-damai-dengan-as-sebut-trump-putus-asa,Tribun,internasional,2026-06-19,"Halo,
Profile
Kirim Images
Logout
Masuk ke akun Anda
Belum punya akun? Daftar Akun
Pedoman Media Siber
Hubungi Kami
Privacy Policy
Redaksi
Download TribunX untuk Android & iOS
Ringkasan Berita: Pemimpin Tertinggi Iran , Ayatollah Seyed Mojtaba Khamenei akhirnya buka suara soal kesepakatan damai yang telah diteken bersama Amerika Serikat (AS). Khamenei mengaku dirinya telah memberikan lampu hijau terkait kesepakatan damai yang telah ditandatangani. Namun, Khamenei mengaku dirinya sempat ragu terkait kesepakatan damai tersebut. TRIBUNNEWS.COM - Pemimpin Tertinggi Iran , Ayatollah Seyed Mojtaba Khamenei akhirnya buka suara soal kesepakatan damai dengan Amerika Serikat (AS). Dalam persembunyiannya, Mojtaba Khamenei menyebut ia telah memberikan lampu hijau soal perdamaian Iran dengan AS. Meski memberi lampu hijau, Mojtaba Khamenei mengaku ia sempat ragu soal kesepakatan tersebut. Mojtaba Khamenei menyebut memiliki pandangan dan keberatan yang berbeda terkait kesepakatan tersebut. Ia menyebut langkah diplomasi ini akhirnya diambil Washington karena posisi mereka yang kian terdesak. ""Para pejabat kita telah berupaya keras dengan niat tulus demi kepentingan negara."" ""Namun, Presiden AS-lah yang sebenarnya berada dalam kondisi putus asa, sehingga menggunakan segala bentuk tekanan demi mewujudkan hasil ini,"" ujar Khamenei dalam surat resminya yang dikutip dari WANA News Agency. Khamenei mengungkapkan bahwa izin operasional atas perjanjian ini diberikan setelah mendapat jaminan langsung dari Presiden Iran selaku Ketua Dewan Keamanan Nasional Tertinggi. Pihak pemerintah berjanji akan bertanggung jawab penuh dan memastikan hak-hak rakyat Iran serta 'Front Perlawanan' di Timur Tengah tetap terlindungi. ""Presiden secara eksplisit menegaskan bahwa jika pihak Amerika menuntut hal-hal yang berlebihan, Iran tidak akan tunduk."" ""Mulai saat ini, kita akan sama-sama mengawasi apakah komitmen tersebut benar-benar terpenuhi,"" tegasnya. Baca juga: Mojtaba Khamenei Buka Suara, Sindir Trump soal Alasan di Balik Kesepakatan Damai AS-Iran Dalam pesannya, Pemimpin Tertinggi Iran itu juga memberikan batasan tegas mengenai arah diplomasi Teheran ke depan. Ia memperingatkan agar kesediaan Iran melakukan dialog langsung di masa mendatang jangan disalahartikan sebagai bentuk tunduk terhadap kemauan AS. ""Sangat jelas bahwa negosiasi langsung apa pun di masa depan tidak boleh ditafsirkan sebagai bentuk penerimaan kita terhadap posisi musuh,"" tambahnya. Surat resmi ini diterbitkan tepat setelah kesepakatan bilateral antara Iran dan AS diteken.
Dalam persembunyiannya, Mojtaba Khamenei menyebut ia telah memberikan lampu hijau soal perdamaian Iran dengan AS.
Meski memberi lampu hijau, Mojtaba Khamenei mengaku ia sempat ragu soal kesepakatan tersebut.
Mojtaba Khamenei menyebut memiliki pandangan dan keberatan yang berbeda terkait kesepakatan tersebut.
Ia menyebut langkah diplomasi ini akhirnya diambil Washington karena posisi mereka yang kian terdesak.
""Para pejabat kita telah berupaya keras dengan niat tulus demi kepentingan negara.""
""Namun, Presiden AS-lah yang sebenarnya berada dalam kondisi putus asa, sehingga menggunakan segala bentuk tekanan demi mewujudkan hasil ini,"" ujar Khamenei dalam surat resminya yang dikutip dari WANA News Agency.
Khamenei mengungkapkan bahwa izin operasional atas perjanjian ini diberikan setelah mendapat jaminan langsung dari Presiden Iran selaku Ketua Dewan Keamanan Nasional Tertinggi.
Pihak pemerintah berjanji akan bertanggung jawab penuh dan memastikan hak-hak rakyat Iran serta 'Front Perlawanan' di Timur Tengah tetap terlindungi.
""Presiden secara eksplisit menegaskan bahwa jika pihak Amerika menuntut hal-hal yang berlebihan, Iran tidak akan tunduk.""
""Mulai saat ini, kita akan sama-sama mengawasi apakah komitmen tersebut benar-benar terpenuhi,"" tegasnya.
Dalam pesannya, Pemimpin Tertinggi Iran itu juga memberikan batasan tegas mengenai arah diplomasi Teheran ke depan.
Ia memperingatkan agar kesediaan Iran melakukan dialog langsung di masa mendatang jangan disalahartikan sebagai bentuk tunduk terhadap kemauan AS.
""Sangat jelas bahwa negosiasi langsung apa pun di masa depan tidak boleh ditafsirkan sebagai bentuk penerimaan kita terhadap posisi musuh,"" tambahnya.
Surat resmi ini diterbitkan tepat setelah kesepakatan bilateral antara Iran dan AS diteken.
Isi komentar sepenuhnya adalah tanggung jawab pengguna dan diatur dalam UU ITE."
"Ade Armando Kritik Teriakan Revolusi di Diskusi Menteri Prabowo, Serikat Mahasiswa UGM Jawab Santai",https://www.tribunnews.com/nasional/7844012/ade-armando-kritik-teriakan-revolusi-di-diskusi-menteri-prabowo-serikat-mahasiswa-ugm-jawab-santai,Tribun,berita,2026-06-19,"Halo,
Profile
Kirim Images
Logout
Masuk ke akun Anda
Belum punya akun? Daftar Akun
Pedoman Media Siber
Hubungi Kami
Privacy Policy
Redaksi
Download TribunX untuk Android & iOS
Menurut Kamus Besar Bahasa Indonesia (KBBI), revolusi adalah perubahan ketatanegaraan, pemerintahan, atau keadaan sosial yang dilakukan secara cepat dan mendasar.
Hal tersebut dikatakan Ade Armando di depan Ketua Serikat Mahasiswa UGM , Mesa, mengutip tayangan program Rosi, di YouTube Kompas TV, Kamis (18/6/2026).
Sebelumnya ratusan mahasiswa Universitas Gadjah Mada (UGM) mengungkap alasan di balik aksi menggeruduk diskusi bertajuk “Pancasila sebagai Pemersatu Bangsa” diselenggarakan oleh Total Politik dalam format “Kopdar Bareng Mas Dar”.
Melalui pernyataan sikap yang disampaikan di depan Balairung UGM pada Rabu (17/6/2026), mahasiswa menyebut aksi tersebut lahir dari rasa muak dan ketidakpercayaan terhadap pemerintah yang mereka nilai terus melakukan berbagai kebijakan yang merugikan rakyat.
Salah satu mahasiswa UGM , Sarah, menegaskan kemarahan yang muncul dalam aksi tersebut bukan terjadi tanpa alasan.
""Yang terjadi pada malam 15 Juni kemarin di GIK adalah bentuk ekspresi ketidakpercayaan terhadap pemerintah yang berulang kali secara jelas menindas rakyat,"" ujar Sarah, di Selasar Utara Kantor Pusat UGM (Balairung), Yogyakarta, mengutip TribunJogja.com .
Forum tersebut menghadirkan tiga pejabat pemerintahan Presiden Prabowo Subianto dan Wakil Presiden Gibran Rakabuming Raka, yakni:
Sementara itu, Menteri Sekretaris Negara Prasetyo Hadi yang sebelumnya dijadwalkan hadir tidak tampak dalam kegiatan tersebut.
Kericuhan bermula saat Budiman Sudjatmiko sedang menyampaikan pandangannya di atas panggung.
Tiba-tiba sekelompok mahasiswa datang dan menginterupsi jalannya acara menggunakan pengeras suara, mengutip tayangan video di akun Instagram @totalpolitikcom .
Massa kemudian membentangkan spanduk dan menyampaikan protes secara terbuka di dalam arena diskusi.
""Budiman Sudjatmiko adalah pengkhianat Reformasi,"" teriak salah seorang peserta aksi.
Teriakan serupa kemudian disusul oleh peserta lain yang mendesak para pejabat meninggalkan lokasi acara.
Isi komentar sepenuhnya adalah tanggung jawab pengguna dan diatur dalam UU ITE."
"IPO Anak Usaha Prodia, Separuh Dana Segar Dipakai Bayar Utang",https://www.cnbcindonesia.com/market/20260619131214-17-744054/ipo-anak-usaha-prodia-separuh-dana-segar-dipakai-bayar-utang,CNBC Indonesia,ekonomi,2026-06-19,"Jakarta, CNBC Indonesia - PT Prodia Diagnostic Line Tbk (PRDL) bersiap melantai di Bursa Efek Indonesia (BEI) dengan menawarkan sebanyak-banyaknya 522,9 juta saham atau setara 30% modal setelah IPO. Perseroan membidik dana hingga Rp62,75 miliar dari aksi korporasi tersebut.
Meski membawa cerita pertumbuhan sektor alat kesehatan, prospektus awal PRDL menunjukkan sejumlah catatan yang perlu dicermati investor sebelum berburu saham perdana emiten ini.
Catatan pertama adalah penggunaan dana IPO yang lebih berorientasi memperbaiki neraca dibanding ekspansi agresif. Dari total dana yang dihimpun, sekitar Rp35,67 miliar akan digunakan untuk melunasi pokok pinjaman kepada PT Bank Central Asia Tbk (BCA) dan PT Bank Pan Indonesia Tbk (Panin Bank).
Artinya, lebih dari separuh dana hasil IPO berpotensi habis untuk pembayaran utang, bukan untuk membangun pabrik baru, menambah kapasitas produksi secara signifikan, atau melakukan ekspansi pasar dalam skala besar.
Selain itu, prospek pertumbuhan yang ditawarkan perseroan juga sangat bergantung pada belanja kesehatan pemerintah. Dalam prospektus, risiko utama yang dihadapi perusahaan disebut secara eksplisit sebagai ketergantungan terhadap belanja pemerintah di sektor kesehatan.
Narasi pertumbuhan PRDL banyak bertumpu pada peningkatan anggaran kesehatan, program Cek Kesehatan Gratis, hingga pengadaan alat kesehatan pemerintah. Konsekuensinya, apabila terjadi efisiensi anggaran atau perubahan prioritas kebijakan kesehatan nasional, potensi pertumbuhan perusahaan dapat terpengaruh.
Dari sisi kinerja keuangan, pemulihan laba perusahaan juga belum sepenuhnya meyakinkan. Berdasarkan laporan keuangan, laba bersih PRDL mencapai sekitar Rp35,8 miliar pada 2023, kemudian turun tajam menjadi Rp10 miliar pada 2024 sebelum pulih menjadi sekitar Rp17 miliar pada 2025.
Meski demikian, PRDL tetap memiliki sejumlah daya tarik. Perseroan beroperasi di industri diagnostik kesehatan yang memiliki prospek pertumbuhan jangka panjang seiring meningkatnya kebutuhan layanan kesehatan di Indonesia. Hingga akhir 2025, perusahaan telah melayani lebih dari 7.600 pelanggan yang terdiri dari rumah sakit, laboratorium klinik, dan puskesmas di berbagai wilayah Indonesia.
Selain itu, laporan keuangan perusahaan memperoleh opini wajar tanpa modifikasian dari auditor independen dan didukung keberadaan mitra strategis internasional melalui kepemilikan Diasys Diagnostic Systems GmbH sebesar 10%."
Prabowo ke Himbara:Bunga Kredit UMKM Harus Lebih Rendah dari Korporasi,https://www.cnbcindonesia.com/market/20260619121343-19-744039/prabowo-ke-himbarabunga-kredit-umkm-harus-lebih-rendah-dari-korporasi,CNBC Indonesia,ekonomi,2026-06-19,"Jakarta, CNBC Indonesia- Presiden Prabowo Subianto meminta perbankan milik negara yang tergabung dalam Himpunan Bank Milik Negara (Himbara) memperluas akses pembiayaan bagi pelaku usaha mikro, kecil, dan menengah (UMKM). Bahkan, Prabowo menilai suku bunga kredit untuk UMKM seharusnya bisa lebih rendah dibandingkan korporasi.
Selengkapnya dalam program Power Lunch CNBC Indonesia (Jumat, 19/06/2026) berikut ini."
"Siap-Siap Dunia Banjir Gula, Efek Ramai Warga Bumi Kurangi Konsumsi?",https://www.cnbcindonesia.com/news/20260619131902-4-744069/siap-siap-dunia-banjir-gula-efek-ramai-warga-bumi-kurangi-konsumsi,CNBC Indonesia,berita,2026-06-19,"Jakarta, CNBC Indonesia - Organisasi Pangan dan Pertanian Dunia (Food and Agriculture Organization/FAO) memperkirakan pasar gula global akan kembali mengalami surplus produksi pada 2025/2026. Kenaikan produksi di sejumlah negara produsen utama Asia diperkirakan mampu mendorong pasokan dunia melampaui pertumbuhan konsumsi.
Dalam laporan Food Outlook edisi Juni 2026, FAO memperkirakan produksi gula dunia mencapai 183,2 juta ton pada 2025/2026 atau naik 3,5% dibandingkan periode yang sama tahun sebelumnya, yang mencapai 177 juta ton.
""Pasar gula internasional diperkirakan akan bergeser ke arah surplus produksi pada 2025/2026, yang mencerminkan pemulihan produksi global dan pertumbuhan konsumsi yang hanya moderat,"" tulis laporan tersebut, dikutip Jumat (19/6/2026).
FAO menjelaskan peningkatan produksi terutama berasal dari negara-negara produsen utama di Asia. India diperkirakan mencatat pemulihan produksi meski curah hujan berlebih sempat mempengaruhi produktivitas tebu di sejumlah wilayah utama. Sementara itu, Thailand diproyeksikan membukukan peningkatan produksi yang kuat berkat kondisi cuaca yang mendukung.
Adapun produksi gula juga diperkirakan meningkat di China dan Pakistan.
""Produksi gula dunia diperkirakan mencapai 183,2 juta ton, naik 3,5 persen dari tingkat yang lebih rendah pada musim sebelumnya, terutama didorong oleh peningkatan produksi di negara-negara penghasil utama di Asia,"" tulisnya.
Di sisi lain, FAO memperkirakan produksi gula Brasil justru kembali menurun untuk tahun kedua berturut-turut. Penurunan tersebut terjadi karena semakin besarnya alokasi tebu untuk produksi etanol seiring meningkatnya permintaan bahan bakar tersebut.
""Sebaliknya, produksi gula di Brasil diperkirakan akan menurun untuk musim kedua berturut-turut, terutama mencerminkan pengurangan porsi tebu yang dialokasikan untuk produksi gula di tengah meningkatnya permintaan etanol,"" jelas FAO.
Sementara di Uni Eropa, produksi gula diperkirakan turun akibat berkurangnya area tanam bit gula.
Meski produksi meningkat, pertumbuhan konsumsi gula global diperkirakan relatif terbatas. FAO memperkirakan konsumsi gula dunia hanya naik 0,9% menjadi 179,3 juta ton pada 2025/2026.
""Konsumsi gula dunia pada tahun 2025/2026 diperkirakan akan meningkat sebesar 0,9 persen dari musim sebelumnya, laju yang lebih lambat dari yang diperkirakan sebelumnya,"" tulisnya.
FAO menyebut perlambatan konsumsi dipengaruhi melemahnya aktivitas ekonomi global yang berdampak pada permintaan dari industri makanan dan minuman. Namun demikian, konsumsi gula masih diperkirakan tumbuh di kawasan Asia dan Afrika.
""Perlambatan ini terutama mencerminkan melemahnya aktivitas ekonomi global, yang diperkirakan akan mengurangi permintaan dari sektor minuman dan pengolahan makanan,"" kata FAO.
Dari sisi perdagangan, volume perdagangan gula dunia diperkirakan mencapai 64,1 juta ton pada 2025/2026, naik tipis 0,6% dibandingkan musim sebelumnya.
Ketersediaan ekspor yang lebih besar dari Thailand diperkirakan mampu menutupi penurunan ekspor dari Uni Eropa. Sementara ekspor Brasil diperkirakan relatif stabil dan pengiriman dari India meningkat secara terbatas.
FAO juga mencatat konflik yang terjadi di kawasan Timur Tengah pada 2026 telah mengganggu arus perdagangan gula regional melalui Selat Hormuz, salah satu jalur pelayaran strategis dunia.
Di tengah kondisi tersebut, harga gula internasional masih berada dalam tekanan sepanjang musim 2025/2026 karena ekspektasi pasokan global yang melimpah.
Meski demikian, FAO mencatat harga gula sempat menguat pada Mei 2026 mengikuti kenaikan harga minyak mentah. Pasar mengkhawatirkan peningkatan produksi etanol berbasis tebu di Brasil dapat mengurangi pasokan gula global. Selain itu, potensi kemunculan El Nino juga menimbulkan kekhawatiran terhadap produksi gula di India dan Thailand pada musim berikutnya.
""Namun, harga kembali pulih pada Mei 2026, menyusul kenaikan harga minyak mentah, terutama didukung oleh kekhawatiran bahwa peningkatan produksi etanol berbasis tebu di Brasil dapat memperketat pasokan gula global tahun ini dan bahwa kondisi El Nino dapat memengaruhi produksi 2026/2027 di India dan Thailand,"" jelasnya.
Secara keseluruhan, FAO memperkirakan stok gula dunia meningkat dari 122,4 juta ton menjadi 126,3 juta ton pada 2025/2026, sejalan dengan kembalinya pasar global ke kondisi surplus produksi.
Sementara itu, pemerintah Indonesia terus mempercepat upaya swasembada gula nasional dengan memperkuat pengembangan tebu rakyat. Pada 2026, Kementerian Pertanian (Kementan) menargetkan penyaluran bantuan 5,9 miliar mata benih tebu untuk pengembangan areal tanam seluas 99.547 hektare yang tersebar di 10 provinsi dan 74 kabupaten.
Program ini menjadi bagian dari strategi pemerintah untuk memperluas areal tanam sekaligus meningkatkan produktivitas perkebunan tebu rakyat agar mampu memenuhi kebutuhan gula dalam negeri secara berkelanjutan.
Menteri Pertanian (Mentan) Amran Sulaiman mengatakan, pemerintah saat ini melakukan pembenahan menyeluruh pada sektor gula, mulai dari hulu hingga hilir. Upaya tersebut mencakup penyediaan benih, perbaikan pola tanam, penguatan hilirisasi, hingga sistem pemasaran hasil produksi.
""Kami melakukan pembenahan dari hulu hingga hilir, mulai dari benih, pola tanam, sistem hilirisasi, hingga aspek pemasaran. Tujuannya sederhana, pekebun harus mendapatkan keuntungan,"" kata Amran dalam keterangannya, dikutip Kamis (12/3/2026).
Sejalan dengan program itu, pemerintah juga menargetkan produksi gula nasional meningkat hingga sekitar 3 juta ton pada 2026. Target ini diharapkan tercapai melalui perluasan dan optimalisasi lahan tebu nasional.
Upaya percepatan pengembangan tebu sebenarnya telah dimulai sejak tahun sebelumnya. Sepanjang 2025, Direktorat Jenderal Perkebunan Kementan telah menyalurkan 1.925.760.000 mata benih tebu kepada petani. Bantuan tersebut setara dengan pengembangan areal tanam sekitar 32.096 hektare, dengan asumsi kebutuhan sekitar 60.000 mata benih per hektare."
"Ada Pemadaman Listrik Bergilir, Ini Penjelasan PLN",https://www.cnbcindonesia.com/news/20260619141755-4-744082/ada-pemadaman-listrik-bergilir-ini-penjelasan-pln,CNBC Indonesia,berita,2026-06-19,"Jakarta, CNBC Indonesia - Pemadaman listrik bergilir dilaporkan terjadi di sejumlah wilayah pada Jumat (19/6/2026). Mulai dari wilayah Tangerang Selatan, Depok, hingga kawasan Universitas Indonesia (UI).
Warga pun mulai ramai mengeluhkan padamnya listrik. Pantauan di media sosial X menunjukkan banyak pengguna melaporkan listrik padam sejak pagi hingga siang hari.
Sejumlah warganet mengaku listrik baru kembali menyala setelah padam selama dua hingga tiga jam, sementara sebagian lainnya menyebut listrik masih belum pulih hingga sore hari.
""Mati (listrik) dari jam 8 sampai sekarang belum nyala,"" tulis pengguna @hrsdty dikutip Jumat (19/6/2026).
Sementara itu, pengguna lainnya mengaku listrik di wilayahnya telah padam selama lebih dari tiga jam sehingga mengganggu berbagai aktivitas sehari-hari.
""Mati sudah 3 jam lebih, urusan jadi kacau,"" tulis pengguna @melonpea01.
Menanggapi kondisi tersebut, PT PLN (Persero) menyampaikan bahwa sistem kelistrikan Jawa saat ini masih beroperasi dan terkendali. Namun untuk menjaga keandalan pasokan listrik kepada pelanggan, perusahaan melakukan manajemen beban secara terbatas dan terukur di sejumlah wilayah.
Executive Vice President Komunikasi Korporat dan TJSL PLN Gregorius Adi Trianto menjelaskan langkah tersebut dilakukan karena adanya kendala teknis operasional pembangkit. Selain itu, terdapat dua unit pembangkit besar yang mengalami gangguan sehingga tidak dapat beroperasi sementara waktu dan menyebabkan kemampuan pasokan listrik sistem Jawa menurun.
""PLN terus berkerja sama melakukan percepatan pemulihan, mengoptimalkan pasokan dari pembangkit lain, serta melakukan pengaturan operasi sistem guna menjaga keseimbangan pasokan dan kebutuhan listrik serta meminimalkan dampak kepada pelanggan,"" ujar Gregorius dalam keterangan tertulis, Jumat (19/6/2026).
Ia lantas menyampaikan permohonan maaf atas ketidaknyamanan yang dialami pelanggan akibat pemadaman tersebut. Adapun, manajemen beban ini bersifat sementara dan akan segera dihentikan secara bertahap seiring dengan membaiknya kondisi pasokan sistem."
"Investor Asing Mau Perluas Wilayah di KEK, Siapkan Duit Rp557 T",https://www.cnbcindonesia.com/news/20260619141200-4-744078/investor-asing-mau-perluas-wilayah-di-kek-siapkan-duit-rp557-t,CNBC Indonesia,berita,2026-06-19,"Jakarta, CNBC Indonesia - Kementerian Koordinator Bidang Ekonomi membeberkan bukti bahwa Indonesia masih menggiurkan bagi investor asing. Terlihat dari minat investasi tambahan di Kawasan Ekonomi Khusus (KEK) Kendal, Bintan, dan Gresik
Sekretaris Kementerian Koordinator Bidang Perekonomian Susiwijono Moegiarso mengungkapkan, investor asing mengajukan penambahan lahan di tiga KEK tersebut untuk investasi.
""KEK manufaktur terbesar Itu mulai Gresik, kemudian Kendal, dan Galang Batang yang di Bintan. Itu tiga-tiganya itu mengajukan perluasan lahan, kawasan perluasan. Kenapa? Karena investasi yang ada itu sudah penuh dan yang mau datang investor asing itu ngantri,"" ucapnya saat ditemui pewarta di Kantor Kemenko Ekonomi, Jumat (19/6/2026).
Susi mengatakan bahwa potensi dari dari perluasan di tiga KEK tersebut bisa mencapai Rp557 triliun.
""Tadi pagi saya diskusi dengan teman-teman potensi untuk masuk tambahannya yang asing yang mau masuk Di tiga KEK saja kita hitung sekitar Rp557 triliun. Ultimate ya, tidak dalam waktu segera,"" ucapnya.
Susi mengatakan bahwa investor asing meminta perluasan lahan KEK sebanyak dua kali lipat dari yang sudah ada untuk kepentingan investasi.
Misalnya Gresik diminta untuk perluasan kira-kira 1.200 hektare lagi. Kemudian juga di Kendal juga meminta tambah 1.000 hektare dan Galang Batang di Bintan meminta tambahan 2.600 hektare.
Susi mengatakan bahwa hal ini menunjukkan bahwa investor asing masih memiliki kepercayaan untuk investasi di Indonesia.
""Kalau ditanya, apakah investor asing masih percaya dengan Indonesia Membawa investasi. Nah ini faktanya tiga KEK terbesar manufaktur Mengajukan perluasan lahan rata-rata dua kali lipatnya lagi,"" imbuhnya."
Tiga Direktur Merdeka Copper (MDKA) Kompak Mundur,https://www.cnbcindonesia.com/market/20260619140034-17-744075/tiga-direktur-merdeka-copper--mdka--kompak-mundur,CNBC Indonesia,ekonomi,2026-06-19,"Jakarta, CNBC Indonesia — PT Merdeka Copper Gold Tbk. (MDKA) menyampaikan, 3 orang petinggi manajemen di kursi Direksi kompak mengundurkan diri. Tiga sosok tersebut antara lain, David Thomas Fowler, Jason Laurence Greive, dan Chrisanthus Supriyo.
Mengutip keterbukaan informasi Bursa Efek Indonesia (BEI), perseroan telah menerima surat pengunduran diri tersebut sejak tanggal 17 Juni 2026.
""Dengan ini kami sampaikan bahwa pada tanggal 17 Juni 2026, Perseroan telah menerima surat pengunduran diri dari 3 (tiga) anggota Direksi Perseroan, yaitu Bapak David Thomas Fowler, Bapak Jason Laurence Greive; dan Bapak Chrisanthus Supriyo,"" tulis manajemen, Jumat (19/6/2026).
Sesuai dengan ketentuan Anggaran Dasar Perseroan dan peraturan perundang-undangan yang berlaku, permohonan pengunduran diri anggota Direksi tersebut akan diputuskan dalam Rapat Umum Pemegang Saham (RUPS) Perseroan.
Selain itu, susunan manajemen yang baru akan berlaku efektif setelah memperoleh persetujuan RUPS yang akan diselenggarakan Perseroan sesuai dengan ketentuan yang berlaku.
Sebagai informasi, David Thomas Fowler merupakan Warga Negara Australia yang lahir pada tahun 1966 dan ditunjuk sebagai Direktur Perseroan pada Desember 2014.
Sedangkan Jason Laurence Greive juga Warga Negara Australia yang lahir pada tahun 1973 dan ditunjuk sebagai Direktur Perseroan pada bulan Juni 2025
Sementara Chrisanthus Supriyo merupakan Warga Negara Indonesia yang lahir pada tahun 1954 dan ditunjuk sebagai Direktur Perseroan pada Januari 2022."
"68% Perusahaan Kesulitan Cari Manajer, Gen Z Ogah Promosi",https://www.cnbcindonesia.com/lifestyle/20260619133134-33-744062/68-perusahaan-kesulitan-cari-manajer-gen-z-ogah-promosi,CNBC Indonesia,hiburan,2026-06-19,"Jakarta, CNBC Indonesia - Perusahaan di Indonesia mulai menghadapi masalah baru dalam mencari calon pemimpin. Sebanyak 68% perusahaan mengaku kesulitan mengisi posisi manajer tingkat menengah. Mereka bahkan memperkirakan tantangan tersebut akan semakin terasa dalam satu hingga dua tahun ke depan. Di sisi lain, persoalannya ternyata bukan karena generasi muda tidak ingin memimpin. Riset terbaru dari Robert Walters Indonesia menunjukkan 75% profesional Generasi Z (Gen Z) masih memandang posisi manajer sebagai tahapan karier yang penting. Namun, banyak yang memilih menunda atau menolak promosi karena menilai kompensasi yang ditawarkan tidak sebanding dengan tanggung jawab yang harus diemban.
Fenomena ini menjadi bagian dari tren global yang dikenal sebagai conscious unbossing , yakni kecenderungan profesional muda menghindari posisi manajerial meski memiliki peluang untuk mendudukinya. Namun di Indonesia, masalah utamanya dinilai lebih berkaitan dengan persoalan kompensasi, desain pekerjaan, dan beban kerja dibanding sekadar perbedaan karakter antargenerasi. Riset tersebut menemukan hanya 27% responden Gen Z yang melihat manajer mereka saat ini sebagai sosok inspiratif yang ingin ditiru. Sebaliknya, 33% menilai para manajer terlihat mengalami stres berkepanjangan atau bekerja secara berlebihan, sementara 27% lainnya melihat manajer memiliki tanggung jawab besar tetapi kewenangan yang terbatas. Country Head Robert Walters Indonesia, Eric Mary mengatakan, gelar manajer tidak lagi memiliki daya tarik yang sama bagi generasi muda. ""Gen Z ingin memimpin, tetapi mereka melihat tekanan yang dihadapi para manajer tingkat menengah saat ini. Mereka ragu melangkah maju kecuali imbalan finansial yang diberikan sebanding dengan tanggung jawabnya,"" ujar Eric dalam keterangannya dikutip di Jakarta, Jumat (19/6/2026).
Dari sisi kompensasi, sebanyak 64% Gen Z yang ragu mengambil posisi manajemen menyebut kenaikan gaji sebagai faktor utama yang dapat mengubah keputusan mereka. Sementara itu, 38% menginginkan kewenangan pengambilan keputusan yang lebih jelas dan 24% menyoroti pentingnya keseimbangan antara pekerjaan dan kehidupan pribadi (work-life balance). Namun, respons perusahaan dinilai belum sejalan dengan harapan tersebut. Hanya 38% perusahaan yang mengaku sedang meninjau ulang paket gaji dan insentif. Mayoritas perusahaan justru lebih fokus pada jalur promosi yang lebih jelas (69%) dan program pengembangan kepemimpinan (62%). Associate Director Robert Walters Indonesia, Michelle Tanjung menilai, banyak profesional muda Indonesia bersikap pragmatis karena harus menyeimbangkan tuntutan karier dengan kebutuhan finansial keluarga. ""Mereka melihat atasan mereka saat ini bertindak sebagai 'pejuang korporat' yang memikul beban berlebih, harus memenuhi tuntutan pimpinan senior sekaligus melindungi tim junior tanpa kompensasi yang layak,"" kata Michelle. Kondisi ini juga berpotensi menjadi ancaman bagi keberlangsungan bisnis. Sebanyak 64% perusahaan menyebut keberadaan pipeline manajer tingkat menengah yang kuat penting untuk mempersiapkan calon pemimpin senior di masa depan. Namun, 36% perusahaan mengaku belum mengambil langkah apa pun untuk mengatasi kesenjangan tersebut. Robert Walters menilai perusahaan perlu mulai memperbaiki struktur kompensasi, memberikan kewenangan yang lebih jelas kepada manajer, serta meningkatkan apresiasi terhadap posisi manajemen agar lebih menarik bagi generasi muda."
Analis Ungkap Dampak Review MSCI Terbaru bagi IHSG,https://www.cnbcindonesia.com/market/20260619135601-17-744072/analis-ungkap-dampak-review-msci-terbaru-bagi-ihsg,CNBC Indonesia,ekonomi,2026-06-19,"Jakarta, CNBC Indonesia — MSCI merilis Global Market Accessibility Review 2026 pada Jumat (19/6/2026). Sejumlah analis menilai laporan tersebut menjadi peringatan atas isu transparansi dan tata kelola pasar modal domestik, meski status Indonesia sebagai Emerging Market dinilai masih aman.
Dalam laporan siklus tahun ini, MSCI mencatat lebih banyak peningkatan dibandingkan penurunan peringkat di kelompok negara Emerging Markets. Namun, Indonesia menjadi salah satu dari dua negara berkembang yang mengalami penurunan penilaian akibat kekhawatiran terhadap struktur kepemilikan saham yang kurang transparan dan indikasi aktivitas perdagangan terkoordinasi yang dinilai mengganggu proses pembentukan harga.
Head of Research Kiwoom Sekuritas Liza Camelia Suryanata yang menyebut laporan MSCI membawa kabar baik sekaligus buruk bagi Indonesia. Di satu sisi, penurunan penilaian Information Flow mengonfirmasi sejumlah kekhawatiran investor asing terkait transparansi kepemilikan saham, kualitas free float, ketersediaan informasi perusahaan dalam bahasa Inggris, serta dugaan perdagangan terkoordinasi.
Menurut Liza, sorotan MSCI kini tidak hanya tertuju pada standar keterbukaan informasi, tetapi juga pada integritas proses price discovery di pasar saham Indonesia. Hal ini menunjukkan meningkatnya perhatian investor global terhadap kualitas tata kelola pasar, transparansi, dan kredibilitas pembentukan harga saham.
Meski penilaian pada aspek Information Flow diturunkan, Indonesia masih memperoleh penilaian yang kuat pada berbagai indikator aksesibilitas pasar lainnya. Aspek keterbukaan terhadap kepemilikan asing, arus modal, registrasi investor, regulasi pasar, infrastruktur perdagangan, hingga ketersediaan instrumen investasi dinilai tetap berada pada level yang baik.
""Risiko Indonesia turun kelas menjadi Frontier Market masih relatif rendah karena klasifikasi MSCI ditentukan oleh tiga pilar utama, yakni tingkat perkembangan ekonomi, ukuran dan likuiditas pasar, serta aksesibilitas pasar,"" kata Liza, Jumat (19/6/2026).
Menurutnya, dampak yang lebih realistis dari laporan MSCI adalah meningkatnya risk premium yang disematkan investor global terhadap Indonesia. Temuan MSCI berpotensi memperkuat pandangan bahwa valuasi saham Indonesia memang menarik, tetapi masih dibayangi persoalan transparansi dan kualitas pembentukan harga.
Narasi tersebut dinilai sejalan dengan kondisi pasar beberapa bulan terakhir yang ditandai oleh aksi jual bersih investor asing yang besar, kekhawatiran terhadap transparansi free float, serta munculnya pertanyaan mengenai struktur pemegang saham pengendali pada sejumlah emiten. Selain itu, pergerakan harga beberapa saham juga dinilai semakin jauh dari fundamental perusahaan.
Terpisah Analis Riset Samuel Sekuritas Prasetya Gunadi Ahnaf Yassar menjelaskan MSCI menurunkan penilaian pada kriteria Information Flow Indonesia dari ""+"" menjadi ""-"". Penurunan tersebut mencerminkan kekhawatiran terhadap transparansi free float, kualitas pembentukan harga saham, dan tingkat investabilitas pasar.
Meski demikian, Prasetya menilai sejumlah kebijakan yang telah diterapkan regulator, seperti kewajiban pengungkapan pemegang saham di atas 1%, kerangka High Shareholding Concentration (HSC), serta peta jalan peningkatan free floatminimum menjadi 15%, masih cukup untuk mempertahankan klasifikasi Indonesia sebagai Emerging Market.
""Akses pasar, bersamaan dengan pertumbuhan ekonomi, market size, dan likuditas menjadi kunci utama apakah Indonesia berada di klasifikasi Developed, Emerging, Frontier, atau Standalone Markets oleh MSCI,"" jelas Prasetya dalam keterangan tertulisnya.
Sementara itu, BRI Danareksa Sekuritas menyatakan penurunan penilaian MSCI pada aspek Information Flow menunjukkan bahwa transparansi kepemilikan saham masih menjadi perhatian utama investor global. Indikasi perdagangan terkoordinasi juga dinilai dapat mengurangi kualitas price discovery dan efisiensi pasar.
""Status Indonesia tetap Emerging Market, namun isu tata kelola dan transparansi masih menjadi sorotan investor global,"" kata dia."
Video: Trump: Damai Dengan Iran Cegah Dunia Dari Depresi Ekonomi,https://www.cnbcindonesia.com/news/20260619121322-8-744038/video-trump-damai-dengan-iran-cegah-dunia-dari-depresi-ekonomi,CNBC Indonesia,berita,2026-06-19,"Jakarta, CNBC Indonesia- Presiden AS Donald Trump mengeklaim memiliki kekuasaan tak terbatas dan bersikeras, bahwa kesepakatan yang dicapai dengan Iran, sama dengan penyerahan tanpa syarat oleh Teheran. Dalam sebuah wawancara dengan Axios pada Kamis (18/06) malam, Trump mengatakan, ia menegosiasikan perjanjian penghentian perang dengan Iran untuk mencegah konflik memicu depresi ekonomi global.
Selengkapnya dalam program Power Lunch CNBC Indonesia (Jumat, 19/06/2026) berikut ini."
"Pengangguran Rekor di Negara Paling Bahagia Dunia, Ini Biang Keroknya",https://www.cnbcindonesia.com/news/20260619125407-4-744049/pengangguran-rekor-di-negara-paling-bahagia-dunia-ini-biang-keroknya,CNBC Indonesia,berita,2026-06-19,"Jakarta, CNBC Indonesia - Tingkat pengangguran di negara paling bahagia dunia, Finlandia, kini rekor. Bahkan merujuk data baru OECD, Helsinki mencatat kenaikan pengangguran hingga 10,7% per April 2026.
Fakta tersebut menempatkan Finlandia sebagai salah satu negara dengan tingkat pengangguran tertinggi di antara negara maju anggota OECD, bersama Spanyol, dengan tingkat pengangguran dua digit. Hal itu jauh di atas rata-rata stabil OECD 5%.
Menurut kelompok itu, kondisi tersebut menunjukkan bahwa pasar tenaga kerja Finlandia belum sepenuhnya pulih. Meski beberapa negara Eropa lainnya mulai menunjukkan stabilisasi.
""Pelemahan ekonomi Finlandia turut menekan penciptaan lapangan kerja,"" kata OECD dalam laporannya dikutip Jumat (19/6/2026).
""Pertumbuhan ekonomi yang lemah, tekanan biaya energi, serta melemahnya konsumsi rumah tangga membuat pasar tenaga kerja sulit membaik,"" tambahnya.
Dalam proyeksi ekonomi terbaru, Finlandia diperkirakan hanya tumbuh sekitar 0,8% pada 2026. Sementara tingkat pengangguran diperkirakan masih akan bertahan di atas 10% dalam jangka pendek.
Sementara itu, buruknya angka pengangguran Finlandia sudah terlihat sejak Januari. Eurostat menyebut, situasi suran ini menandai tingkat pengangguran tertinggi Finlandia sejak pasca krisis keuangan global pada tahun 2009, dan mencerminkan kondisi ekonomi Finlandia yang buruk dibandingkan dengan negara-negara anggota Uni Eropa lainnya.
""Sebagai perbandingan, tingkat pengangguran di Belanda pada bulan November hanya 4%, sedangkan rata-rata Uni Eropa adalah 6%,"" muat yle Januari.
""Tren jangka panjang juga menunjukkan bahwa negara-negara di bagian selatan Eropa yang secara tradisional memiliki tingkat pengangguran yang tinggi-seperti Spanyol dan Yunani-telah secara signifikan memperbaiki situasi mereka selama dekade terakhir,"" tambahnya.
""Pada saat yang sama, tren Finlandia-dan juga Swedia-telah bergerak ke arah yang berlawanan,"" katanya."
"Video: OCTOBIZ, Platform Terintegrasi Permudah Transaksi CIMB Niaga",https://www.cnbcindonesia.com/mymoney/20260619113938-74-744034/video-octobiz-platform-terintegrasi-permudah-transaksi-cimb-niaga,CNBC Indonesia,mymoney,2026-06-19,"Jakarta, CNBC Indonesia- Guna m emenuhi kebutuhan layanan teknologi digitalisasi, CIMB Niaga menghadirkan platform OCTOBIZ (Mobile dan Web/Clicks) yang memberikan kemudahan transaksi perbankan dengan layanan lengkap dari pembukaan rekening, transaksi QR, hingga investasi dalam satu aplikasi.
Selain itu CIMB Niaga juga menghadirkan OCTOBIZ yang ditujukan untuk memenuhi kebutuhan bisnis yang terintegrasi bagi para nasabah. Head of Transaction Banking CIMB Niaga, Joni Hermanto mengatakan platform digital yang terintegrasi OCTOBIZ sangat penting untuk membantu pengelolaan rantai pasok pembiayaan bagi dunia usaha.
Melalui fasilitas Financial Supply Chain di OCTOBIZ nasabah pemasok ataupun distributor dapat dengan mudah mengakses pembiayaan sehingga proses transaksi bisnis menjadi lebih mudah, transparan dan aman.
OCTOBIZ dilengkapi dengan fitur keamanan data/ cyber security tingkat tinggi untuk mengantisipasi dan menghadapi ancaman serangan siber. Di sisi lain, CIMB Niaga terus mendorong edukasi nasabah guna menghindari kelalaian dalam menjaga keamanan data pribadi.
Seperti apa kemudahan yang ditawarkan OCTOBIZ? dan bagaimana juga sistem keamanan data? Selengkapnya simak dialog dengan Head of Transaction Banking CIMB Niaga, Joni Hermanto dalam Power Lunch, CNBC Indonesia (Jum'at, 19/06/2026)"
Kasus Ijazah Jokowi: Dokter Tifa dan Roy Suryo Ditangkap Polisi,https://www.cnbcindonesia.com/news/20260619140007-4-744074/kasus-ijazah-jokowi-dokter-tifa-dan-roy-suryo-ditangkap-polisi,CNBC Indonesia,berita,2026-06-19,"Jakarta, CNBC Indonesia - Tersangka kasus tudingan ijazah palsu Presiden RI ke-7 Joko Widodo, Tifauziah Tyassuma alias Dokter Tifa dan Roy Suryo dikabarkan ditangkap polisi pada Jumat (19/6/2026) pagi.
Kabar ini dibenarkan oleh salah satu tim pengacara Roy Suryo, Petrus Selestinus, kepada CNNIndonesia.com. ""Hari ini, Jum'at 19 Juni 2026, pada sekira pukul 07.00, klien kami Roy Suryo Notodiprojo dikabarkan oleh istrinya telah ditangkap oleh penyidik Polda Metro Jaya. Pada saat yang bersamaan, kami juga mendapat info Tifauzia Tyassuma juga turut ditangkap,"" kata Petrus. Dr Tifa ditangkap oleh aparat kepolisian di apartemennya pada Jumat pagi (19/6) sekitar pukul 06.47 WIB. Petrus mengaku menyayangkan tindakan penyidik Polda Metro Jaya yang melakukan upaya paksa melalui penangkapan terhadap kliennya. ""Padahal klien kami selama ini kooperatif memenuhi panggilan penyidik bahkan selalu melaksanakan Wajib Lapor (WL),"" ujar dia. ""Kedua, jika tindakan dimaksud adalah dalam rangka tahap dua atau sebagaimana dikabarkan berkas sudah lengkap, maka tindakan tersebut bisa dilakukan dengan melayangkan Surat Panggilan. Bukan dengan upaya paksa (represif) melalui proses penangkapan,"" imbuhnya. Sementara itu tim hukum dr Tifa Azis Yanuar berkata kliennya dijemput polisi di apartemennya sekitar pukul 06.47 WIB. ""Ya benar, ditangkap,"" kata Azis kepada CNNIndonesia.com. Baik Roy Suryo maupun dr Tifa telah berstatus tersangka kasus tudingan ijazah palsu Jokowi sejak November 2025 lalu. Artikel selengkapnya >>> Klik di sini"
"Bank-Bank Siaga Penuh Hadapi Petaka, ATM dan M-Banking Bisa Tutup",https://www.cnbcindonesia.com/tech/20260619110704-37-743995/bank-bank-siaga-penuh-hadapi-petaka-atm-dan-m-banking-bisa-tutup,CNBC Indonesia,sains,2026-06-19,"Jakarta, CNBC Indonesia - Negara-negara di dunia mulai bersiap menghadapi 'petaka' baru gara-gara perkembangan teknologi kecerdasan buatan (AI) yang kian canggih, seperti model Mythos dari Anthropic. Setelah Hong Kong, kini Jepang juga mengeluarkan peringatan khusus yang menyasar industri perbankan.
Ketua lobi perbankan Jepang mengatakan bahwa lembaga pemberi pinjaman di Jepang mungkin terpaksa memberhentikan sementara layanan seperti ATM dan mobile banking, jika model AI canggih akhirnya menimbulkan ancaman serius bagi sistem perbankan.
Sistem AI mutakhir, seperti Mythos dari Anthropic, dapat dengan cepat mengidentifikasi kerentanan dalam sistem software. Hal ini memicu kekhawatiran besar tentang potensi terjadinya serangkaian serangan siber.
""Ada kekhawatiran tentang peningkatan serangan siber canggih yang melampaui apa yang telah diantisipasi,"" kata Masahiko Kato, ketua Asosiasi Perbankan Jepang dan presiden Mizuho Bank, dalam sebuah konferensi pers, dikutip dari Reuters, Jumat (19/6/2026).
""Layanan tertentu seperti ATM dapat ditangguhkan secara proaktif untuk melindungi aset pelanggan,"" katanya.
Anthropic memperingatkan dalam peluncuran Mythos pada April lalu, bahwa produk tersebut telah mengungkap ribuan kerentanan software, termasuk kelemahan di setiap sistem operasi dan peramban utama. Antrhopic juga mengatakan dampak dari penyebarannya bisa sangat parah.
Bank telah memperketat pemeriksaan pada tool AI semacam itu dan pemerintah AS pekan lalu memerintahkan Anthropic untuk menangguhkan akses ke model AI mutakhirnya untuk warga negara asing dengan alasan keamanan nasional."
"BI Rate Naik Agresif, Bom Waktu Properti RI Mulai Berdetak",https://www.cnbcindonesia.com/research/20260619115000-128-744048/bi-rate-naik-agresif-bom-waktu-properti-ri-mulai-berdetak,CNBC Indonesia,sains,2026-06-19,"Jakarta, CNBC Indonesia - Di tengah era suku bunga tinggi saat ini, salah satu sektor yang paling terdampak adalah properti.
Bank Indonesia sudah mengerek suku bunga secara agresif. Sejak tanggal 18 Mei 2026 hingga saat ini telah meningkatkan suku bunga acuan sebesar 100 bps dari level 4,75% ke level 5.75%.
Secara historis siklus pengetatan kebijakan moneter yang agresif dari Bank Indonesia pada periode 2022 hingga 2023 memperlihatkan efek tekan yang signifikan terhadap dinamika penyaluran kredit properti.
Ketika suku bunga acuan ditahan pada level 6% pada akhir tahun 2023, laju pertumbuhan kredit KPR dan KPA masih mampu mencatatkan angka ekspansi sebesar 12,1% (yoy) dengan total nilai mencapai Rp692,2 triliun.
Kinerja ini pada akhirnya menopang total kredit properti secara keseluruhan yang masih tumbuh positif sebesar 7,6% (yoy) menjadi Rp1.303,7 triliun pada periode Desember 2023. Namun, akumulasi beban suku bunga tinggi tersebut pada akhirnya mulai menggerus daya beli riil masyarakat pada periode berikutnya.
Memasuki akhir tahun 2024, transmisi beban suku bunga kredit mengambang mulai menekan ketahanan finansial konsumen perbankan. Pertumbuhan total penyaluran kredit properti secara agregat mengalami deselerasi menjadi 6,5% (yoy) dengan nilai Rp1.412,3 triliun pada Desember 2024.
Perlambatan ini sejalan dengan tren penurunan pada pertumbuhan kredit ritel KPR dan KPA yang merosot menjadi 10,0% (yoy). Pada saat yang sama, aktivitas kredit konstruksi nyaris stagnan dengan mencatatkan angka pertumbuhan hanya sebesar 0,01% (yoy) senilai Rp393,1 triliun.
Situasi ini mengkonfirmasi kehati-hatian pihak pengembang dalam berekspansi di tengah tertahannya serapan pasar akibat suku bunga acuan yang masih berada di level restriktif.
Perubahan dinamika struktural yang drastis tercatat pada tahun 2025 seiring berjalannya pelonggaran kebijakan moneter yang menekan suku bunga acuan ke level 4,75% pada akhir tahun tersebut.
Merespons biaya dana yang lebih rendah, laju pertumbuhan total penyaluran kredit properti melonjak menjadi 13,0% (yoy) dengan nilai mencapai Rp1.597,7 triliun pada Desember 2025.
Angka pertumbuhan agregat ini mengindikasikan pergerakan yang anomali. Ekspansi kredit tersebut tidak bersumber dari pemulihan daya beli ritel, melainkan ditopang oleh lonjakan drastis pada kredit konstruksi yang melesat 28,2% (yoy) menjadi Rp504,0 triliun.
Di sisi lain, pertumbuhan kredit KPR dan KPA justru semakin melambat secara berkelanjutan ke level 6,8% (yoy) pada periode yang sama.
Kesenjangan antara sisi penawaran dan permintaan ini mencapai puncaknya menjelang pertengahan tahun 2026. Berdasarkan data perbankan per April 2026, total kredit properti tercatat tumbuh secara impresif sebesar 17,5% (yoy) senilai Rp1.684,9 triliun.
Angka ini kembali didominasi secara absolut oleh ledakan utang pada segmen kredit konstruksi yang meroket hingga 46,0% (yoy) senilai Rp569,4 triliun. Sebaliknya, daya serap pasar ritel semakin melemah dengan pertumbuhan penyaluran KPR dan KPA yang tersisa hanya 4,8% (yoy) dengan nilai Rp845,1 triliun.
Dengan kembali dinaikkannya BI Rate sebesar 100 bps dalam kurun waktu satu bulan ke level 5,75% per Juni 2026, emiten properti dihadapkan pada paparan risiko yang sangat tinggi.
Ekspansi utang konstruksi berskala masif yang ditarik sebelumnya akan langsung dibebankan dengan biaya bunga yang jauh lebih mahal akibat penyesuaian suku bunga perbankan.
Secara paralel, masyarakat yang sudah menunjukkan tren pelemahan penyerapan KPR sejak 2024 akan semakin kehilangan kapasitas pembiayaan akibat naiknya kembali batas suku bunga hipotek.
Kondisi penawaran unit hunian yang berpotensi masif di tengah penyerapan pasar yang semakin melemah ini memicu risiko kelebihan pasokan serta tekanan likuiditas pada neraca keuangan sektor perumahan nasional secara keseluruhan.
Penurunan dari laba juga diperkirakan akan mulia dirasakan oleh data statistik perbankan setelah kurang lebih 1 tahun pasca kenaikan suku bunga tersebut. Mengingat kenaikan suku bunga yang sangat cepat ini, bunga kredit properti dan semacamnya diperkirakan akan naik lebih cepat dari waktu-waktu sebelumnya.
Kenaikan suku bunga ini menjadikan salah satu katalis penting bagi industri properti dimana hampir dari setengah emiten properti di Indonesia masih mengalami kinerja dalam tren penurunan pada laporan tahun buku 2024 dibandingkan dengan 2025 walaupun sudah berada pada era suku bunga yang lebih longgar.
-
Sanggahan: Artikel ini adalah produk jurnalistik berupa pandangan CNBC Indonesia Research. Analisis ini tidak bertujuan mengajak pembaca untuk membeli, menahan, atau menjual produk atau sektor investasi terkait. Keputusan sepenuhnya ada pada diri pembaca, sehingga kami tidak bertanggung jawab terhadap segala kerugian maupun keuntungan yang timbul dari keputusan tersebut.
CNBC INDONESIA RESEARCH
[email protected]"
"Wajib Bayar Rp 15 Juta Jelang Pensiun, Notaris Gugat UU PNBP ke MK",https://www.cnbcindonesia.com/news/20260619124521-4-744045/wajib-bayar-rp-15-juta-jelang-pensiun-notaris-gugat-uu-pnbp-ke-mk,CNBC Indonesia,berita,2026-06-19,"Jakarta, CNBC Indonesia - Seorang notaris bernama Anisitus Amanat alias Anisitus Amanat Gaham mengajukan gugatan terkait Undang-Undang Nomor 9 Tahun 2018 tentang Penerimaan Negara Bukan Pajak (UU PNBP) ke Mahkamah Konstitusi (MK).
Dalam perkara Nomor 203/PUU-XXIV/2026, gugatan itu ia layangkan karena mengalami kerugian konstitusional akibat kewajiban membayar PNBP sebesar Rp7,5 juta untuk setiap perpanjangan masa jabatan notaris dua tahun sebelum pensiun, yakni dari usia 67 tahun ke 68 tahun dan dari usia 68 tahun ke 69 tahun, sehingga totalnya Rp 15 juta.
""Menurut Pemohon, besaran tarif tersebut tidak proporsional dengan masa perpanjangan jabatan yang hanya berlaku satu tahun dan menimbulkan perlakuan yang tidak adil serta diskriminatif,"" sebagaimana tertera dalam siaran pers MK, dikutip Jumat (19/6/2026).
Saat Sidang Pemeriksaan Pendahuluan Permohonan 203/PUU-XXIV/2026, Anisitus juga mengatakan norma Pasal 4 ayat (3) UU Nomor 9/2018 bertentangan dengan Undang-Undang Dasar Negara Republik Indonesia Tahun 1945, karena pungutan yang bersifat memaksa untuk keperluan negara serta hal-hal mengenai keuangan negara harus diatur dengan undang-undang, bukan melalui Peraturan Pemerintah (PP) ataupun Peraturan Menteri.
""Karenanya tidak memiliki kekuatan hukum mengikat secara bersyarat (conditionally unconstitutional) sepanjang tidak dimaknai jenis PNBP sebagaimana dimaksud pada ayat (2) diatur dengan UU',"" ujar Anisitus saat membacakan petitum permohonannya, dikutip dari website MK.
Anisitus selaku pemohon turut mendalilkan pelanggaran terhadap hak atas kepastian hukum yang adil dan perlakuan yang sama di hadapan hukum sebagaimana dijamin Pasal 28D ayat (1) UUD NRI Tahun 1945, serta hak untuk bebas dari perlakuan diskriminatif sebagaimana diatur dalam Pasal 28I ayat (2) UUD 1945.
Dalil ini ia sampaikan dengan membandingkan besaran PNBP yang dikenakan kepada notaris dengan tarif PNBP pada layanan lain, seperti pendaftaran jaminan fidusia, yang menurutnya lebih rendah meskipun terkait nilai transaksi yang jauh lebih besar.
Dalam permohonannya, Pemohon juga mengingatkan bahwa setelah adanya Putusan MK Nomor 84/PUU-XXII/2024, masa jabatan notaris dapat diperpanjang setiap tahun hingga usia 70 tahun. Namun, perpanjangan tersebut justru dibebani kewajiban pembayaran PNBP pada setiap tahap perpanjangan.
Oleh karenanya, dalam petitumnya, pemohon meminta Mahkamah menyatakan frasa yang memberikan kewenangan pengaturan jenis dan tarif PNBP melalui Peraturan Pemerintah dan/atau Peraturan Menteri dalam Pasal 4 ayat (3) dan Pasal 8 ayat (3) UU PNBP bertentangan dengan UUD NRI Tahun 1945 dan tidak mempunyai kekuatan hukum mengikat.
Pemohon juga meminta Mahkamah menegaskan bahwa jenis dan besaran tarif PNBP bagi profesi notaris diatur dengan undang-undang.
Terhadap permohonan itu, Hakim Konstitusi M. Guntur Hamzah memberikan nasihat agar Pemohon berhati-hati dalam permohonan ini karena dalam petitum Pemohon meminta pemaknaan, sementara dalam pasal yang diuji sudah disebut PNBP diatur dengan undang-undang.
""Kalau mau lebih strict lagi supaya jelas karena di normanya sudah undang-undang, kenapa tidak Pak Anis cukup menyatakan mencoret saja, misalnya dengan mengatakan bahwa tidak memiliki kekuatan hukum mengikat ya bla...bla...bla...sepanjang tidak dimaknai frasa peraturan pemerintah dan/atau peraturan menteri, jadi Pak Anis cukup mencoret peraturan pemerintah dan/atau peraturan menteri, kan begitu, dari pada Pak Anis bikin pemaknaan,"" kata Guntur.
""Dengan pencoretan itu sehingga sesuai dengan keinginan Pemohon agar PNBP diatur dengan undang-undang. Itu salah satu opsi ya,"" kata Guntur kepada Pemohon. Guntur menilai Pemohon belum menguraikan apa yang dipersoalkan dalam permohonan merupakan persoalan konstitusionalitas norma dan bukan persoalan implementasi.
Selanjutnya, Hakim Konstitusi Daniel Yusmic P. Foekh dalam nasihatnya meminta kepada Pemohon untuk memasukan bukti perpanjangan jabatan notaris dalam permohonan ini. ""Yang penting itu perpanjangan kedua ya, itu yang perlu dicantumkan itu yang masih berlaku untuk menunjukan Pak Anis benar masih notaris,"" kata Daniel.
Lebih lanjut Daniel mengingatkan Pemohon bahwa MK tidak berwenangan mengadili regulasi teknis, oleh karena itu Daniel meminta Pemohon untuk fokus dalam pengujian undang-undang.
Daniel juga mengingatkan Pemohon untuk memikirkan dampak petitum permohonan jika PP dan Permen dihilangkan dari norma yang diuji. ""Apa dampak kalau dihilangkan PP dan Permen, bukankan nanti terjadi kevakuman PP yang sudah ada atau Permen yang sudah ada,"" kata Daniel.
Terakhir, Ketua MK Suhartoyo yang memimpin panel Hakim Konstitusi memberikan nasihat apakah yang dipersoalkan mengenai besaran tarif PNBP merupakan ranah kewenangan MK. ""Karena itu kan pada tataran implementasi atau tataran empiriknya yang kemudian Bapak merasa keberatan terlalu besar itu kan, pengenaan PNBP nya Bapak tidak merasa keberatan tapi keberatannya pada angka-angka yang menurut Bapak terlalu besar yang kemudian merasa terbebani secara finansial,"" ujar Suhartoyo.
Sebelum menutup persidangan Suhartoyo menginformasikan Pemohon dapat melakukan perbaikan dan menyerahkannya kepada Mahkamah paling lambat pada Rabu (1/7/2026) pukul 12.00 WIB. Permohonan hanya dapat diajukan satu kali baik secara online mau pun offline."
"Jenderal Dudung Blusukan ke Proyek MRT, Masuk Perut Bumi Jakarta",https://www.cnbcindonesia.com/news/20260619113811-7-744022/jenderal-dudung-blusukan-ke-proyek-mrt-masuk-perut-bumi-jakarta,CNBC Indonesia,berita,2026-06-19,"Jenderal TNI (Purn) Dudung Abdurachman blusukan ke proyek MRT Jakarta, sampai turun ke perut bumi Jakarta.
Kepala Kantor Staf Presiden Jenderal TNI (Purn) Dudung Abdurachman mengunjungi kawasan Blok M dan area konstruksi Stasiun Monas, Jakarta Pusat, Kamis (18/6/2026). (Dok. MRT)
Dalam kunjungan kerjanya, ia menyampaikan apresiasi atas perkembangan keseluruhan pembangunan fase 2A yang hingga 25 Mei 2026 mencapai sekitar 60 persen. (Dok. MRT)
Dudung Abdurachman didampingi oleh Direktur Utama PT MRT Jakarta (Perseroda) Tuhiyat, Direktur Pengembangan Bisnis PT MRT Jakarta (Perseroda) Farchad Mahfud, dan Direktur Konstruksi PT MRT Jakarta (Perseroda) Weni Maulina. (Dok. MRT)
Kunjungan kerja dimulai dari Blok M yang telah bertumbuh kembali menjadi pusat kegiatan perkotaan. Dudung Abdurachman melihat langsung sejumlah hasil revitalisasi infrastruktur pendukung pembangunan kawasan berorientasi transit seperti Taman Literasi Martha Christina Tiahahu dan Blok M Hub. (Dok. MRT)
Dudung menyebutkan bahwa kunjungan kerja ini merupakan bagian dari tugas dan tanggung jawab KSP untuk melakukan monitoring dan evaluasi proyek strategis nasional, serta bentuk dukungan terhadap percepatan pembangunan sistem perkeretaapian modern perkotaan terintegrasi di Indonesia. (Dok. MRT)"
"Tak Cuma Mobil, Motor China Ikut Incar RI-Ini Alasannya",https://www.cnbcindonesia.com/news/20260619122843-4-744042/tak-cuma-mobil-motor-china-ikut-incar-ri-ini-alasannya,CNBC Indonesia,berita,2026-06-19,"Jakarta, CNBC Indonesia - Gelombang masuknya merek otomotif asal China ke Indonesia tak hanya terjadi di segmen mobil. Kini, produsen roda dua asal Negeri Tirai Bambu juga semakin agresif menggarap pasar domestik, salah satunya melalui peluncuran motor listrik pintar Omoway Omo X yang menjadikan Indonesia sebagai negara pertama untuk debut global.
Langkah tersebut menunjukkan besarnya perhatian produsen China terhadap pasar roda dua yang selama ini menjadi salah satu yang terbesar di dunia. Perusahaan China itu bahkan memilih Indonesia sebagai pusat pengembangan awal produknya dan menggelontorkan investasi sekitar US$10 juta atau setara Rp177 miliar-Rp179 miliar untuk riset dan pengembangan kendaraan tersebut.
""Indonesia adalah pasar pertama di dunia, dan kami secara resmi mulai mengirimkan Omo X,"" kata General Manager Omoway Indonesia Yulong Chen dalam keterangannya, Jumat (19/6/26).
Perusahaan bahkan mempelajari kebutuhan pengguna sepeda motor selama dua tahun, terutama di Pulau Jawa. Hasilnya adalah skuter listrik yang dibekali sejumlah teknologi yang selama ini jarang ditemukan pada kendaraan roda dua, termasuk sistem self-balancing yang membuat motor mampu menjaga keseimbangan dan berdiri sendiri tanpa bantuan standar.
""Kami pilih Indonesia karena Indonesia adalah pasar roda dua yang paling hidup di dunia dan tempat terbaik untuk membuktikan perubahan cara mengendarai kendaraan yang sebenarnya,"" ujarnya.
Tak hanya menjual produk impor, Omoway juga mulai melakukan perakitan lokal di Indonesia. Chen mengungkapkan fasilitas perakitan berada di Balaraja, Tangerang, dan saat ini sudah siap memenuhi pengiriman kepada konsumen.
""Perakitannya di Balaraja, di Tangerang. Pabriknya sudah selesai dan produknya siap dikirim ke konsumen,"" kata Chen.
Seiring dimulainya perakitan dalam negeri, Tingkat Kandungan Dalam Negeri (TKDN) atau kandungan lokal motor listrik tersebut juga telah melampaui ambang batas yang dipersyaratkan pemerintah.
""Saat ini kandungan lokalnya sudah lebih dari 40%. Tapi yang perlu diketahui, sekitar 80-90% sparepart Omo X ini menggunakan material yang kualitasnya setara kualitas material mobil,"" tutur Chen."
Video: Intip Layanan Digital CIMB Niaga Bikin Mudah Transaksi Nasabah,https://www.cnbcindonesia.com/mymoney/20260619113938-74-744030/video-intip-layanan-digital-cimb-niaga-bikin-mudah-transaksi-nasabah,CNBC Indonesia,mymoney,2026-06-19,"Jakarta, CNBC Indonesia- Transformasi teknologi digitalisasi yang berkemban pesat disebut Head of Transaction Banking CIMB Niaga, Joni Hermanto turut mengubah perilaku transaksi nasabah perbankan
Joni Hermanto menyebutkan masa pandemi Covid-19 menjadi salah satu pendorong perubahan pola transaksi perbankan dari kantor cabang ke transaksi digital. Selain itu transaksi cross border mendorong nasabah untuk melakukan transaksi online untuk mendapatkan layanan yang lebih cepat namun tetap aman.
Begitu pula nasabah Small and Medium Enterprises (SMEs) yang lebih membutuhkan transaksi yang lebih mudah dan murah sementara nasabah korporasi lebih fokus pada platform transaksi yang dilengkapi kontrol berjenjang serta terintegrasi dengan sistem perusahaan
Seperti apa pengembangan platform digital yang dikembangkan CIMB Niaga? Selengkapnya simak dialog dengan Head of Transaction Banking CIMB Niaga, Joni Hermanto dalam Power Lunch, CNBC Indonesia (Jum'at, 19/06/2026)"
"Growth Mindset: Pengertian, Manfaat, dan Cara Melatihnya",https://www.cnbcindonesia.com/mymoney/20260619132832-72-744060/growth-mindset-pengertian-manfaat-dan-cara-melatihnya,CNBC Indonesia,mymoney,2026-06-19,"Jakarta, CNBC Indonesia - Mengapa ada orang yang mampu bangkit setelah mengalami kegagalan, sementara sebagian lainnya terus terjebak dalam masalah yang sama? Salah satu jawabannya mungkin terletak pada pola pikir atau mindset yang dimiliki.
Growth mindset atau pola pikir berkembang adalah keyakinan bahwa kemampuan dan keterampilan dapat terus ditingkatkan melalui belajar, pengalaman, dan usaha yang konsisten. Konsep ini diperkenalkan oleh Carol Dweck , psikolog perkembangan dan sosial dari Stanford University .
Dalam bukunya Mindset: The New Psychology of Success , Dweck menjelaskan bahwa orang yang percaya kemampuannya dapat berkembang cenderung lebih gigih menghadapi tantangan, terbuka terhadap pembelajaran, dan lebih mampu bangkit setelah mengalami kegagalan.
Growth mindset berbeda dengan fixed mindset atau pola pikir tetap. Orang dengan fixed mindset cenderung menganggap kemampuan sudah ditentukan sejak awal sehingga lebih mudah menyerah saat menghadapi hambatan.
Sebaliknya, orang dengan growth mindset melihat tantangan sebagai kesempatan untuk belajar dan berkembang. Mereka lebih terbuka terhadap masukan serta terus berusaha memperbaiki diri.
Growth mindset membantu seseorang melihat bahwa kondisi finansial dapat diperbaiki melalui kebiasaan dan keputusan yang lebih baik.
Alih-alih terjebak pada keterbatasan, mereka fokus mencari solusi. Kesalahan seperti boros, terlilit utang , atau salah berinvestasi dijadikan bahan evaluasi untuk mengambil keputusan yang lebih baik di masa depan.
Pola pikir ini juga mendorong seseorang untuk mulai mengatur keuangan, belajar investasi, dan meningkatkan kemampuan finansial meski dari langkah kecil.
Memiliki growth mindset tidak hanya bermanfaat dalam hal keuangan. Pola pikir ini juga dapat membantu seseorang dalam berbagai aspek kehidupan.
Beberapa manfaat growth mindset antara lain:
Lebih mudah beradaptasi terhadap perubahan.
Tidak mudah menyerah saat menghadapi tantangan.
Meningkatkan kemampuan memecahkan masalah.
Lebih terbuka terhadap kritik dan masukan.
Memiliki motivasi belajar yang lebih tinggi.
Lebih percaya diri dalam menghadapi hal-hal baru.
Membantu mencapai tujuan jangka panjang secara lebih konsisten.
Kemampuan untuk terus belajar dan beradaptasi menjadi salah satu faktor penting untuk mencapai kesuksesan.
Orang dengan growth mindset dalam mengelola keuangan umumnya:
Fokus pada perbaikan, bukan keterbatasan.
Menjadikan kesalahan finansial sebagai pelajaran.
Terbuka mempelajari investasi dan manajemen uang.
Aktif mencari peluang meningkatkan penghasilan.
Terus menambah pengetahuan dan keterampilan finansial.
Banyak orang menganggap pola pikir berkembang hanya sebatas berpikir positif atau meyakini bahwa semua hal akan berjalan baik dengan sendirinya.
Padahal, growth mindset bukan tentang mengabaikan kesulitan atau berharap hasil instan. Pola pikir ini menekankan pentingnya usaha, proses belajar, evaluasi, dan kemampuan untuk terus memperbaiki diri. Beberapa kesalahpahaman yang umum terjadi antara lain:
Growth mindset adalah pola pikir yang meyakini bahwa kemampuan dapat terus berkembang melalui proses belajar dan pengalaman. Dalam keuangan, pola pikir ini membantu seseorang lebih fokus pada solusi, terbuka terhadap pembelajaran, dan terus memperbaiki kebiasaan finansial.
Pada akhirnya, kondisi keuangan yang lebih baik tidak dibangun melalui satu keputusan besar, melainkan melalui kebiasaan kecil yang dilakukan secara konsisten dari waktu ke waktu."
Hari Terakhir! Promo Kamar Mewah Trans Luxury Hotel Surabaya Rp999.000,https://www.cnbcindonesia.com/lifestyle/20260619133522-33-744061/hari-terakhir-promo-kamar-mewah-trans-luxury-hotel-surabaya-rp999000,CNBC Indonesia,hiburan,2026-06-19,"Surabaya, CNBC Indonesia - Kesempatan menikmati pengalaman menginap mewah di hotel bintang lima dengan harga spesial segera berakhir. Hari ini menjadi hari terakhir bagi masyarakat untuk mendapatkan promo staycation di The Trans Luxury Hotel Surabaya mulai Rp 999 ribu nett per malam lengkap dengan berbagai fasilitas premium. Penawaran khusus yang berlaku hingga 19 Juni 2026 tersebut menghadirkan pengalaman liburan dalam satu lokasi. Mulai dari sarapan berpanorama Kota Surabaya, menikmati beach club rooftop berpasir putih, hingga berbagai fasilitas kebugaran dan hiburan keluarga yang terintegrasi. General Manager The Trans Luxury Hotel Surabaya, Alexander Jovanovic mengatakan, pihaknya ingin menghadirkan pengalaman menginap yang berkesan sejak tamu pertama kali datang hingga meninggalkan hotel. ""Kami ingin memastikan setiap tamu mendapatkan pengalaman menginap yang nyaman sejak pertama kali tiba. Tidak hanya dari sisi pelayanan, tetapi juga melalui fasilitas, dan berbagai benefit yang bisa langsung dinikmati selama menginap di The Trans Luxury Hotel Surabaya,"" ujar Alexander Jovanovic. Dengan tarif promo tersebut, tamu dapat menikmati kamar hotel, sarapan buffet premium untuk dua orang, akses ke infinity pool, fitness center, serta berbagai keuntungan tambahan lainnya. Setelah periode promo berakhir, harga kamar akan kembali ke tarif normal sebesar Rp 1.199.000 per malam. Salah satu fasilitas yang menjadi magnet utama hotel ini adalah 28th Sky Beach Club yang berada di lantai 28. Area tersebut menghadirkan konsep pantai buatan lengkap dengan pasir putih yang didatangkan langsung dari Australia. Selain hamparan pasir putih, tersedia pula infinity pool dengan panorama Kota Surabaya dari ketinggian. Dari area rooftop ini, pengunjung dapat menikmati pemandangan hampir 180 derajat, termasuk panorama Gunung Arjuno saat cuaca cerah. Spa and Wellness Manager The Trans Luxury Hotel Surabaya, Sri Wulandari, menyebut konsep tersebut menjadi pembeda dibandingkan hotel lain pada umumnya. ""Biasanya beach pool itu di lantai satu atau dasar dan terhubung dengan pantai. Tapi di sini kami menghadirkan artificial beach dengan view Kota Surabaya hampir 180 derajat,"" ujarnya. Nuansa pantai semakin terasa karena area tersebut dilengkapi pasir khusus impor dari Australia. Tersedia pula water slide yang dapat digunakan anak-anak maupun orang dewasa sesuai batas bobot yang ditentukan. Tak hanya saat siang hari, area rooftop juga menawarkan pemandangan berbeda ketika malam tiba. ""Kalau malam, gemerlap Kota Surabaya terlihat luar biasa dari atas. Pool bisa diakses sampai pukul 20.00 WIB,"" katanya. Selain fasilitas rooftop, The Trans Luxury Hotel Surabaya juga menghadirkan berbagai fasilitas penunjang lain seperti pusat kebugaran dengan peralatan Technogym, kids club, sauna, jacuzzi, spa, hingga layanan salon. Chief Business Officer Trans Hotel Group, Kiki Sulistianto, menjelaskan konsep tersebut sengaja dirancang agar hotel tidak hanya menjadi tempat bermalam, melainkan juga destinasi gaya hidup yang menawarkan pengalaman lengkap bagi tamu. ""The Trans Luxury Hotel Surabaya hadir bukan hanya sebagai tempat menginap, tetapi juga sebagai destinasi gaya hidup dengan fasilitas lengkap untuk bisnis, keluarga, maupun leisure. Kami ingin memberikan nilai lebih melalui berbagai benefit yang dapat langsung dirasakan oleh para tamu,"" ucap Kiki. Keunggulan lainnya adalah lokasi hotel yang terintegrasi dengan pusat perbelanjaan Trans Icon Surabaya sehingga memudahkan tamu memenuhi berbagai kebutuhan tanpa harus keluar kawasan hotel. Konsep terintegrasi tersebut turut dirasakan langsung oleh para tamu. Salah satunya Nadia Khairani yang datang bersama keluarga dari Bogor. Menurut Nadia, keberadaan pusat perbelanjaan dan fasilitas keluarga dalam satu kawasan membuat aktivitas liburan menjadi lebih praktis. ""Jadi di sini kita enggak usah ke mana-mana lagi. Anak-anak juga senang, yang kecil dapat, yang besar dapat pengalaman menginap di hotel bintang lima. Fasilitasnya lengkap, ada mall juga,"" ujarnya. Nadia mengaku tertarik menginap setelah melihat promosi hotel melalui televisi dan media sosial. Kehadiran beach pool di rooftop menjadi salah satu alasan utama keluarganya memilih staycation di sana. ""Anak-anak suka laut dan suka pasir, jadi pas tahu ada beach pool begini senang aja. Vibes-nya dapat dua-duanya, seperti di laut tapi kita di atas gedung,"" katanya. Bagi masyarakat yang ingin menikmati pengalaman menginap lengkap dengan fasilitas premium tersebut, hari ini menjadi kesempatan terakhir untuk mendapatkan tarif promo Rp 999 ribu nett per malam. Selain harga spesial, pengguna Allo PayLater serta pemegang Kartu Kredit Bank Mega dan Mega Syariah Card juga berkesempatan memperoleh berbagai keuntungan tambahan, termasuk potongan harga dining hingga 50 persen. The Trans Luxury Hotel Surabaya berlokasi di Jalan Ahmad Yani Nomor 260 Surabaya, sekitar 20 menit dari Bandara Internasional Juanda dan sekitar 25 menit dari pusat Kota Surabaya. Reservasi dapat dilakukan melalui layanan WhatsApp dan telepon di nomor +62 811 1888 8055 maupun melalui situs resmi hotel. Artikel selengkapnya >>> Klik di sini"
BI Rate Naik 'Obat Stabilitas' Rupiah & Inflasi,https://www.cnbcindonesia.com/news/20260619131955-4-744056/bi-rate-naik-obat-stabilitas-rupiah-inflasi,CNBC Indonesia,berita,2026-06-19,"Jakarta, CNBC Indonesia - Kenaikan suku bunga acuan Bank Indonesia, yakni BI Rate sebesar 25 basis poin menjadi 5,75% dianggap sejumlah ekonom sebagai langkah yang positif untuk menjaga nilai tukar rupiah terhadap dolar Amerika Serikat (AS).
Hal tersebut disampaikan oleh ekonom Bank Permata Josua Pardede kepada CNBC Indonesia pada Jumat (19/6/2026).
""Dampak kenaikan BI-Rate terhadap rupiah dalam jangka pendek cenderung positif karena membuat aset rupiah lebih menarik,"" ujar Josua Pardede.
Josua menjelaskan langkah BI memberi insentif lindung nilai bagi investor asing, membuka kembali lelang repo untuk menjaga likuiditas, serta menaikkan ruang pendanaan luar negeri bank dari 35% menjadi 40% dari modal bank mulai 1 Juli 2026.
""Hasil awalnya terlihat pada aliran modal. BI mencatat pada kuartal II 2026 hingga 15 Juni terjadi aliran modal asing masuk bersih sebesar 3,9 miliar dolar AS, berbalik dari aliran keluar 0,8 miliar dolar AS pada kuartal pertama,"" ujar Josua.
""Rupiah juga menguat menjadi Rp17.730 per dolar AS pada 17 Juni 2026, didukung kenaikan imbal hasil instrumen rupiah, intervensi BI, serta masuknya dana asing ke SRBI dan SBN,"" lanjutnya.
Nilai tukar rupiah sendiri rupiah berhasil ditutup menguat 0,17% ke level Rp17.700/US$ pada perdagangan Kamis (18/6/2026) usai pengumuman suku bunga BI.
Meskipun demikian, Josua mengkritisi kualitas aliran modal yang sebagian besar masih bertumpu pada instrumen jangka pendek seperti SRBI.
Josua mengatakan hal ini memang dapat menstabilkan rupiah, namun akan mudah keluar jika dolar AS kembali menguat, imbal hasil obligasi AS naik, dan persepsi risiko Indonesia memburuk.
Sementara bagi perekonomian Indonesia, Josua memandang kenaikan suku bunga BI sebagai obat stabilitas, khususnya terkait dengan upaya dalam menjangkar tekanan inflasi.
""Bagi ekonomi Indonesia, kenaikan BI-Rate adalah obat stabilitas, tetapi bukan obat pertumbuhan. Dampak positifnya adalah rupiah lebih stabil, inflasi impor dapat ditekan, cadangan devisa lebih terlindungi, dan minat investor terhadap aset rupiah meningkat,"" imbuhnya.
Di sisi lain, dampak negatifnya adalah biaya dana perbankan berpotensi naik, suku bunga kredit baru bisa meningkat, konsumsi barang tahan lama melemah, dan investasi swasta menjadi lebih selektif."
"Gagal Penuhi Target, Seluruh Anggota Kabinet Mengundurkan Diri",https://www.cnbcindonesia.com/news/20260619132310-4-744058/gagal-penuhi-target-seluruh-anggota-kabinet-mengundurkan-diri,CNBC Indonesia,berita,2026-06-19,"Jakarta, CNBC Indonesia - Pemerintahan Guinea Ekuatorial menghadapi guncangan politik setelah seluruh anggota kabinet mengundurkan diri secara bersamaan menyusul rendahnya capaian program pemerintah. Keputusan tersebut diambil setelah pemerintah dinilai gagal memenuhi sebagian besar target yang telah ditetapkan.
Wakil Presiden Guinea Ekuatorial, Teodoro Nguema Obiang Mangue, mengumumkan pada Selasa (16/6/2026) bahwa Perdana Menteri Manuel Osa Nsue Nsuga telah menyerahkan pengunduran diri kabinet secara kolektif kepada pemerintah.
Menurut Obiang, kabinet gagal memenuhi sebagian besar sasaran yang telah ditetapkan pemerintah. Ia mengungkapkan bahwa tingkat pencapaian hanya mencapai sekitar 10% dari target yang direncanakan.
Meski demikian, ia tidak menjelaskan secara rinci bagaimana target-target tersebut diukur atau indikator apa yang digunakan untuk menilai keberhasilan pemerintah.
""Tingkat pelaksanaan yang dicapai jelas tidak memadai dibandingkan dengan harapan dan komitmen yang telah diambil,"" kata Obiang dalam sebuah pernyataan yang diunggah melalui platform X.
Obiang bukan hanya menjabat sebagai wakil presiden, tetapi juga merupakan putra dari Presiden Teodoro Obiang Nguema Mbasogo yang telah lama memimpin negara tersebut.
Partai Demokrat Guinea Ekuatorial (PDGE), partai yang berkuasa, menyatakan bahwa Presiden Obiang tidak puas terhadap kinerja pemerintah.
Menurut partai tersebut, sejumlah persoalan menjadi alasan utama ketidakpuasan presiden, termasuk praktik korupsi, keterlambatan pelaksanaan berbagai proyek pembangunan, serta kegagalan pemerintah dalam melakukan diversifikasi ekonomi.
Pemerintah baru diperkirakan akan dibentuk dalam beberapa hari mendatang untuk menggantikan kabinet yang mengundurkan diri.
Meski seluruh kabinet telah mundur, langkah tersebut diperkirakan tidak akan mengubah peta kekuasaan di negara Afrika Tengah yang kaya minyak tersebut.
Presiden Teodoro Obiang Nguema Mbasogo masih menjadi figur dominan dalam sistem politik Guinea Ekuatorial. Ia telah memegang kekuasaan sejak 1979 dan dikenal sebagai presiden dengan masa jabatan terlama di Afrika.
Dalam sistem pemerintahan Guinea Ekuatorial, presiden memiliki kewenangan besar, termasuk menunjuk anggota kabinet dan membentuk pemerintahan.
Karena itu, pengunduran diri kabinet lebih dipandang sebagai langkah reorganisasi pemerintahan daripada perubahan politik yang dapat menggeser keseimbangan kekuasaan di negara tersebut.
Guinea Ekuatorial selama bertahun-tahun juga menjadi sorotan berbagai organisasi hak asasi manusia internasional.
Kelompok-kelompok HAM serta Departemen Luar Negeri Amerika Serikat sebelumnya menuduh otoritas negara itu melakukan berbagai pelanggaran hak asasi manusia terhadap pihak-pihak yang menyuarakan kritik terhadap pemerintah.
Menurut tuduhan tersebut, aparat negara dituduh melakukan penahanan, penyiksaan, bahkan pembunuhan terhadap individu yang berani menyampaikan kritik terhadap penguasa.
Di tengah sorotan internasional tersebut, Guinea Ekuatorial juga termasuk salah satu dari 10 negara Afrika yang menandatangani kesepakatan kontroversial dengan pemerintahan Presiden Amerika Serikat Donald Trump terkait penerimaan deportan dari negara ketiga.
Kesepakatan tersebut menuai kritik luas dari berbagai pihak dan menjadi salah satu isu yang menambah perhatian internasional terhadap kebijakan pemerintah Guinea Ekuatorial."
"Net Sell Asing Sesi 1 Rp 1,4 Triliun, TPIA hingga DEWA Dibuang",https://www.cnbcindonesia.com/market/20260619131843-17-744059/net-sell-asing-sesi-1-rp-14-triliun-tpia-hingga-dewa-dibuang,CNBC Indonesia,ekonomi,2026-06-19,"Jakarta, CNBC Indonesia — Investor asing kembali melakukan aksi jual bersih (net sell) dalam jumlah besar pada perdagangan sesi I Jumat (19/6/2026), seiring tekanan yang terjadi pada Indeks Harga Saham Gabungan (IHSG) setelah rilis laporan terbaru MSCI terkait aksesibilitas pasar modal Indonesia.
Berdasarkan data Indo Premier Sekuritas (IPOT), investor asing membukukan pembelian saham senilai Rp1,9 triliun. Namun, nilai penjualan mencapai Rp3,3 triliun sehingga terjadi net sell sebesar Rp1,4 triliun di seluruh pasar hingga penutupan sesi I.
Aksi jual asing tersebut sejalan dengan pelemahan IHSG yang ditutup turun 0,73% ke level 6.127,32 pada akhir sesi I. IHSG bahkan sempat bergerak sangat volatil setelah sebelumnya menyentuh level tertinggi 6.215,06 pada awal perdagangan.
Saham PT Chandra Asri Pacific Tbk (TPIA) menjadi sasaran utama aksi jual asing dengan nilai jual bersih mencapai Rp191 miliar. Di posisi kedua ada PT Telkom Indonesia (Persero) Tbk (TLKM) yang mencatat net sell asing Rp175,6 miliar.
Selanjutnya, PT Amman Mineral Internasional Tbk (AMMN) dilepas asing senilai Rp157,3 miliar, disusul PT Bank Rakyat Indonesia (Persero) Tbk (BBRI) Rp136,2 miliar dan PT Bank Mandiri (Persero) Tbk (BMRI) Rp93,6 miliar.
Aksi jual asing juga terlihat pada saham PT Bumi Resources Tbk (BUMI) sebesar Rp71 miliar, PT Dian Swastatika Sentosa Tbk (DSSA) Rp60,9 miliar, PT Barito Pacific Tbk (BRPT) Rp59,1 miliar, PT Aneka Tambang (Persero) Tbk (ANTM) Rp53,8 miliar, serta PT Darma Henwa Tbk (DEWA) Rp53,7 miliar.
Di tengah derasnya arus keluar dana asing, sejumlah saham masih berhasil menarik minat investor global. PT Bank Central Asia Tbk (BBCA) menjadi saham dengan net buy asing terbesar senilai Rp80,1 miliar.
Selain BBCA, investor asing juga mengoleksi saham PT Merdeka Copper Gold Tbk (MDKA) senilai Rp27 miliar, PT MNC Digital Entertainment Tbk (MSIN) Rp8,4 miliar, PT AKR Corporindo Tbk (AKRA) Rp5,5 miliar, dan PT Bank Syariah Indonesia (Persero) Tbk (BRIS) Rp3,4 miliar.
Saham konsumer juga masuk daftar incaran asing, di antaranya PT Gudang Garam Tbk (GGRM) dengan net buy Rp3,2 miliar dan PT Hanjaya Mandala Sampoerna Tbk (HMSP) sebesar Rp2,1 miliar.
Daftar 10 saham net foreign sell terbesar di sesi 1:
Daftar 10 saham net foreign buy terbesar di sesi 1:"
"Hotel Sultan Dikosongkan, Barang-barang Dikemas & Dipindah ke Cikarang",https://www.cnbcindonesia.com/news/20260619131654-4-744057/hotel-sultan-dikosongkan-barang-barang-dikemas-dipindah-ke-cikarang,CNBC Indonesia,berita,2026-06-19,"Jakarta, CNBC Indonesia - Kuasa hukum Menteri Sekretaris Negara dan Pusat Pengelolaan Kawasan GBK (PPKGBK), Kharis Sucipto memastikan proses eksekusi bangunan eks Hotel Sultan telah dilaksanakan oleh Pengadilan Negeri Jakarta Pusat kemarin, Kamis (18/6/2026). Untuk itu, barang-barang bergerak yang ada di seluruh bangunan eks Hotel Sultan sudah diserahkan dan akan disimpan oleh pemohon eksekusi, yakni Kementerian Sekretaris Negara dan PPKGBK.
""Jadi hari ini akan dimulai proses penyimpanan barang-barang bergerak di tempat yang sudah ditentukan oleh pengadilan dengan melakukan proses labeling dulu dari para mover yang telah ditunjuk untuk melakukan itu dan hari ini baru dilaksanakan proses pendataan atau labeling dan packaging dari para mover,"" ungkap Kharis kepada Wartawan di Blok 15 Kompleks GBK, Jumat (19/6/2026).
Dirinya bilang, barang-barang yang berada di Hotel Sultan akan mulai diangkut pada Sabtu (20/6/2026) besok. Hingga saat ini, petugas pemindahan barang sedang melakukan pelabelan (labeling) dan pendataan di dalam masing-masing gedung, sehingga skrining masih di dalam eks bangunan Hotel Sultan masih tetap dilakukan. Dengan kata lain, proses pemindahan barang-barang bergerak tersebut belum dilakukan hari ini (19/6/2026).
Rencananya, jika barang-barang ini sudah dalam kondisi siap, maka akan segera dikirim ke gudang di kawasan Kabupaten Bekasi, tepatnya Cikarang. Targetnya, pemindahan barang tersebut akan selesai dalam waktu satu bulan ke depan.
""Gudangnya ada di Cikarang, dua gudang dalam satu kabupaten yang sama di Bekasi,"" jelasnya.
Terkait pengiriman tersebut, PPKGBK sudah berkoordinasi dengan Dirlantas Polri termasuk dengan tim mover. Pergerakan truk juga sudah ditentukan secara matang dan tentu tidak akan mengganggu arus lalu lintas di sekitar area eks kawasan Hotel Sultan. Alhasil, diharapkan seluruh bangunan di kawasan Blok 15 eks Hotel Sultan bakal kosong.
Dirinya menjabarkan, pemindahan barang akan dimulai sejak pagi di esok hari untuk keperluan packaging dan moving. PPKGBK juga akan melihat jadwal para movers terkait ketersediaannya untuk segera mengangkut dan mengirim barang-barang tersebut.
Kharis menyebutkan, terkait proses pemindahan barang bergerak yang tidak melekat dengan bangunan, maka akan dengan amar putusan pengadilan. Tim mover dipercaya sudah memiliki keahlian khusus untuk melakukan packaging dan penyimpanan barang sesuai prosedur. Mengacu pada putusan pengadilan, penyimpanan tersebut akan dilakukan dengan sebaik mungkin sesuai ketentuan, yaitu selama enam bulan.
Bersamaan dengan itu, Kepala Divisi Akuntansi PPKGBK, Afrizal Prasetyo Hananto menuturkan, sebagian besar barang yang akan diangkut atau diambil dari bangunan Hotel Sultan adalah furniture dan fixture. Nantinya, barang tersebut akan dimasukan ke gudang yang telah disiapkan.
""Intinya itu barang-barang tersebut tidak mengganggu operasional dari bangunan ini. Ketika barang-barang itu mengganggu operasional itu tidak kami ambil atau tidak dipindahkan. Contoh seperti AC atau lampu itu yang menunjang operasional itu tetap ada di bangunan ini,"" tegas Afrizal.
Dia menambahkan, Grand Piano yang ada di dalam eks bangunan Hotel Sultan juga akan dipindahkan. Untuk itu, pihak mover sudah berkoordinasi dengan vendor Grand Piano tersebut, yakni Yamaha.
Dalam hal ini, pihak mover akan minta bantuan dengan vendor tersebut untuk membongkar Grand Piano dari bangunan Hotel Sultan. Proses pemindahan barang tersebut dipastikan tetap mengutamakan keamanan."
"Peneliti Temukan Batu Sakral yang Tertulis di Alkitab, Ini Lokasinya",https://www.cnbcindonesia.com/tech/20260619105526-37-743989/peneliti-temukan-batu-sakral-yang-tertulis-di-alkitab-ini-lokasinya,CNBC Indonesia,sains,2026-06-19,"Jakarta, CNBC Indonesia - Sebuah studi menemukan bukti yang dituliskan dalam Alkitab. Bukti itu adalah sebuah batu yang ditemukan di Tel 'Eton, Yudea, Israel.
Temuan Avraham Faust dari Departemen Sejarah Umum Universitas Bar-Ilan mengungkapkan batu tegak pemujaan besar dengan tinggi 1,4 meter dan berat sekitar 750 kg. Batu itu ditemukan dalam kediaman besar yang dikenal sebagai Bangunan 101, atau kediaman Gubernur.
Kabarnya batu itu dipajang di dalam sebuah kediaman besar dan dimasukkan dalam platform batu yang dibuat khusus.
Faust memperkirakan perlakuan pada batu merujuk pada perubahan keagaman yang terjadi di Yehuda pada akhir abad kedelapan SM saat pemerintahan Raja Hizkia, dikutip dari Eureka Alert, Jumat (19/6/2026).
Eureka Alert mencatat Alkitab menggambarkan Hizkia sebagai orang yang melakukan reformasi keagamaan besar-besaran. Termasuk melakukan penghapusan tempat ibadah lokal serta sentralisasi kegiatan keagamaan di Yerusalem.
Tel 'Eton yang menjadi tempat penggalian adalah situs yang disebut menjadi pemukiman penting di Yudea selama periode Bait Suci Pertama.
Batu itu tidak memiliki tujuan arsitektur maupun praktis yang jelas. Sebab batu tegak serupa banyak ditemukan dalam konteks ritual di lokasi tersebut.
Ini membuat para peneliti percaya batu yang ditemukan memiliki fungsi sebagai objek kultus terkait keagamaan.
Namun kemudian peranannya berubah secara drastis. Penduduk setempat membaringkannya ke samping dan menggabungkannya ke dalam platform platform.
Para peneliti tidak menemukan adanya pengrusakan secara sengaja, termasuk tidak dihancurkan berkeping-keping maupun dinodai dengan cara apapun.
""Mereka bertanggung jawab pada perubahan praktik keagamaan yang menghilangkan fungsi ritual batu tersebut, dan mungkin ingin benda-benda ritual lama dinodai. Namun orang-orang yang melakukan perubahan memperlakukannya dengan orang,"" kata Faust."
Cek Fakta: Tidak Benar Video Menkeu Purbaya Resmikan Program Dana Hibah,https://www.liputan6.com/cek-fakta/read/7893604/cek-fakta-tidak-benar-video-menkeu-purbaya-resmikan-program-dana-hibah,Liputan6,cek-fakta,2026-06-19,"Cek Fakta Liputan6.com menelusuri klaim video Menkeu Purbaya meresmikan program dana hibah seperti yang beredar di Facebook.
Liputan6.com, Jakarta - Cek Fakta Liputan6.com mendapati klaim video Menteri Keuangan (Menkeu) Purbaya Yudhi Sadewa meresmikan program dana hibah. Informasi tersebut diunggah salah satu akun Facebook, pada 15 Juni 2026.
Dalam unggahan, terdapat video pernyataan singkat dari Purbaya. Berikut isinya:
"" Assalamualaikum, saya Purbaya, Menteri Keuangan Indonesia telah meresmikan program dana hibah untuk masyarakat ayo segera daftarkan data anda tulis nama dan asal dari mana di komenta r""
Advertisement
Pada video unggahan terdapat tulisan:
"" Viral Hari Ini Bantuan Dana Hibah 15 Juni 2026
Hubungi WhatsApp 085828104002 ""
Lalu benarkah klaim video Menkeu Purbaya meresmikan program dana hibah? Simak penelusuran Cek Fakta Liputan6.com.
Cek Fakta Liputan6.com menelusuri klaim video Menkeu Purbaya meresmikan program dana hibah. Penelusuran menemukan, video klaim identik dengan kegiatan Purbaya bersama jajaran Wakil Menteri Keuangan saat memaparkan Rencana Kerja dan Anggaran (RKA) Tahun 2026 dalam Rapat Kerja dengan Komisi XI DPR RI di Kompleks Parlemen, pada Rabu, 10 September 2025. Kegiatan itu merupakan rapat perdana yang hadiri Purbaya usai dilantik menjadi Menteri Keuangan.
Dikutip dari website Kemenkeu , paparan difokuskan pada arah kebijakan fiskal tahun depan serta lima program utama Kementerian Keuangan yang menjadi tulang punggung pengelolaan keuangan negara.
Lima program strategis tersebut meliputi: Program Perumusan Kebijakan Fiskal, Sektor Keuangan, dan Ekonomi; Program Pengelolaan Penerimaan Negara; Program Pengelolaan Belanja Negara; Program Pengelolaan Perbendaharaan, Kekayaan Negara, dan Risiko; serta Program Dukungan Manajemen.
Seluruh program dilaksanakan secara kolaboratif oleh unit eselon I Kemenkeu untuk memastikan tercapainya kinerja fiskal yang adaptif dan berkelanjutan.
Program pertama diarahkan untuk menghasilkan kebijakan fiskal yang proaktif sekaligus memperkuat peran Indonesia dalam tata kelola ekonomi global. Program kedua menitikberatkan pada optimalisasi pendapatan negara melalui perpajakan, kepabeanan, cukai, dan PNBP dengan dukungan transformasi digital. Sementara itu, program ketiga berfokus pada peningkatan kualitas belanja yang adil, efektif, dan produktif, termasuk sinergi belanja pusat dan daerah dalam mendukung program prioritas seperti Makan Bergizi Gratis, Sekolah Rakyat, dan Cek Kesehatan Gratis.
Selanjutnya, program keempat diarahkan untuk mewujudkan APBN yang akuntabel, inovatif, dan berkelanjutan, melalui pengelolaan kas, aset, pembiayaan, serta risiko yang lebih optimal. Adapun program kelima menekankan pada penguatan manajemen strategis, transformasi digital, serta peningkatan kualitas SDM keuangan negara, sehingga seluruh unit Kemenkeu dapat menjalankan tugas dengan efektif.
Penelusuran juga dilakukan menggunakan perangkat pendeteksi AI lewat situs Hive Moderation. Dari hasil penelusuran, video klaim Purbaya meresmikan program dana hibah menunjukkan 0,9 persen hasil buatan AI, sedangkan audio menunjukkan 99,1 persen dihasilkan oleh AI.
Sumber:
https://www.kemenkeu.go.id/informasi-publik/publikasi/berita-utama/raker-rka-kemenkeu-26
https://www.metrotvnews.com/read/NA0CEoqR-rapat-perdana-dengan-dpr-menkeu-purbaya-waktu-ketua-lps-agak-koboi-sekarang-enggak-boleh
https://hivemoderation.com/ai-generated-content-detection?gad_source=1&gad_campaignid=19609884447&gclid=Cj0KCQjw58PGBhCkARIsADbDily3VYdbxmXbDHS5ri9ub4ff2DXodhTK2ejPVsexhbFhjmpxLH7UEgcaArkWEALw_wcB
Advertisement
Hasil penelusuran Cek Fakta Liputan6.com, klaim video Menkeu Purbaya meresmikan program dana hibah, tidak benar dan buatan AI.
Melawan hoaks sama saja melawan pembodohan. Itu yang mendasari kami membuat Kanal Cek Fakta Liputan6.com pada 2018 dan hingga kini aktif memberikan literasi media pada masyarakat luas.
Sejak 2 Juli 2018, Cek Fakta Liputan6.com bergabung dalam International Fact Checking Network (IFCN) dan menjadi partner Facebook. Kami juga bagian dari inisiatif cekfakta.com. Kerja sama dengan pihak manapun, tak akan mempengaruhi independensi kami.
Jika Anda memiliki informasi seputar hoaks yang ingin kami telusuri dan verifikasi, silakan menyampaikan di email cekfakta.liputan6@kly.id.
Ingin lebih cepat mendapat jawaban? Hubungi Chatbot WhatsApp Liputan6 Cek Fakta di 0811-9787-670.
Advertisement
Advertisement
Purbaya Promosikan Panda Bond di China, Bagaimana Hasilnya?
Top 3: Purbaya Amankan Pendanaan AIIB US$ 17 Miliar
Purbaya Amankan Pendanaan AIIB US$ 17 Miliar
Advertisement
Advertisement
Copyright © 2026 Liputan6.com
KLY KapanLagi Youniverse All Right Reserved."
Cek Fakta: Tidak Benar Link Pendaftaran Magang Kemensetneg 2026,https://www.liputan6.com/cek-fakta/read/7893399/cek-fakta-tidak-benar-link-pendaftaran-magang-kemensetneg-2026,Liputan6,cek-fakta,2026-06-19,"Cek Fakta Liputan6.com menelusuri klaim link pendaftaran magang Kemensetneg 2026 yang beredar di media sosial seperti Facebook.
Liputan6.com, Jakarta - Cek Fakta Liputan6.com mendapati klaim link pendaftaran magang Kementerian Sekretariat Negara ( Kemensetneg ) 2026. Informasi tersebut diunggah salah satu akun Facebook pada 13 Juni 2026.
Berikut isi unggahannya:
"" REKRUTMEN PROGRAM MAGANG KEMENTRIAN SEKRETARIAT NEGARA TAHUN 2026
Advertisement
INFO PENDAFTARAN KLIK DAFTAR DIBAWAH👇 ""
Unggahan disertai link pendaftaran. Jika diklik akan mengarah pada halaman situs yang menampilkan formulir digital serta meminta data pribadi, seperti nama lengkap sesuai KTP dan nomor Telegram aktif.
Lalu benarkah klaim link pendaftaran magang Kemensetneg 2026? Simak penelusuran Cek Fakta Liputan6.com.
Cek Fakta Liputan6.com menelusuri klaim link pendaftaran magang Kemensetneg 2026. Penelusuran mengarah pada unggahan dari Pusat Pengembangan Kompetensi ASN Kementerian Sekretariat Negara melalui akun Instagram resminya yakni @ppkasn.kemensetneg.
Dalam unggahannya, Kementerian Sekretariat Negara membuka kesempatan magang bagi siswa SMK dan mahasiswa aktif untuk periode Juli sampai September 2026.
Syarat pendaftaran:
- Siswa SMK serta mahasiswa D-III, D-IV, dan S-1 aktif (belum lulus)
- Periode pendaftaran: 23 Mei sampai dengan 8 Juni 2026
- Minimal magang selama 2 bulan (dalam periode Juli - September 2026) atau menyesuaikan kebutuhan unit kerja.
Pendaftaran magang hanya dapat dilakukan melalui laman Olimpus dengan alamat https://olimpus.setneg.go.id
Manfaat magang:
- Mendapatkan pengalaman bekerja di Kementerian Sekretariat Negara;
- Meningkatkan keterampilan dan kompetensi melalui implementasi teori pembelajaran di dunia kerja.
Sumber:
https://www.instagram.com/p/DYq2R8HFIkF/?img_index=1&igsh=MXI5bHR2eXQ0Z21nZw%3D%3D
Advertisement
Hasil penelusuran Cek Fakta Liputan6.com, klaim link pendaftaran magang Kemensetneg 2026, tidak benar dan merupakan hoaks.
Melawan hoaks sama saja melawan pembodohan. Itu yang mendasari kami membuat Kanal Cek Fakta Liputan6.com pada 2018 dan hingga kini aktif memberikan literasi media pada masyarakat luas.
Sejak 2 Juli 2018, Cek Fakta Liputan6.com bergabung dalam International Fact Checking Network (IFCN) dan menjadi partner Facebook. Kami juga bagian dari inisiatif cekfakta.com. Kerja sama dengan pihak manapun, tak akan mempengaruhi independensi kami.
Jika Anda memiliki informasi seputar hoaks yang ingin kami telusuri dan verifikasi, silakan menyampaikan di email cekfakta.liputan6@kly.id.
Ingin lebih cepat mendapat jawaban? Hubungi Chatbot WhatsApp Liputan6 Cek Fakta di 0811-9787-670.
Advertisement
Advertisement
Advertisement
Advertisement
Copyright © 2026 Liputan6.com
KLY KapanLagi Youniverse All Right Reserved."
"Deretan Hoaks Seputar Demo, Catut Mahasiswa UI sampai Brimob",https://www.liputan6.com/cek-fakta/read/7893197/deretan-hoaks-seputar-demo-catut-mahasiswa-ui-sampai-brimob,Liputan6,cek-fakta,2026-06-19,"Terungkap rentetan hoaks yang kerap menyertai demonstrasi di Indonesia, apa saja ragamnya? Simak artikel berikut.
Liputan6.com, Jakarta - Berbagai aksi demo di Indonesia sering kali diwarnai oleh hoaks . Keberadaan informasi palsu ini harus diwaspadai, sebab dapat memprovokasi, memecah belah, atau menyesatkan masyarakat di tengah berlangsungnya unjuk rasa.
Disinformasi yang beredar memiliki beragam bentuk, sehingga dapat mengecoh pihak yang mudah mempercayainya. Publik pun diharapkan tidak mudah terpengaruh oleh pihak-pihak yang berupaya memanfaatkan momentum demonstrasi untuk memecah belah persatuan.
Cek Fakta Liputan6.com telah mengungkap beragam hoaks terkait demo, simak daftarnya.
Advertisement
Video Situasi Demo Mahasiswa UI di Jakarta 12 Juni 2026
Cek Fakta Liputan6.com mendapati klaim video situasi demo mahasiswa UI di Jakarta 12 Juni 2026, informasi tersebut diunggah salah satu akun Facebook, pada 12 Juni 2026.
Klaim video situasi demo mahasiswa UI di Jakarta 12 Juni 2026 menampilkan tayangan kerumunan orang pada ruangan terbuka, dengan latar belakangan bangunan bertingkat yang pada bagian atasnya terdapat tulisan ""ABSOLUTFIT"" dan terdapat kepulan asap hitam, dalam momen yang sama terlihat dua mobil merah sedang berjalan membelah kerumunan tersebut ke arah kepulan asap tersebut.
Video tersebut diberi keterangan sebagai berikut.
""Situasi demo di jakarta hari ini!
Mahasiswa UI yang turun ke jalan dan rela panas panas san untuk demo di gedung DPR agar tidak terjadi Indonesia gelap.
Yuk kita Dukung semampu dan sebisa Kita dengan cara apapun.
Semoga para aktivis BEM UI yang sudah berkenan mewakili suara aspirasi masyarakat selama ini,membuahkan hasil yang maksimal dan tercapai semua tuntutan nya.✊✊✊✊""
Benarkah klaim video situasi demo mahasiswa UI di Jakarta 12 Juni 2026? Simak hasil penelusuran Cek Fakta Liputan6.com dalam halaman berikut ini...... .
Tim Cek Fakta Liputan6.com menemukan postingan artikel demonstrasi mahasiswa di Jakarta menuntut Presiden Prabowo dan Wapres Gibran Rakabuming Raka dimakzulkan pada 20 April 2026. Postingan itu beredar sejak tengah pekan ini.
Salah satu akun ada yang mengunggahnya di Facebook. Akun itu mempostingnya pada 22 April 2026.
Dalam unggahannya terdapat tangkapan layar dari Merdeka.com artikel berjudul:
""Demo para Mahasiswa di Jakarta menuntut Prabowo dan Gibran segera di makzulkan dan Jokowi di nepalkan""
Akun itu menambahkan narasi:
""Kata para #TERMUL Jokowi itu mantan Presiden paling terbaik, terbaik kok sampai di DEMO begini sama mantan Rakyatnya buat di NEPALKAN""
Lalu benarkah postingan artikel demonstrasi mahasiswa di Jakarta menuntut Presiden Prabowo dan Wapres Gibran Rakabuming Raka dimakzulkan pada 20 April 2026? Simak dalam artikel berikut ini...
Advertisement
Cek Fakta Liputan6.com mendapati klaim video penampakan Mako Brimob dibakar massa setelah demo ricuh. Informasi tersebut diunggah salah satu akun Facebook, pada 4 September 2025.
Klaim video penampakan Mako Brimob dibakar massa setelah demo ricuh menampilkan halaman bangunan bertingkat dengan kondisi berbagai macam benda yang berserakan dan sejumlah orang sedang berdiri, dalam video tersebut terlihat beberapa kendaraan rusak dan sebagian hangus terbakar.
Video juga menampilkan kaca gedung yang pecah dan ada tulisan ""POLRES METRO JAKARTA TIMUR"" pada dinding.
Video tersebut diberi keterangan sebagai berikut.
""Demonstran ricuh mako brimob di bakar masapenampakan sehabis demo ricuh
🙏🙏🙏😰😰😰😰
Pejabat vs rakyat menjadi sejarah
#bupati_pati #demonstrasi #game_perang #husen #yayak_gundul #polri #TNI #gubernur_pati #prabowo #gibran""
Benarkah klaim video penampakan Mako Brimob dibakar massa setelah demo ricuh? Simak dalam artikel berikut ini...
Advertisement
Membedah Pemikiran Kritis Wakil Ketua BEM UI Fatimah Azzahra
4.263 Personel Gabungan Amankan Demo Lima Titik Jakarta Pusat
Demo di Patung Kuda Usai, Begini Kondisi Terkini Jalan Merdeka Selatan
Advertisement
Advertisement
Copyright © 2026 Liputan6.com
KLY KapanLagi Youniverse All Right Reserved."
Cek Fakta: Tidak Benar Dalam Video Ini Situasi Demo Mahasiswa UI di Jakarta 12 Juni 2026,https://www.liputan6.com/cek-fakta/read/7893116/cek-fakta-tidak-benar-dalam-video-ini-situasi-demo-mahasiswa-ui-di-jakarta-12-juni-2026,Liputan6,cek-fakta,2026-06-19,"Cek Fakta Liputan6.com menelusuri klaim video situasi demo mahasiswa UI di Jakarta 12 Juni 2026, bagaimana hasilnya? Simak artikel berikut ini.
Liputan6.com, Jakarta - Cek Fakta Liputan6.com mendapati klaim video situasi demo mahasiswa UI di Jakarta 12 Juni 2026, informasi tersebut diunggah salah satu akun Facebook, pada 12 Juni 2026.
Klaim video situasi demo mahasiswa UI di Jakarta 12 Juni 2026 menampilkan tayangan kerumunan orang pada ruangan terbuka, dengan latar belakangan bangunan bertingkat yang pada bagian atasnya terdapat tulisan ""ABSOLUTFIT"" dan terdapat kepulan asap hitam, dalam momen yang sama terlihat dua mobil merah sedang berjalan membelah kerumunan tersebut ke arah kepulan asap tersebut.
Video tersebut diberi keterangan sebagai berikut.
Advertisement
""Situasi demo di jakarta hari ini!
Mahasiswa UI yang turun ke jalan dan rela panas panas san untuk demo di gedung DPR agar tidak terjadi Indonesia gelap.
Yuk kita Dukung semampu dan sebisa Kita dengan cara apapun.
Semoga para aktivis BEM UI yang sudah berkenan mewakili suara aspirasi masyarakat selama ini,membuahkan hasil yang maksimal dan tercapai semua tuntutan nya.✊✊✊✊""
Benarkah klaim video situasi demo mahasiswa UI di Jakarta 12 Juni 2026? Simak penelusuran Cek Fakta Liputan6.com.
Cek Fakta Liputan6.com menelusuri klaim video situasi demo mahasiswa UI di Jakarta 12 Juni 2026, penelusuran dengan menangkap layar video untuk dijadikan bahan penelusuran menggunakan Google Image.
Penelusuran menggarah pada sejumlah gambar bangunan betingkat yang identik dalam klaim video, di antaranya dimuat situs ayo.co.id.
Situs ayo.co.id menyebutkan, lokasi gedung tersebut berada di Jl. Kramat Kwitang no 1.
Penelusuran dilanjutkan menggunakan Google Search dengan kata kunci 'demo mahasiswa UI di Jakarta 12 Juni 2026', penelusuran mengarah pada sejumlah situs di antaranya artikel berjudul ""Titik Demo BEM UI Hari ini, Hindari Bundaran HI dan Gedung DPR"" yang dimuat situs liputan6.com yang dimuat situs Liputan6.com, 12 Juni 2026.
Badan Eksekutif Mahasiswa Universitas Indonesua atau BEM UI dan elemen mahasiswa lainnya akan menggelar aksi demo di beberapa titik di Jakarta, Jumat (12/6/2026). Selain kawasan Monas dan Bundaran HI, massa juga dijadwalkan bergerak ke Gedung DPR/MPR.
Kasi Humas Polres Metro Jakarta Pusat Iptu Erlyn Sumantri mengatakan, rencana awal aksi hanya dipusatkan di kawasan Monas dan Bundaran HI. Namun, ada perubahan dengan tujuan lain ke gedung DPR/MPR.
Sumber:
https://ayo.co.id/v/absolutefit-padelhttps://www.liputan6.com/news/read/7889761/titik-demo-bem-ui-hari-ini-hindari-bundaran-hi-dan-gedung-dpr
Advertisement
Hasil penelusuran Cek Fakta Liputan6.com, klaim video situasi demo mahasiswa UI di Jakarta 12 Juni 2026 tidak benar.
Lokasi dalam video tersebut di wilayah Kramat Kwitang Jakarta, sedengkan demo mahasiswa UI di Jakarta 12 Juni 2026 dilaksanakan di kawasan Bunderan HI.
Melawan hoaks sama saja melawan pembodohan. Itu yang mendasari kami membuat Kanal Cek Fakta Liputan6.com pada 2018 dan hingga kini aktif memberikan literasi media pada masyarakat luas.
Sejak 2 Juli 2018, Cek Fakta Liputan6.com bergabung dalam International Fact Checking Network (IFCN ) dan menjadi partner Facebook. Kami juga bagian dari inisiatif cekfakta.com . Kerja sama dengan pihak manapun, tak akan mempengaruhi independensi kami.
Jika Anda memiliki informasi seputar hoaks yang ingin kami telusuri dan verifikasi, silahkan menyampaikan di email cekfakta.liputan6@kly.id.
Ingin lebih cepat mendapat jawaban? Hubungi Chatbot WhatsApp Liputan6 Cek Fakta di 0811-9787-670.
Advertisement
Advertisement
Kronologi Demo Mahasiswa di DPRD Batam Ricuh
Membedah Pemikiran Kritis Wakil Ketua BEM UI Fatimah Azzahra
4.263 Personel Gabungan Amankan Demo Lima Titik Jakarta Pusat
Advertisement
Advertisement
Copyright © 2026 Liputan6.com
KLY KapanLagi Youniverse All Right Reserved."
"Hotel Sultan Dikuasai Negara, Proses Angkut Barang Dimulai Besok",https://www.liputan6.com/news/read/7893545/hotel-sultan-dikuasai-negara-proses-angkut-barang-dimulai-besok,Liputan6,berita,2026-06-19,"Proses pemindahan barang pasca-eksekusi pengosongan Hotel Sultan dimulai pada Sabtu, 20 Juni 2026.
Liputan6.com, Jakarta - Proses pemindahan barang pasca-eksekusi pengosongan Hotel Sultan akan mulai dilakukan pada Sabtu, 20 Juni 2026. Saat ini, tim masih melakukan pendataan dan pengemasan seluruh barang yang berada di kawasan tersebut sebelum dipindahkan ke gudang penyimpanan.
Tim Kuasa Hukum Menteri Sekretaris Negara (Mensesneg) dan Pusat Pengelolaan Komplek Gelora Bung Karno (PPKGBK), Kharis Sucipto, mengatakan, proses pengangkutan memang belum dilakukan.
""Pengangkutan barang-barang ke gudang baru dimulai besok, Sabtu, 20 Juni 2026. Jadi memang hari ini belum ada pergerakan barang dari kawasan menuju gudang,"" kata Kharis Sucipto kepada wartawan di Hotel Sultan, Jumat (19/6/2026).
Advertisement
Menurut Kharis, proses pemindahan seluruh barang ditargetkan rampung dalam waktu satu bulan. Saat ini, tim verifikator masih melakukan pendataan, pelabelan, dan pengemasan barang di masing-masing gedung.
""Kami mohon dukungannya dan pengertiannya karena para mover sedang melakukan labeling dan pendataan di dalam masing-masing gedung sehingga skrining di dalam masih tetap dilakukan,"" ungkapnya.
Sebelumnya, proses eksekusi lahan dan bangunan Hotel Sultan yang dilaksanakan pada Kamis (18/6/2026) telah dinyatakan selesai. Meski pihak termohon tidak melakukan pengosongan secara sukarela, juru sita tetap melaksanakan eksekusi hingga tuntas.
Melalui pelaksanaan eksekusi tersebut, negara kembali menguasai dua bidang tanah beserta seluruh bangunan yang berdiri di atasnya.
""Dapat menguasai objek eksekusi berupa bidang tanah eks HGB 26/Gelora seluas 53.709 meter persegi dan bidang tanah eks HGB Nomor 27 Gelora seluas 83.666 meter persegi,"" ujar Panitera Pengadilan Negeri Jakarta Pusat di halaman Hotel Sultan, Jakarta Pusat, Kamis (18/6/2026).
Setelah eksekusi dinyatakan sah, petugas melakukan pengosongan area dengan mengeluarkan seluruh orang yang masih berada di lokasi sengketa. Langkah tersebut dilakukan untuk mengosongkan seluruh fasilitas yang berdiri di atas lahan eks HGB 26/Gelora dan eks HGB Nomor 27/Gelora.
Sejumlah bangunan yang kini berada dalam penguasaan negara antara lain Main Tower, Garden Tower, Lagoon Tower, Apartemen Tower 1, Apartemen Tower 2, Golden Ballroom, dan Kudus Hall.
Selain itu, sejumlah fasilitas komersial lainnya juga ikut menjadi objek eksekusi, seperti Nippon Resto, Homestay, Lagoon Garden, Qi Lounge, lapangan tenis, Libra Garden, Fitness Center, hingga Coffee Shop.
Barang Dipindahkan ke Gudang di CikarangUsai proses pengosongan, tim juru sita melakukan inventarisasi terhadap barang-barang milik termohon, yakni PT Indobuildco, yang masih berada di dalam bangunan. Seluruh barang tersebut nantinya akan dipindahkan ke gudang penyimpanan yang telah disiapkan.
""Selanjutnya untuk dikeluarkan oleh Pemohon Eksekusi dari dalam bangunan-bangunan tersebut, diangkut untuk dipindahkan serta disimpan pada tempat yang telah disediakan untuk itu, yaitu berupa gudang-gudang,"" jelas Panitera PN Jakarta Pusat.
Pihak pemohon eksekusi telah menyiapkan dua lokasi penyimpanan di Kabupaten Bekasi, Jawa Barat. Gudang pertama berada di Komplek Pergudangan Cikarang G-2C, Blok CF Nomor 2, Desa Pasir Ranji, Kecamatan Cikarang Pusat.
Sementara gudang kedua berlokasi di Kawasan Industri MM2100, Jalan Selayar 2, Blok I/5, Desa Cikedokan, Kecamatan Cikarang Barat.
Baca berita terkini dan terpercaya di Berita Liputan6
Advertisement
Advertisement
Advertisement
Advertisement
Copyright © 2026 Liputan6.com
KLY KapanLagi Youniverse All Right Reserved."
Adik Kim Jong Un Kecam G7 soal Denuklirisasi Korut,https://www.liputan6.com/global/read/7893494/adik-kim-jong-un-kecam-g7-soal-denuklirisasi-korut,Liputan6,internasional,2026-06-19,"Adik Kim Jong Un menyebut, denuklirisasi cuma omong kosong.
Liputan6.com, Pyongyang - Kim Yo Jong , adik perempuan pemimpin Korea Utara Kim Jong Un, menyatakan ketidakpuasan yang mendalam terhadap deklarasi bersama Kelompok Tujuh ( G7 ).
Pasalnya, kelompok beranggotakan tujuh negara itu menyerukan denuklirisasi secara total di Korea Utara, menurut media pemerintah setempat pada Kamis (18/6/2026).
Dalam sebuah pernyataan, Kim Yo Jong yang juga menjabat sebagai pejabat senior partai penguasa Korea Utara itu mengatakan denuklirisasi adalah tujuan kosong yang tidak akan pernah terwujud, dikutip dari Antara News , Jumat (19/6).
Advertisement
Dia juga menolak tuntutan negara-negara G7 dengan menyebutnya ""sama sekali ketinggalan zaman"", menurut Kantor Berita Pusat Korea (KCNA).
Kim Yo Jong menegaskan kembali sikap Korea Utara yang menanggap senjata nuklir sangat penting untuk pertahanan diri dan negaranya tidak akan pernah menerima denuklirisasi.
Pernyataan Kim Yo Jong itu muncul setelah para pemimpin G7 bertemu di Kota Evian-les-Bains, Prancis, dalam KTT yang berlangsung hingga Rabu (17/6).
Advertisement
Advertisement
Advertisement
Copyright © 2026 Liputan6.com
KLY KapanLagi Youniverse All Right Reserved."
Update Harga Emas Perhiasan Hari Ini 19 Juni 2026,https://www.liputan6.com/bisnis/read/7893497/update-harga-emas-perhiasan-hari-ini-19-juni-2026,Liputan6,ekonomi,2026-06-19,"Berikut daftar harga emas perhiasan di Raja Emas dan Laku Emas saat harga emas dunia tertekan pada Jumat, (19/6/2026).
Liputan6.com, Jakarta - Harga emas dunia turun di bawah US$ 4.200 per ons pada Jumat, (19/6/2026). Koreksi harga emas itu menghapus kenaikan dari awal pekan karena sinyal hawkish dari bank sentral Amerika Serikat (AS) atau the Federal Reserve (the Fed) mengalahkan dampak positif dari perjanjian damai Amerika Serikat-Iran. Sentimen itu juga mendorong harga minyak turun, dan meredakan kekhawatiran inflasi. Lalu bagaimana harga emas perhiasan di Raja Emas dan Laku Emas menjelang akhir pekan ini?
Mengutip tradingeconomics.com, harga emas turun 1,65% menjadi US$ 4.140,67.
Pada Rabu pekan ini, the Fed mempertahankan suku bunga seperti yang diperkirakan secara luas tetapi mengindikasikan peningkatan dukungan untuk kenaikan suku bunga pada 2026. Adapun biaya pinjaman yang lebih tinggi cenderung mengurangi daya tarik aset yang tidak menghasilkan imbal hasil seperti emas.
Advertisement
Di sisi lain, investor menyambut baik tanda-tanda membaiknya kondisi pengiriman melalui Selat Hormuz setelah kesepakatan perdamaian sementara AS-Iran mulai berlaku, mengakhiri konflik berkepanjangan yang memicu gangguan pasokan terbesar dalam sejarah.
Namun demikian, pelaku pasar tetap berhati-hati, dengan harapan dibutuhkan waktu berbulan-bulan bagi aktivitas pengiriman dan aliran energi untuk pulih ke tingkat yang terlihat sebelum konflik dimulai pada akhir Februari.
Lalu bagaimana harga emas perhiasan di Laku Emas dan Raja pada Jumat pekan ini?
Pada Jumat, 19 Juni 2026, Raja Emas Indonesia merilis daftar harga beli emas perhiasan per gram yang dapat menjadi patokan bagi konsumen yang ingin melakukan transaksi pembelian.
Harga beli untuk emas 24 karat (K24*) tercatat Rp 2.340.000, sementara emas 24 karat dengan kemurnian 99,5% dihargai Rp 2.270.000.
Advertisement
Laku Emas juga menyediakan daftar harga jual emas perhiasan per gram pada Jumat, 19 Juni 2026, yang dapat menjadi acuan penting bagi masyarakat yang berencana menjual perhiasan mereka.
Adapun harga jual emas 24 karat (99%) Rp 2.332.000 per gram.
Laku Emas juga mengingatkan harga yang tertera dapat berubah sewaktu-waktu.
Baca berita terkini dan terpercaya di Berita Liputan6
Advertisement
Advertisement
Advertisement
Copyright © 2026 Liputan6.com
KLY KapanLagi Youniverse All Right Reserved."
"Selat Hormuz Dibuka Kembali, Antrean Kapal Tetap Hitungan Bulan",https://www.liputan6.com/bisnis/read/7893524/selat-hormuz-dibuka-kembali-antrean-kapal-tetap-hitungan-bulan,Liputan6,ekonomi,2026-06-19,"Para pelaku pasar berharap pasokan minyak, LNG, dan berbagai komoditas lain segera terkirim usai terblokir masuk di Selat Hormuz.
Liputan6.com, Jakarta - Kesepakatan mengakhiri perang antara Amerika Serikat ( AS ) dan Iran mendorong pembukaan Selat Hormuz yang berbulan-bulan terblokade.  Namun pembukaan Selat Hormuz tak serta merta membuat kapal yang terperangkap segera terurai.
Para eksekutif industri dan pakar pelayaran memperingatkan perlu waktu berminggu-minggu untuk mengurai antrean kapal jalur pelayaran strategis tersebut.
Melansir laman CNBC, Jumat (19/6/2026), harga minyak sempat turun di bawah US$ 80 per barel setelah muncul kabar bahwa Amerika Serikat dan Iran mencapai kesepakatan untuk mengakhiri perang.
Advertisement
Para pelaku pasar berharap pasokan minyak, LNG, dan berbagai komoditas lain dapat kembali mengalir setelah hampir empat bulan konflik menyebabkan kemacetan lalu lintas laut akibat banyak kapal yang tidak bisa atau enggan melintasi Selat Hormuz.
Kembalinya pasokan yang cukup untuk menjaga harga minyak tetap stabil di bawah US$ 80 per barel dapat memerlukan waktu berminggu-minggu, bahkan dalam beberapa kasus hingga berbulan-bulan.
Sebab itu, operator kapal, otoritas pelabuhan, dan perusahaan energi di kawasan Teluk masih bersikap hati-hati karena sejumlah persoalan logistik dan keamanan utama belum terselesaikan.
""Skenario yang paling mungkin adalah pembukaan kembali secara bertahap, dengan mekanisme pengaturan lalu lintas kapal yang melibatkan Iran dan Oman,"" kata Wakil Presiden Editorial Lloyd's List Intelligence, Adam Sharpe.
""Namun, masih ada sejumlah pertanyaan besar yang belum terjawab, seperti apakah kapal harus memperoleh izin terlebih dahulu, apakah Iran akan mengenakan biaya layanan, apakah pengawalan angkatan laut asing diperbolehkan, serta apakah ranjau atau risiko keamanan lainnya memerlukan proses pembersihan terlebih dahulu,"" lanjut dia.
Meski telah ada kesepakatan politik untuk membuka kembali Selat Hormuz, pelaku industri menilai normalisasi lalu lintas pelayaran akan berlangsung secara bertahap dan tidak bisa dilakukan seketika.
""Asumsi yang paling realistis adalah peningkatan lalu lintas secara bertahap, bukan langsung kembali ke lebih dari 100 pelayaran per hari,"" kata Sharpe.
Sebelum perang, data Lloyd's List Intelligence menunjukkan jumlah kapal kargo yang melintasi Selat Hormuz mencapai sekitar 650 hingga 770 kapal per minggu, atau setara dengan 90 hingga 110 pelayaran per hari untuk kedua arah.
Penyedia intelijen ekonomi QuantCube Technology juga menyatakan, data pelayaran mereka belum menunjukkan peningkatan signifikan dalam keberangkatan ekspor minyak dari Arab Saudi, Uni Emirat Arab, maupun Irak.
Di wilayah Dammam, Arab Saudi, yang mencakup kompleks ekspor minyak Ras Tanura, sejumlah kapal telah dimuat dan dikirim ke lepas pantai untuk menunggu situasi lebih jelas, menurut Ekonom Senior QuantCube, Alan Lemangnen.
Baca berita terkini dan terpercaya di Berita Liputan6
Advertisement
Advertisement
Advertisement
Advertisement
Copyright © 2026 Liputan6.com
KLY KapanLagi Youniverse All Right Reserved."
Roy Suryo dan dr Tifa Ditangkap Terkait Kasus Ijazah Jokowi,https://www.liputan6.com/news/read/7893380/roy-suryo-dan-dr-tifa-ditangkap-terkait-kasus-ijazah-jokowi,Liputan6,berita,2026-06-19,"Polisi dikabarkan menangkap Tifauziah Tyassuma atau dr Tifa dan Roy Suryo, terkait kasus tudingan ijazah palsu Joko Widodo atau Jokowi.
Liputan6.com, Jakarta - Polisi dikabarkan menangkap Tifauziah Tyassuma atau dr Tifa dan Roy Suryo , terkait kasus tudingan ijazah palsu Joko Widodo atau Jokowi . Penangkapan dr Tifa sendiri dibenarkan tim kuasa hukumnya, Aziz Yanuar.
“Dr Tifa telah ditangkap oleh aparat kepolisian di apartemennya pada Jumat pagi sekitar pukul 06.47 WIB,” kata Aziz dalam keterangan tertulisnya, Jumat (19/6/2026).
Menurut Aziz, dr Tifa sempat menunjukkan bahwa dirinya berada di salah satu ruangan di gedung Polda Metro Jaya. Saat itu, kliennya mengikuti ujian Program Doktor (S3) Fakultas Kedokteran Universitas Indonesia (FKUI) secara daring di depan sebuah laptop.
Advertisement
Dia juga mengaku telah menghubungi penyidik yang menangani perkara itu pada pukul 07.23 WIB. Dari komunikasi tersebut, kata Aziz, penyidik membenarkan tindakan yang dilakukan terhadap kliennya merupakan penangkapan.
Meski begitu, hingga rilis tersebut diterbitkan, tim kuasa hukum mengaku belum menerima penjelasan resmi mengenai dasar hukum maupun alasan penangkapan.
Menurut dia, selama ini kliennya dinilai kooperatif dan rutin menjalani wajib lapor di Polda Metro Jaya.
""Ikuti perkembangan selanjutnya. Informasi resmi dan keterangan kuasa hukum akan segera disampaikan,"" tandas dia.
Sementara itu, tim kuasa hukum Roy Suryo mengecam penangkapan kliennya oleh Penyidik Polda Metro Jaya. Pernyataan itu disampaikan Ahmad Khozinudin setelah mendapat kabar Roy ditangkap sekitar pukul 07.00 WIB.
“Hari ini sekitar pukul 07.00 WIB klien kami Roy Suryo dikabarkan oleh istrinya telah ditangkap penyidik Polda Metro Jaya,” kata Ahmad Khozinudin, Jumat (19/6/2026).
Ahmad menyatakan keberatan atas langkah penyidik. Menurut dia, Roy selama ini kooperatif dengan memenuhi panggilan pemeriksaan dan rutin menjalani wajib lapor.
“Kami menyayangkan tindakan penyidik Polda Metro Jaya yang melakukan upaya paksa melalui penangkapan terhadap klien kami, padahal klien kami selama ini kooperatif memenuhi panggilan penyidik bahkan selalu melaksanakan wajib lapor,” ujarnya.
Dia menilai, apabila perkara telah memasuki tahapan proses hukum berikutnya, penyidik cukup melayangkan surat panggilan.
""Bukan dengan upaya paksa (represif) melalui proses penangkapan,"" ujar dia.
Ahmad juga menduga ada kepentingan politik yang mengintervensi proses hukum terhadap kliennya.
""Penangkapan ini, justru mengkonfirmasi ada kekuatan politik yang mengintervensi hukum sehingga cara-cara yang beradab dalam menegakkan hukum melalui pemanggilan ditinggalkan dan beralih menempuh cara tak beradab, represif dan intimidatif dengan melakukan penangkapan,"" terang dia.
Ahmad mengajak para tokoh dan aktivis yang memiliki waktu untuk datang ke Polda Metro Jaya pada Jumat pukul 11.00 WIB guna mengisi surat jaminan penangguhan penahanan.
""Jika nantinya dibutuhkan,"" katanya.
Kasus ini bermula dari tudingan keras soal ijazah S1 milik Joko Widodo atau Jokowi. Ia mengaku nama baiknya diserang, dituding punya ijazah palsu, skripsi palsu, hingga lembar pengesahan tak sah. Isu itu terus menyeruak di media sosial.
Padahal, Jokowi merupakan lulusan Fakultas Kehutanan Universitas Gadjah Mada dengan dokumen akademik yang sah dan diakui kampus.
Tak main-main, sebanyak 130 saksi diperiksa, 17 jenis barang bukti disita, dan 709 dokumen dikumpulkan. Bahkan 25 ahli dari berbagai bidang ikut dimintai keterangan.
Dokumen ijazah juga diuji di Puslabfor Polri. Mulai dari kertas, tinta, embos, stempel, hingga tanda tangan diperiksa.
Upaya uji di lembaga lain juga sempat dilakukan. Namun sejumlah lembaga seperti BRIN, PUSPOMAD, dan laboratorium Universitas Indonesia mengaku tak punya kapasitas untuk uji forensik dokumen tersebut.
Dari hasil penyidikan, delapan orang ditetapkan sebagai tersangka. Mereka dibagi dalam dua klaster.
Klaster pertama berisi Eggi Sudjana, Kurnia Tri Rohyani, Damai Hari Lubis, Rustam Effendi, dan Muhammad Rizal Fadillah. Klaster kedua terdiri dari Roy Suryo, Rismon Hasiholan Sianipar, dan Tifauziah Tyassuma.
Belakangan, status tersangka Eggi Sudjana, Damai Hari Lubis, dan Rismon Hasiholan Sianipar dicabut setelah mengajukan restorative justice dan menyampaikan permohonan maaf kepada Jokowi.
Baca berita terkini dan terpercaya di Berita Liputan6
Advertisement
Advertisement
Advertisement
Advertisement
Copyright © 2026 Liputan6.com
KLY KapanLagi Youniverse All Right Reserved."
"Paul Scholes Sebut Cristiano Ronaldo Jadi Masalah untuk Portugal, Singgung Hattrick Lionel Messi",https://www.liputan6.com/bola/read/7893382/paul-scholes-sebut-cristiano-ronaldo-jadi-masalah-untuk-portugal-singgung-hattrick-lionel-messi,Liputan6,olahraga,2026-06-19,"Paul Scholes mengkritik Cristiano Ronaldo usai Portugal ditahan RD Kongo di Piala Dunia 2026. Ia juga menyinggung hattrick Lionel Messi bersama Argentina.
Liputan6.com, Jakarta - Paul Scholes menilai Cristiano Ronaldo menjadi salah satu persoalan yang harus dihadapi Portugal setelah hasil imbang 1-1 melawan RD Kongo pada laga pembuka Piala Dunia 2026 . Mantan gelandang Manchester United itu juga menyoroti pengaruh Lionel Messi terhadap psikologis sang megabintang.
Portugal gagal meraih kemenangan saat menghadapi RD Kongo di Houston, Kamis (18/6/2026) dini hari WIB. Sempat unggul melalui Joao Neves, tim asuhan Roberto Martinez harus puas berbagi angka setelah Yoane Wissa mencetak gol penyeimbang.
Penampilan Ronaldo dalam laga tersebut menjadi sorotan. Penyerang berusia 41 tahun itu tidak mampu membawa Portugal mencetak gol kemenangan meski bermain penuh selama 90 menit.
Komentar Scholes muncul di tengah perdebatan mengenai peran Ronaldo di timnas Portugal. Menurutnya, usia dan tuntutan permainan modern membuat situasi menjadi semakin rumit bagi sang pelatih.
Hasil imbang melawan RD Kongo membuat posisi Ronaldo kembali menjadi bahan perbincangan. Scholes menilai Roberto Martinez menghadapi dilema besar dalam menentukan peran sang kapten.
Mantan gelandang Timnas Inggris itu mengaku pernah menanyakan langsung situasi Ronaldo kepada Martinez. Menurutnya, keberadaan Ronaldo saat ini sedikit banyak menjadi tantangan bagi Portugal.
""Saya pikir ini sulit bagi pelatih. Saya pernah berbincang dengan Roberto Martinez di luar siaran dan bertanya kepadanya, 'Apakah dia menjadi masalah bagi Anda?' karena saya merasa dia memang sedikit menjadi masalah,"" ujar Scholes di podcast The Good, The Bad & The Football .
""Di usia 41 tahun, menurut saya hanya ada satu posisi yang masih layak menjadi starter, yaitu penjaga gawang. Bagi saya, tidak ada posisi lain,"" tegas Scholes.
Scholes juga menilai Ronaldo kemungkinan merasa frustrasi melihat pencapaian para rivalnya di awal turnamen. Lionel Messi dan Kylian Mbappe langsung tampil gemilang pada pertandingan pertama mereka.
Messi mencetak hattrick saat Argentina mengalahkan Aljazair, sedangkan Mbappe memborong dua gol untuk timnya. Situasi itu dinilai bisa menambah tekanan bagi Ronaldo yang gagal bersinar.
""Cristiano pasti sangat kesal karena Lionel Messi mencetak hattrick dan Kylian Mbappe mencetak dua gol. Hal itu pasti mengganggunya,"" kata Scholes.
Ikuti berita bola terbaru di Sport Liputan6
""Saya merasa kasihan kepada Martinez karena dia berusaha menerima situasi ini dan berkata bahwa dia memiliki pencetak gol terbaik di dunia. Namun jauh di dalam hati, dia pasti tahu bahwa kondisi ini merugikan timnya,"" lanjut Scholes.
Advertisement
Advertisement
Copyright © 2026 Liputan6.com
KLY KapanLagi Youniverse All Right Reserved."
"Profil Budi Setyawan Wijaya, Nakhoda Baru Pelni",https://www.liputan6.com/bisnis/read/7893353/profil-budi-setyawan-wijaya-nakhoda-baru-pelni,Liputan6,ekonomi,2026-06-19,"Budi Setyawan Wijaya diangkat menjadi Direktur Utama Pelni dalam Rapat Umum Pemegang Saham (RUPS) pada Kamis, 18 Juni 2026.
Liputan6.com, Jakarta - Pemegang saham menyetujui penunjukkan Budi Setyawan Wijaya sebagai Direktur Utama PT Pelayaran Nasional Indonesia (Persero) atau Pelni menggantikan Tri Andayani. Budi bukan orang baru di lingkungan Badan Usaha Milik Negara (BUMN).
Penunjukkan Budi Setyawan menjadi Dirut Pelni tertuang dalam Keputusan Kepala BP Nomor SR-322/BP/06/2026 tertanggal 18 Juni 2026. Budi menggantikan Tri Andayani yang telah menjabat sejak 2022.
Diketahui, sebelumnya Budi berada di lingkungan anak usaha Holding BUMN Sektor Aviasi dan Pariwisata. Tepatnya, Budi menjabat sebagai Direktur Utama PT Integrasi Aviasi Solusi atau InJourney Aviation Services (IAS).
Advertisement
Mengutip laman resmi IAS, pria kelahiran Yogyakarta ini pernah menjabat sebagai Komisaris Telkomsigma (2023-2025), Direktur Strategic Portfolio PT Telkom Indonesia Tbk (persero) (2020-2025), Streamlining Subsidiaries Transformation Program Leader PT Telkom Indonesia Tbk (persero) (2020).
Kemudian, Direktur Utama PT Admedika (2017-2020), Komisaris Utama Telkomedika (2017-2020), Komisaris Utama PT Balebat (2017), Direktur Utama PT MD Media (2015-2017), Direktur Utama PT Melon Indonesia (2013-2015), CFO PT Melon Indonesia ( 2010-2013).
Budi tercatat menyelesaikan Pendidikan Sarjana Teknik dan Manajemen Industri  STT Telkom pada 1996 dan Magister Management STMB pada 2003.
Budi Setyawan Wijaya Jadi Dirut Pelni
Sebelumnya, pemegang saham menyepakati perubahan susunan direksi PT Pelayaran Nasional Indonesia (Persero) atau Pelni. Budi Setyawan Wijaya didapuk menjadi Direktur Utama.
Keputusan tersebut tertuang dalam Keputusan Kepala BP Nomor SR-322/BP/06/2026 tertanggal 18 Juni 2026. Rapat Umum Pemegang Saham (RUPS) Pelni yang digelar Kamis (18/6/2026) malam menyepakati pergantian pengurus tersebut.
""Kami menyampaikan terima kasih kepada ketiganya atas kepemimpinannya yang sukses melakukan transformasi Perusahaan selama periode 2022 - 2026 dan telah membangun fondasi kuat bagi keberlanjutan Perusahaan,"" kata Sekretaris Perusahaan Pelni, Ditto Pappilanda dalam keterangan resmi, dikutip Jumat, (19/6/2026).
RUPS memutuskan untuk mencopot Tri Andayani dan digantikan dengan Budi Setyawan Wijaya pada posisi Direktur Utama. Sementara itu, Anik Hidayati juga digantikan Triswahyu Herlina sebagai Direktur Keuangan dan Manajemen Risiko.
Kokok Susanto kini menempati Direktur Armada dan Teknik menggantikan Robert MP Sinaga. Sementara itu, posisi Direktur Usaha Angkutan Barang dan Tol Laut diisi oleh Hana Suhardi pasca dilepas Kokok.
RUPS yang dihadiri pejabat Danantara Assets Management (DAM) dan Badan Pengaturan Badan Usaha Milik Negara (BP BUMN) itu turut menyetujui laporan keuangan tahun buku 2025 dan kinerja Perusahaan untuk tahun yang sama.
Susunan Dewan Direksi dan Komisaris Baru Pelni
Dewan Direksi
1. Direktur Utama : Budi Setyawan Wijaya
2. Direktur Keuangan dan Manajemen Risiko : Triswahyu Herlina
3. Direktur Armada dan Teknik : Kokok Susanto
4. Direktur SDM dan Umum : Heri Purnomo
5. Direktur Usaha Angkutan Penumpang : Nuraini Dessy W
6. Direktur Usaha Angkutan Barang dan Tol Laut : Hana Suhardi
Dewan Komisaris
1. Komisaris Utama : Soenarko Gatie Atmodjo
2. Komisaris : Faturohman
3. Komisaris : Budi Mantoro
4. Komisaris : Moekhlas Sidik
5. Komisaris Independen : Sosialisman Hidayat Hasibuan
Baca berita terkini dan terpercaya di Berita Liputan6
Advertisement
Advertisement
Advertisement
Advertisement
Copyright © 2026 Liputan6.com
KLY KapanLagi Youniverse All Right Reserved."
Prediksi IHSG 19 Juni 2026 Setelah Laporan Terbaru MSCI,https://www.liputan6.com/saham/read/7893340/prediksi-ihsg-19-juni-2026-setelah-laporan-terbaru-msci,Liputan6,saham,2026-06-19,"Berikut rekomendasi saham dan prediksi Indeks Harga Saham Gabungan (IHSG) usai rilis MSCI pada perdagangan saham Jumat, (19/6/2026).
Liputan6.com, Jakarta - Laju Indeks Harga Saham Gabungan (IHSG) akan menguat pada perdagangan saham Jumat, (19/6/2026). IHSG hari ini akan menguji 6.476-6.577. Lalu bagaimana strategi rekomendasi saham -nya setelah rilis MSCI ?
IHSG melemah 0,78% ke 6.172 dan masih didominasi oleh tekanan jual, tetapi pergerakannya masih mampu berada di atas moving average (MA) 20 harian.
“Kami memperkirakan, posisi IHSG sedang berada pada bagian dari wave [iv] dari wave 3, adapun penguatan IHSG kami perkirakan akan menguji 6.475-6.577,” kata dia.
Advertisement
Namun demikian, ia mengimbau untuk tetap mencermati ada koreksi IHSG ke level area 6.051,6.113. Herditya menuturkan, IHSG akan berada di level support 5.784,5.594 dan level resistance 6.286,6.459.
Dalam riset PT Pilarmas Investindo Sekuritas menyebutkan, IHSG berpotensi menguat terbatas dengan level support dan level resistance 6.170-6.400.
Terkait langkah Bank Indonesia (BI) menaikkan suku bunga acuan 25 basis poin (bps) menjadi 5,75%, PT Pilarmas Investindo Sekuritas menilai, kenaikan suku bunga BI saat ini lebih berperan sebagai langkah defensive untuk menahan tekanan terhadap rupiah dan menjaga daya tarik aset domestik. Sementara, dampak positif terhadap penguatan rupiah dan pergerakan IHSG kemungkinan baru akan terlihat apabila ketidakpastian global mereda dan arus dana asing kembali masuk secara konsisten.
Selain itu, lembaga penyedia indeks global Morgan Stanley Capital International (MSCI) telah merilis hasil tinjauan aksesibilitas pasar global MSCI 2026. Dalam laporannya, MSCI mengatakan untuk emerging markets, banyak negara yang mengalami peningkatan peringkat daripada penurunan di seluruh pasar negara berkembang. Apabila terjadi penurunan, hal tersebut disebabkan oleh adanya issue terkait dengan structural berupa ketidakjelasan dalam struktur kepemilikkan saham, serta kekhawatiran akan perdagangan yang terkoordinasi (diatur) yang terjadi di Indonesia dan Turki.
Hal ini tentu saja berdampak terhadap arus informasi yang tersedia di pasar keuangan mereka. Di Indonesia, MSCI masih menaruh kekhawatiran terkait dengan aksesibilitas yang timbul dari ketidakjelasan dalam struktur kepemilikkan saham serta masih adanya indikasi perilaku perdagangan yang terkoordinasi yang merusak pembentukan harga yang wajar.
Menurut MSCI, masalah ini secara material telah membatasi kemampuan investor institusional dari luar negeri untuk menilai porsi saham publik (free float) yang sebenarnya. Padahal penilaian porsi saham publik dibutukan dalam penyusunan portfolio serta replikasi indeks. Dengan perbaikan yang sudah dilakukan, Indonesia masih layak berada di kategori emerging market dengan sejumlah catatan yang diharapkan dapat dilakukan perbaikan oleh para pemangku kepentingan.
Untuk rekomendasi saham hari ini, PT Pilarmas Investindo Sekuritas memilih saham PT Vale Indonesia Tbk (INCO), PT Energi Mega Persada Tbk (ENRG), dan PT Merdeka Copper Gold Tbk (MDKA).
Sedangkan Herditya memilih saham PT Astra International Tbk (ASII), PT Indofood CBP Sukses Makmur Tbk (ICBP), PT Jafpa Comfeed Tbk (JPFA), dan PT Pantai Indah Kapuk Dua Tbk (PANI).
Rekomendasi Teknikal
1.PT Astra International Tbk (ASII) - Buy on Weakness
Saham ASII terkoreksi 0,63% ke 4.770 dan masih didominasi oleh tekanan jual. “Kami memperkirakan, posisi ASII saat ini berada pada bagian dari wave b dari wave (iv),” ujar Herditya.
Buy on Weakness: 4.590-4.740
Target Price: 5.025, 5.225
Stoploss: below 4.530
2.PT Indofood CBP Sukses Makmur Tbk (ICBP) - Trading Buy
Saham ICBP bergerak flat dan ditutup ke 6.625, pergerakannya masih didominasi oleh volume pembelian dan masih mampu berada di atas MA20. Kami memperkirakan, posisi ICBP sedang berada pada bagian dari wave [v] dari wave 1.
Trading Buy: 6.525-6.600
Target Price: 6.825, 6.950
Stoploss: below 6.500
Advertisement
3.PT JPFA - Buy on Weakness
Saham JPFA menguat 0,78% ke 1.940 dan didominasi oleh volume pembelian. “Saat ini, posisi JPFA diperkirakan berada pada bagian awal dari wave 4 dari wave (C),” ujar dia.
Buy on Weakness: 1.870-1.930
Target Price: 2.100, 2.210
Stoploss: below 1.805
4.PT Pantai Indah Kapuk Dua Tbk (PANI) - Buy on Weakness
Saham PANI menguat 5,45% ke 6.775 dan disertai dengan munculnya volume pembelian, tetapi pergerakannya masih berada di bawah MA20.
“Kami memperkirakan, posisi PANI saat ini berada pada bagian dari wave 5 dari wave (C),” kata dia.
Buy on Weakness: 4.840-5.950
Target Price: 7.425, 9.025
Stoploss: below 4.700
Disclaimer: Setiap keputusan investasi ada di tangan pembaca. Pelajari dan analisis sebelum membeli dan menjual saham. Liputan6.com tidak bertanggung jawab atas keuntungan dan kerugian yang timbul dari keputusan investasi.
Advertisement
Advertisement
Advertisement
Copyright © 2026 Liputan6.com
KLY KapanLagi Youniverse All Right Reserved."
"Daftar Pemenang SCTV Music Awards 2026, Rizky Febian - Adrian Khalif Borong 3 Piala",https://www.liputan6.com/showbiz/read/7893328/daftar-pemenang-sctv-music-awards-2026-rizky-febian-adrian-khalif-borong-3-piala,Liputan6,hiburan,2026-06-19,"Siapa saja yang memborong piala dan gelar Paling Ngetop di SCTV Music Awards 2026?
Liputan6.com, Jakarta - Ajang penghargaan prestisius SCTV Music Awards diselenggarakan di Studio 6 Emtek City, Daan Mogot, Jakarta Barat, Kamis (18/6/2026). Acara tahunan ini melahirkan nama-nama paling ngetop yang telah memberikan kontribusinya di industri musik Tanah Air.
Total delapan kategori paling ngetop yang dipersembahkan terhadap musisi-musisi favorit pilihan masyarakat. SCTV Music Awards juga mempersembahkan satu kategori khusus yakni, Penyanyi Paling Sosmed.
Menariknya, terdapat 2 kategori khusus yang akan dihadirkan SCTV Music Awards di perhelatan tahun ini. Yakni kategori Penyanyi/Duo/Grup Berbahasa Daerah Paling Ngetop dan Lagu Berbahasa Daerah Paling Ngetop.
Rizky Febian dan Adrian Khalif menjadi nomine yang paling subur lewat single ""Alamak"" dalam ajang penghargaan SCTV Music Awards tahun ini. Mereka menyabet 3 penghargaan sekaligus, yakni: Kolaborasi Paling Ngetop, Video Klip Paling Ngetop dan Lagu Paling Ngetop.
Rizky Febian meyakini keberhasilan lagu tersebut merupakan bagian dari rencana Tuhan, dan kerja keras dari semua pihak yang terlibat. Rizky merasa pencapaian bersama Adrian ini merupakan hasil perjalanan panjang yang mereka lalui.
""Pada akhirnya semua sudah diatur Allah SWT. Dari awal kami membuat lagu ini karena memang suka dan cinta dengan karya tersebut. Hari ini saya terharu karena bisa memegang piala bersama Adrian lewat lagu Alamak,"" ucap Rizky Febian di Studio 6 Emtek City, Daan Mogot, Jakarta Barat, Kamis (18/6/2026).
Selain itu, SCTV Music Awards 2026 juga mempersembahkan tribute spesial untuk Almarhum Vidi Aldiano. Momen spesial itu menghadirkan Top 14 The Icon yang membawakan lagu ""Nuansa Bening"" milik mendiang.
Dipandu oleh Raffi Ahmad, Ananda Omesh dan Aqeela Calista, malam penghargaan SCTV Music Awards 2026 makin meriah lewat aksi panggung sejumlah insan musik Indonesia yang tengah populer. Di antaranya penampilan Barasuara bersama Top 14 The Icon membawakan lagu ""Terbuang Dalam Waktu"".
Tak ketinggalan, deretan artis sinetron unggulan SCTV mulai dari Asmara Gen Z, Beri Waktu Cinta, Istiqomah Cinta, dan Jejak Duka Diandra turut memeriahkan ajang ini. Adapun daftar kategori yang paling ngetop di SCTV Music Awards 2026 adalah sebagai berikut:
Baca berita terkini dan terpercaya di Berita Liputan6
Advertisement
Advertisement
Copyright © 2026 Liputan6.com
KLY KapanLagi Youniverse All Right Reserved."
Kondisi Roy Suryo dan dr Tifa Sebelum Ditangkap Polisi,https://www.liputan6.com/news/read/7893506/kondisi-roy-suryo-dan-dr-tifa-sebelum-ditangkap-polisi,Liputan6,berita,2026-06-19,"Kuasa hukum keduanya, Refly Harun menceritakan kondisi Roy dan dr Tifa saat ditangkap.
Liputan6.com, Jakarta - Tersangka kasus tudingan ijazah palsu , Roy Suryo dan dr Tifauziah Tyassuma ditangkap Polisi, Jumat (19/6/2026).  Tim kuasa hukum melayangkan protes atas penangkapan yang dinilai berlebihan.
“Kami protes keras. Menurut saya penyidik Polda Metro Jaya sangat tidak profesional,” kata Refly di Polda Metro Jaya, Jumat (19/6/2026).
Menurut Refly, perkara yang menjerat Roy dan dr Tifa bukan tindak pidana yang mengharuskan untuk dilakukan upaya paksa berupa penangkapan.
Advertisement
“Kalau kasus pembunuhan atau korupsi mungkin masuk akal ditangkap. Tapi ini masih sesuatu yang debatable, masih diperdebatkan apakah benar pencemaran nama baik atau fitnah,” jelasnya.
Refly menceritakan kondisi Roy dan dr Tifa saat ditangkap. Penangkapan terhadap dr Tifa dilakukan beberapa saat sebelum kliennya mengikuti seminar hasil disertasi Program Doktor.
“Pukul 08.00 dia mau ujian, sekitar pukul 07.00 dia ditangkap. Padahal dia hendak berangkat ke tempat ujian,” katanya.
Refly juga menceritakan penangkapan Roy Suryo. Refly masih bersama Roy dalam sebuah kegiatan di Bandung, sebelum kliennya itu dijemput Polisi.
“Sekitar pukul setengah satu atau jam satu dini hari kami baru berpisah,” ujarnya.
Refly melanjutkan, Roy tak sempat mempersiapkan diri ketika didatangi anggota kepolisian.
“Untung masih sempat salat Subuh. Belum mandi, belum berpakaian secara layak, lalu dibawa ke Polda Metro,” tutur Refly.
Refly mengatakan kedua kliennya kini memilih mengikuti penyidik agar situasi tidak memanas. Khusus Roy Suryo tegas menolak menandatangani surat penangkapan.
""Karena kedua klien kami tidak mau ribut akhirnya ya sudah ikut-ikut saja ke Polda Metro tanpa menandatangani, Mas Roy ya yang firm, tanpa menandatangani surat penangkapan tersebut,"" ucapnya.
Untuk diketahui sebelumnya  Tifauziah Tyassuma atau dr Tifa dan Roy Suryo ditangkap terkait kasus tudingan ijazah palsu Joko Widodo atau Jokowi.
“Dr Tifa telah ditangkap oleh aparat kepolisian di apartemennya pada Jumat pagi sekitar pukul 06.47 WIB,” kata Aziz dalam keterangan tertulisnya, Jumat (19/6/2026).
Menurut Aziz, dr Tifa sempat menunjukkan bahwa dirinya berada di salah satu ruangan di gedung Polda Metro Jaya. Saat itu, kliennya mengikuti ujian Program Doktor (S3) Fakultas Kedokteran Universitas Indonesia (FKUI) secara daring di depan sebuah laptop.
Dia juga mengaku telah menghubungi penyidik yang menangani perkara itu pada pukul 07.23 WIB. Dari komunikasi tersebut, kata Aziz, penyidik membenarkan tindakan yang dilakukan terhadap kliennya merupakan penangkapan.
Meski begitu, hingga rilis tersebut diterbitkan, tim kuasa hukum mengaku belum menerima penjelasan resmi mengenai dasar hukum maupun alasan penangkapan.
Menurut dia, selama ini kliennya dinilai kooperatif dan rutin menjalani wajib lapor di Polda Metro Jaya.
""Ikuti perkembangan selanjutnya. Informasi resmi dan keterangan kuasa hukum akan segera disampaikan,"" tandas dia.
Baca berita terkini dan terpercaya di Berita Liputan6
Advertisement
Advertisement
Advertisement
Advertisement
Copyright © 2026 Liputan6.com
KLY KapanLagi Youniverse All Right Reserved."
"RUPS PLN Rombak Jajaran Direksi, Ini Susunan Terbarunya",https://www.liputan6.com/bisnis/read/7893322/rups-pln-rombak-jajaran-direksi-ini-susunan-terbarunya,Liputan6,ekonomi,2026-06-19,"Perubahan jajaran direksi tersebut merupakan bagian dari upaya penguatan tata kelola perusahaan serta keberlanjutan transformasi PLN
Liputan6.com, Jakarta - Rapat Umum Pemegang Saham ( RUPS ) Tahun 2026 PT PLN (Persero) menetapkan perubahan susunan jajaran Direksi perseroan. Salah satunya, keputusan menambah nomenklatur Wakil Direktur Utama (Wadirut) PLN.
RUPS digelar di kantor Badan Pengaturan Badan Usaha Milik Negara (BUMN), Jakarta, pada Kamis malam (18/6/2026). Mengutip keterangan perusahaan, perubahan jajaran direksi tersebut merupakan bagian dari upaya penguatan tata kelola perusahaan serta keberlanjutan transformasi PLN dalam menghadapi tantangan industri ketenagalistrikan yang semakin dinamis, sekaligus mendukung pencapaian target pembangunan nasional di sektor energi.
""Segenap insan PLN menyampaikan apresiasi dan penghargaan setinggi-tingginya kepada jajaran Direksi yang telah mengakhiri masa tugasnya atas dedikasi, kontribusi, serta pengabdian yang diberikan dalam mendorong transformasi perusahaan, memperkuat kinerja korporasi, meningkatkan kualitas layanan kepada pelanggan, dan mendukung agenda transisi energi nasional,"" jelas perusahaan.
Advertisement
Perseroan meyakini bahwa pengalaman, kompetensi, dan kepemimpinan yang dimiliki akan semakin memperkuat langkah PLN dalam menjalankan mandat penyediaan tenaga listrik yang andal, berkelanjutan, dan berorientasi pada kepentingan masyarakat.
Adapun RUPS PLN menambah nomenklatur Wakil Direktur Utama (Wadirut) dan menetapkan susunan lengkap Direksi PLN. Berikut daftar lengkap jajaran Direksi PLN:
Baca berita terkini dan terpercaya di Berita Liputan6
Advertisement
Advertisement
Advertisement
Copyright © 2026 Liputan6.com
KLY KapanLagi Youniverse All Right Reserved."
"Sambut HUT ke-499 Jakarta, Pemkot Jakbar Gelar Donor Darah Bareng PMI",https://www.liputan6.com/news/read/7893346/sambut-hut-ke-499-jakarta-pemkot-jakbar-gelar-donor-darah-bareng-pmi,Liputan6,berita,2026-06-19,"Pemkot Jakbar bersama PMI menggelar donor darah untuk menyambut HUT ke-499 Jakarta dan menargetkan 200 pendonor.
Liputan6.com, Jakarta - Pemkot Jakbar atau Pemerintah Kota Jakarta Barat bersama Palang Merah Indonesia (PMI) menggelar donor darah dalam rangka menyambut HUT ke-499 Jakarta .
Sekretaris Kota Jakarta Barat Firmanudin Ibrahim mengatakan, pihaknya menargetkan 200 pendonor dari Aparatur Sipil Negara (ASN), Pegawai Pemerintah dengan Perjanjian Kerja (PPPK), hingga Penyedia Jasa Lainnya Perorangan (PJLP).
""Dari target awal 200 pendonor, saat ini sudah hampir 400 peserta mendaftar. Setelah proses skrining kesehatan, kami optimistis bisa lampaui target,"" ujar Firman saat dikonfirmasi di Jakarta, melansir Antara, Jumat (19/6/2026).
Advertisement
Menurut dia, jumlah pendaftar mencerminkan semangat pegawai di lingkungan Pemkot Jakbar untuk berkontribusi bagi masyarakat yang membutuhkan donor darah.
""Kami berkolaborasi dengan PMI Jakarta Barat untuk memenuhi kebutuhan darah masyarakat. Yang membanggakan, peserta yang hadir tidak hanya ASN, tetapi juga PPPK dan PJLP ikut dalam kegiatan kemanusiaan ini,"" kata Firman.
Menurut dia, menjelang HUT ke-499 Jakarta, pihaknya bakal menggencarkan kegiatan serupa.
""Jadi ini bagian dari kontribusi Pemkot Jakbar menyambut Jakarta menuju usia lima abad,"" terang Firman.
Sementara itu, salah seorang peserta donor darah, Bagas (35) yang merupakan PJLP di lingkungan Pemerintah Kota Administrasi Jakarta Barat mengaku antusias dapat berpartisipasi dalam kegiatan tersebut.
""Saya sudah cukup lama tidak donor darah. Saat proses donor memang ada sedikit rasa sakit saat disuntik, tetapi secara keseluruhan tidak terasa apa-apa. Setelah selesai mungkin sedikit pusing, tetapi tidak lama kemudian kembali normal,"" tutur dia.
Bagas berharap darah yang didonorkannya bersama para peserta lainnya dapat memberikan manfaat bagi masyarakat yang membutuhkan.
""Harapan saya, darah yang saya donor dan darah dari teman-teman lainnya bisa digunakan untuk keperluan yang bermanfaat, khususnya bagi masyarakat di Jakarta Barat atau seluruh Jakarta,"" jelas Bagas.
Baca berita terkini dan terpercaya di Berita Liputan6
Advertisement
Advertisement
Advertisement
Advertisement
Copyright © 2026 Liputan6.com
KLY KapanLagi Youniverse All Right Reserved."
Kejagung Segel 17.600 Motor Listrik Pengadaan BGN,https://www.liputan6.com/news/read/7893306/kejagung-segel-17600-motor-listrik-pengadaan-bgn,Liputan6,berita,2026-06-19,"Kejagung menyegel 17.600 sepeda motor listrik yang menjadi bagian pengadaan program Makan Bergizi Gratis (MBG).
Liputan6.com, Jakarta - Kejaksaan Agung ( Kejagung ) mengatakan telah menyegel 17.600 sepeda motor listrik yang merupakan bagian dari pengadaan Badan Gizi Nasional ( BGN ).
""Yang sudah disegel di daerah Sentul, Cikarang. Yang besar-besar itu, yang paling banyak,"" ujar Direktur Penyidikan (Dirdik) Jaksa Agung Muda Bidang Tindak Pidana Khusus (Jampidsus) Kejagung Syarief Sulaeman Nahdi di Gedung Jampidsus Kejagung, Jakarta, Kamis malam 18 Juni 2026, melansir Antara .
Dia menjelaskan, penyegelan bertujuan untuk mendata dan mengamankan sepeda motor listrik yang berkaitan dengan kasus dugaan korupsi tata kelola program Makan Bergizi Gratis (MBG) tahun 2025-2026.
Advertisement
""Sepeda motor itu belum sampai di titik yang disampaikan oleh BGN. Ini masih di gudang-gudang milik penyedia sehingga kami mengamankan motor-motor tersebut dengan cara menyegel agar pergerakan motor itu kami pantau dari tim penyidik,"" ucap Syarief.
Dia juga mengungkap, penyegelan masih terus berlangsung di titik-titik gudang lainnya.
""Masih berjalan sampai hari ini, belum selesai. Ada beberapa titik,"" kata Syarief.
Diketahui, salah satu modus dalam kasus korupsi tata kelola program MBG ini adalah penggelembungan atau mark up harga pengadaan barang di BGN.
Beberapa pengadaan yang diduga diselewengkan yakni pengadaan sepeda motor listrik sebanyak 21.801 unit dengan nilai total pengadaan sebesar Rp1,035 triliun.
Uang tersebut telah dibayarkan ke PT YAT yang tidak memenuhi syarat selaku vendor karena tidak memiliki diler atau bengkel aktif serta terdapat mark up.
Lalu, pengadaan 32.000 pasang sepatu yang tidak sesuai ketentuan dan adanya mark up. Kemudian, pengadaan tablet sebanyak 31.994 unit yang tidak sesuai ketentuan dan adanya mark up.
Terakhir, pengadaan televisi sebanyak 5.400 unit yang tidak sesuai ketentuan dan adanya mark up.
Baca berita terkini dan terpercaya di Berita Liputan6
Advertisement
Advertisement
Advertisement
Advertisement
Copyright © 2026 Liputan6.com
KLY KapanLagi Youniverse All Right Reserved."
Prediksi Skotlandia vs Maroko: Bidik Sejarah Lolos Fase Grup,https://www.liputan6.com/bola/read/7893062/prediksi-skotlandia-vs-maroko-bidik-sejarah-lolos-fase-grup,Liputan6,olahraga,2026-06-19,"Skotlandia berpeluang mencetak sejarah lolos babak gugur Piala Dunia 2026 saat menghadapi Maroko di Grup C.
Liputan6.com, Jakarta - Skotlandia menghadapi Maroko dalam laga krusial Grup C Piala Dunia 2026 yang dijadwalkan berlangsung di Gillette Stadium, Sabtu (20/6/2026) pukul 05.00 WIB. Pertandingan ini menjadi kesempatan bersejarah bagi Skotlandia untuk pertama kalinya melaju ke babak gugur turnamen besar.
Saat ini, Skotlandia memimpin Grup C dengan tiga poin setelah mengalahkan Haiti 1-0 di laga pembuka. Sementara itu, Maroko berada di posisi kedua dengan satu poin, menyusul hasil imbang 1-1 melawan Brasil.
Gol John McGinn menjadi penentu kemenangan Skotlandia atas Haiti, mengamankan poin penuh bagi tim asuhan Steve Clarke. Di sisi lain, Maroko menunjukkan performa impresif saat bermain imbang dengan Brasil, di mana gol Ismael Saibari sempat membawa mereka unggul sebelum Vinicius Junior menyamakan kedudukan.
Kemenangan atas Maroko akan secara otomatis memastikan Skotlandia lolos ke babak gugur Piala Dunia 2026. Tim Steve Clarke juga berpeluang menjadi juara grup jika mereka berhasil meraih kemenangan dan Brasil gagal menaklukkan Haiti. Skotlandia bertekad mengamankan kualifikasi sebelum pertandingan terakhir Grup C mereka melawan Brasil pada 24 Juni.
Jika Skotlandia memuncaki Grup C, mereka akan bertemu dengan runner-up Grup F, yang bisa jadi Swedia, Jepang, Belanda, atau Tunisia, di babak berikutnya. Bagi Maroko, kemenangan pada hari Jumat tidak akan langsung mengamankan tiket ke babak 32 besar, namun akan menempatkan mereka dalam posisi yang sangat kuat menjelang laga terakhir melawan Haiti.
Tim berjuluk Atlas Lions ini dianggap sebagai kuda hitam potensial di turnamen ini, mengingat kualitas skuad mereka. Maroko memiliki catatan impresif setelah berhasil mencapai semifinal Piala Dunia 2022, sebelum akhirnya kalah dari Prancis dan kemudian dari Kroasia dalam perebutan tempat ketiga.
Pertemuan di Gillette Stadium ini akan menjadi kali kedua Skotlandia dan Maroko saling berhadapan. Dalam pertemuan sebelumnya di Piala Dunia 1998, Maroko berhasil meraih kemenangan telak 3-0.
TimSkotlandia asuhan Steve Clarke diperkirakan akan mempertahankan susunan pemain yang sama seperti saat melawan Haiti, mengingat kondisi tim yang kuat. Dalam enam pertandingan terakhir di semua kompetisi, Skotlandia mencatat empat kemenangan dan dua kekalahan. Namun, bek Scott McKenna diragukan tampil karena cedera betis.
Ikuti berita bola terbaru di Sport Liputan6
Meskipun Che Adams dan Lawrence Shankland sempat kesulitan memberikan dampak di pertandingan sebelumnya, keduanya kemungkinan besar akan tetap mengisi lini serang. John McGinn dan Scott McTominay akan beroperasi di lini tengah yang lebih dalam. Ben Gannon-Doak diharapkan mempertahankan posisinya di sisi kanan, mengungguli Ryan Christie.
Sementara itu, Maroko juga diprediksi tidak akan banyak mengubah susunan pemain dari laga melawan Brasil, karena tidak ada laporan cedera baru. Dalam enam pertandingan terakhir di semua kompetisi, Atlas Lions mencatatkan tiga kemenangan dan tiga hasil imbang.
Ismael Saibari, yang akan bergabung dengan Bayern Munchen musim panas ini, mencetak gol ke gawang Brasil dan diperkirakan akan tetap menjadi ujung tombak serangan Atlas Lions. Brahim Diaz dari Real Madrid dan Noussair Mazraoui dari Manchester United juga akan menjadi starter penting bagi Maroko.
Perkiraan Pemain
Skotlandia:  Gunn; Hickey, Hendry, Hanley, Robertson; Gannon-Doak, Ferguson, McTominay, McGinn; Adams, Shankland.
Maroko: Bono; Hakimi, Diop, Riad, Mazraoui; El Aynaoui, Bouaddi; Diaz, Ounahi, El Khannouss; Saibari.
Advertisement
Advertisement
Copyright © 2026 Liputan6.com
KLY KapanLagi Youniverse All Right Reserved."
"Roy Suryo Sudah Menduga Bakal Dijemput Polisi, Tidak Marah dan Panik",https://berita.liputan6.com/peristiwa/read/7893530/roy-suryo-sudah-menduga-bakal-dijemput-polisi-tidak-marah-dan-panik,Liputan6,berita,2026-06-19,"Menurut tim kuasa hukumnya, Roy tidak panik maupun melakukan perlawanan ketika dibawa untuk menjalani pemeriksaan.
Liputan6.com, Jakarta - Polisi menangkap Roy Suryo , tersangka kasus tudingan ijazah palsu Joko Widodo atau Jokowi. Tim kuasa hukum menceritakan detik-detik penangkapan Roy Suryo. Roy tetap tenang saat penyidik Polda Metro Jaya menjemputnya di rumahnya di kawasan Bintaro, Tangerang, Jumat (19/6/2026).
Menurut tim kuasa hukumnya, Roy tidak panik maupun melakukan perlawanan ketika dibawa untuk menjalani pemeriksaan.
“Roy tenang sekali. Enggak panik, enggak marah-marah. Dia ikut saja,” kata kuasa hukum Roy, Ahmad Khozinudin, di Polda Metro Jaya.
Advertisement
Saat itu, Roy hanya meminta penyidik memperlihatkan surat tugas dan surat penangkapan sebelum ikut ke Polda Metro Jaya. Menurut dia, Roy sudah memperkirakan penangkapan itu akan terjadi.
“Istrinya cerita, Bang Roy memang sudah menduga itu akan terjadi. Jadi dia tenang,” ujarnya.
Ketika didatangi penyidik, Roy baru saja beristirahat setelah pulang dari Bandung. Malam sebelumnya, Roy menjadi pembicara dalam sebuah acara diskusi. Kliennya baru tiba di rumah sekitar pukul 03.00 WIB.
Saat penangkapan berlangsung, penyidik masuk ke dalam rumah hingga memeriksa sejumlah ruangan.
“Istrinya sempat marah. Katanya, ‘Ini kan ruang privasi orang’,” tutur Ahmad Khozinudin.
Roy Suryo sempat meminta penyidik menunggu penasihat hukum datang. Namun permintaan itu tidak diindahkan.
“Petugas datang pagi-pagi mengaku dari penyidik. Mau melakukan penangkapan,” kata Ahmad.
Roy sempat memprotes tindakan tersebut. Kuasa hukum menyebut Roy dipaksa untuk ikut ke Polda Metro Jaya.
“Kalau enggak mau ikut, saya borgol,” ujar Ahmad menirukan ucapan yang disebut disampaikan petugas saat penangkapan.
Menurut Ahmad, penyidik menyampaikan alasan penangkapan. Roy Suryo dianggap tidak kooperatif dan dikhawatirkan mengulangi perbuatannya. Kuasa hukum mempertanyakan alasan itu.
“Mengulangi perbuatan apa? Itu yang kami komplainkan,” ujarnya.
Meski begitu, lanjut Ahmad, Roy Suryo tetap bersikap tenang saat dibawa ke Polda Metro Jaya.
“Roy tenang saja. Dia hanya meminta diperlihatkan surat tugas dan surat penangkapan,” katanya.
Ahmad juga mengungkapkan istri Roy menolak menandatangani surat penangkapan yang dibawa penyidik. Dokumen tersebut kemudian dibawa kembali oleh petugas.
Saat ini tim kuasa hukum masih mendampingi pemeriksaan Roy Suryo di Polda Metro Jaya.
Menurut Ahmad, apabila penyidik memutuskan menahan kliennya, pihaknya akan mengajukan permohonan penangguhan penahanan.
Advertisement
Advertisement
Advertisement
Advertisement
Copyright © 2026 Liputan6.com
KLY KapanLagi Youniverse All Right Reserved."
Prediksi Brasil vs Haiti: Berburu Kemenangan Perdana Piala Dunia 2026 di Philadelphia,https://www.liputan6.com/bola/read/7893076/prediksi-brasil-vs-haiti-berburu-kemenangan-perdana-piala-dunia-2026-di-philadelphia,Liputan6,olahraga,2026-06-19,"Brasil menghadapi Haiti di Lincoln Financial Field, Sabtu (20/6/2026), dalam upaya meraih kemenangan pertama di Piala Dunia 2026.
Liputan6.com, Jakarta - Brasil akan berupaya keras meraih kemenangan perdana di ajang Piala Dunia 2026 saat menghadapi Haiti. Pertandingan krusial ini dijadwalkan berlangsung di Lincoln Financial Field, Philadelphia, Sabtu (20/6/2026) pukul 07.30 WIB.
Skuad asuhan Carlo Ancelotti saat ini menduduki posisi ketiga di Grup C. Mereka memiliki poin yang sama dengan Maroko yang berada di peringkat kedua, dan terpaut dua poin dari Skotlandia yang memimpin grup. Sementara itu, Haiti menempati dasar klasemen dengan nol poin menjelang pertandingan kedua mereka.
Brasil, yang dianggap sebagai salah satu favorit juara Piala Dunia 2026, dituntut untuk menunjukkan peningkatan performa signifikan. Kemenangan di laga ini sangat penting untuk menjaga asa mereka melaju ke babak selanjutnya, mengingat Haiti diprediksi akan menjadi lawan yang sulit untuk ditaklukkan.
Pada pertandingan pembuka, Brasil tidak tampil dalam performa terbaik saat melawan Maroko. Namun, gol spektakuler dari Vinicius Junior berhasil menyelamatkan tim Ancelotti dan mengamankan satu poin. Hasil imbang tersebut menempatkan Amarelinha di posisi ketiga Grup C.
Meskipun memiliki lima gelar Piala Dunia, terakhir diraih pada tahun 2002, Brasil belum berhasil melaju melewati babak perempat final sejak edisi 2014. Tim Ancelotti akan menyelesaikan fase grup mereka dengan menghadapi Skotlandia pada 24 Juni mendatang.
Kekalahan dari Haiti akan membuat posisi Brasil semakin sulit, mengharuskan mereka meraih hasil positif di pertandingan terakhir untuk bisa melaju ke babak selanjutnya.
Haiti menunjukkan banyak momen positif dalam pertandingan pembuka Piala Dunia 2026 melawan Skotlandia, meskipun akhirnya harus menelan kekalahan tipis 1-0 akibat gol John McGinn di babak pertama. Jika Haiti kalah dari Brasil dan Maroko berhasil mengalahkan Skotlandia, mereka akan langsung tersingkir dari Piala Dunia karena tidak mungkin lagi finis di posisi ketiga.
The Grenadiers pernah tampil di Piala Dunia pada tahun 1974, di mana mereka kalah dalam ketiga pertandingan yang dimainkan. Oleh karena itu, meraih satu poin saja di fase grup ini akan menjadi catatan sejarah bagi Haiti.
Ikuti berita bola terbaru di Sport Liputan6
Pelatih Sebastien Migne menyadari bahwa timnya akan menghadapi Brasil sebagai tim yang sangat tidak diunggulkan. Namun, penampilan mereka melawan Skotlandia telah meningkatkan kepercayaan diri skuadnya secara signifikan.
Para pelatih lokal di Haiti, seperti Jean Eddy Theagene, mengaku optimistis timnya mampu memberikan kejutan. Theagene bahkan menilai duel melawan Brasil sebagai pertandingan '50 banding 50', menyoroti generasi pemain Haiti yang kini lebih berkualitas dan bermain di klub-klub Eropa seperti Sunderland dan Wolverhampton.
Menurutnya, pengalaman internasional para pemain ini membuat Haiti tidak lagi gentar menghadapi tim-tim besar. Solidaritas dan kekompakan tim juga menjadi modal utama Haiti.
Advertisement
Advertisement
Copyright © 2026 Liputan6.com
KLY KapanLagi Youniverse All Right Reserved."
IHSG Sesi Pertama Melemah ke 6.127,https://www.liputan6.com/saham/read/7893509/ihsg-sesi-pertama-melemah-ke-6127,Liputan6,saham,2026-06-19,"Laju Indeks Harga Saham Gabungan (IHSG) bergerak di zona merah di tengah mayoritas sektor saham yang tertekan pada sesi pertama, Jumat, (19/6/2026).
Liputan6.com, Jakarta - Laju Indeks Harga Saham Gabungan ( IHSG )  bervariasi pada sesi pertama perdagangan saham , dan ditutup di zona merah. IHSG sesi pertama melemah di tengah mayoritas sektor saham tertekan, dan nilai tukar rupiah terhadap dolar Amerika Serikat kembali di posisi 17.800.
Mengutip data RTI, IHSG ditutup turun 0,73% ke 6.127,32 pada sesi pertama. Indeks LQ45 terpangkas 1,15% menjadi 609,83. Sebagian besar indeks saham acuan tertekan.
Pada sesi pertama, IHSG berada di level tertinggi 6.215,06 dan terendah 6.117,30. Sebanyak 355 saham melemah sehingga bebani IHSG. 297 saham menguat dan 152 saham diam di tempat. Total frekuensi perdagangan saham 1.027.352 kali dengan volume perdagangan saham 13,9 miliar saham. Nilai transaksi harian saham Rp 8,2 triliun. Posisi dolar Amerika Serikat (AS) terhadap rupiah di kisaran 17.836.
Advertisement
Dari 11 sektor saham yang tertekan, sektor saham consumer nonsilikal naik 0,12%. Sementara itu, sektor saham kesehatan melemah 2,43%, dan catat koreksi terbesar. Sektor saham energi terpangkas 0,44%, sektor saham basic turun 1,03%, sektor saham industri tergelincir 1,37%.
Lalu sektor saham consumer siklikal melemah 0,05%, sektor saham keuangan terperosok 0,99%, sektor saham properti susut 1,78%, sektor saham teknologi turun 0,67%, sektor saham infrastruktur merosot 0,29% dan sektor saham transportasi terpangkas 0,06%.
Pada sesi pertama, saham MORA naik 10% menjadi Rp 7.150 per saham. Harga saham MORA dibuka naik 50 poin menjadi Rp 6.550 per saham. Saham MORA berada di level tertinggi Rp 7.250 dan level terendah Rp 6.425 per saham. Total frekuensi perdagangan saham 997 kali dengan volume perdagangan 4.961 saham. Nilai transaksi Rp 3,4 miliar.
Harga saham TOBA ditutup naik 0,49% menjadi Rp 410 per saham. Harga saham TOBA dibuka menguat dua poin menjadi Rp 410 per saham. Saham TOBA berada di level tertinggi Rp 420 dan terendah Rp 410 per saham. Total frekuensi perdagangan saham 460 kali dengan volume perdagangan saham 17.574 saham. Nilai transaksi Rp 729,7 juta.
Harga saham ASII ditutup naik 0,42% menjadi Rp 4.790 per saham pada sesi pertama. Harga saham ASII dibuka stagnan di Rp 4.770 per saham. Harga saham ASII berada di level tertinggi Rp 4.830 dan terendah Rp 4.750 per saham. Total frekuensi perdagangan 4.245 kali dengan volume perdagangan saham 106.681 saham. Nilai transaksi harian saham Rp 51 miliar.
Harga saham BRMS melemah 2,24% menjadi Rp 655 per saham. Saham BRMS dibuka stagnan di Rp 670 per saham. Harga saham BRMS berada di level tertinggi Rp 685 dan terendah Rp 650 per saham. Total frekuensi perdagangan 11.995 kali dengan volume perdagangan saham 1.808.564 saham. Nilai transaksi Rp 121 miliar.
Advertisement
Advertisement
IHSG Berpeluang Reli Usai MSCI Pertahankan Indonesia di Emerging Market
IHSG Bergejolak Usai Rilis MSCI
Rekomendasi Saham 19 Juni 2026: BUMI, DSSA, ANTM, MBMA, hingga CUAN
Advertisement
Advertisement
Copyright © 2026 Liputan6.com
KLY KapanLagi Youniverse All Right Reserved."
MSCI Umumkan Hasil Review Klasifikasi Pasar Saham Pekan Depan,https://www.liputan6.com/saham/read/7893528/msci-umumkan-hasil-review-klasifikasi-pasar-saham-pekan-depan,Liputan6,saham,2026-06-19,"MSCI mengumumkan hasil tinjauan klasifikasi pasar tahunan termasuk status pasar saham Indonesia pada 23 Juni 2026 waktu setempat.
Liputan6.com, Jakarta - Penyedia indeks global, MSCI Inc merilis hasil tinjauan aksesibilitas pasar global MSCI 2026  atau MSCI 2026 Global Market Accessibility Review terhadap 79 pasar saham . Dari hasil tinjauan aksesibilitas pasar itu di emerging market atau pasar negara berkembang, dalam siklus peninjauan terdampat lebih banyak peningkatan peringkat daripada penurunan di seluruh pasar negara berkembang.
Adapun penurunan disebabkan oleh masalah struktural terkait kurangnya transparansi dalam struktur terkait kurangnya transparansi dalam struktur kepemilikan saham dan kekhawatiran tentang perdagangan yang terkoordinasi di Indonesia dan Turki yang berdampak pada kriteria arus informasinya. Demikian mengutip laman msci.com, Jumat, (19/6/2026).
MSCI menurunkan penilaian Information Flow Indonesia dari “+” menjadi “-”. Lembaga tersebut menilai masih terdapat kekhawatiran terkait kemudahan investasi (investability) akibat keterbatasan transparansi dalam struktur kepemilikan saham serta adanya perilaku perdagangan yang terkoordinasi (coordinated trading behavior) yang berpotensi mengganggu proses pembentukan harga saham secara wajar.
Advertisement
Selain itu, MSCI juga mencatat, informasi rinci mengenai pasar saham Indonesia tidak selalu tersedia dalam bahasa Inggris. Kondisi ini dinilai dapat membatasi akses investor institusi global terhadap informasi yang dibutuhkan dalam proses pengambilan keputusan investasi.
Meski terdapat penurunan penilaian pada aspek arus informasi, Indonesia tetap mempertahankan statusnya sebagai pasar berkembang (Emerging Market) dalam tinjauan aksesibilitas pasar MSCI tahun 2026.
MSCI turut mencatat sejumlah tantangan lain yang masih dihadapi pasar modal Indonesia, antara lain belum tersedianya pasar valuta asing offshore yang efisien, pembatasan tertentu pada transaksi valuta asing domestik, serta keterbatasan pada aktivitas peminjaman saham (stock lending) dan transaksi short selling.
Tinjauan Aksesibilitas Pasar Global MSCI tidak termasuk Bulgaria yang dirilis hari ini. Informasi untuk Bulgaria akan tersedia pada 23 Juni 2026, bersamaan dengan pengumuman tinjauan klasifikasi pasar tahunan MSCI 2026. Adapun Bulgaria sedang dalam tinjauan untuk potensi reklasifikasi dari status standalone market menjadi frontier market.
Tinjauan Aksesibilitas Pasar Global bertujuan menilai dan melacak evolusi aksesibilitas di masing-masing pasar, dan untuk memberi tahu otoritas pasar tentang area yang dianggap oleh investor institusional global tidak memenuhi standar internasional dan akan menyambut baik perbaikan.
Sesuai dengan tahun-tahun sebelumnya, Tinjauan Aksesibilitas Pasar Global MSCI 2026 memberikan penilaian terperinci tentang aksesibilitas pasar untuk setiap pasar ekuitas yang termasuk dalam Indeks MSCI dan mengevaluasi lima kriteria aksesibilitas pasar berikut:
Kelima kriteria ini mencerminkan area yang umumnya sangat ditekankan oleh investor institusional internasional ketika mengevaluasi aksesibilitas investasi suatu pasar, termasuk perlakuan yang sama terhadap investor, arus modal yang bebas, biaya investasi, penggunaan data pasar saham yang tidak terbatas, dan risiko spesifik pasar.
MSCI menggunakan 18 ukuran aksesibilitas yang berbeda untuk menilai kelima kriteria ini, yang dijelaskan secara rinci dalam laporan Tinjauan Aksesibilitas Pasar Global MSCI 2026.
Aksesibilitas pasar, bersama dengan perkembangan ekonomi dan ukuran serta likuiditas, menentukan klasifikasi pasar menjadi develop, emerging, frontier, dan standalone. Klasifikasi pasar merupakan masukan kunci dalam proses penyusunan indeks karena menentukan komposisi kumpulan peluang investasi yang akan diwakili. Hasil Tinjauan Klasifikasi Pasar Tahunan MSCI 2026 akan diumumkan pada 23 Juni 2026.
Advertisement
Advertisement
Advertisement
Advertisement
Copyright © 2026 Liputan6.com
KLY KapanLagi Youniverse All Right Reserved."
Intip Perbandingan Harga Emas 24 Karat Hari Ini dari Berbagai Platform,https://www.liputan6.com/bisnis/read/7893463/intip-perbandingan-harga-emas-24-karat-hari-ini-dari-berbagai-platform,Liputan6,ekonomi,2026-06-19,"Harga emas 24 karat menunjukkan variasi signifikan antar penyedia pada 19 Juni 2026, berikut daftarnya.
Liputan6.com, Jakarta - Fluktuasi harga emas 24 karat menjadi perhatian utama bagi investor dan konsumen di Indonesia. Pada Jumat, 19 Juni 2026, sejumlah platform penyedia emas merilis daftar harga terkini, menunjukkan perbedaan nilai jual dan beli di pasar. Data ini mencakup harga emas batangan, emas perhiasan, hingga emas digital, yang penting untuk dicermati sebelum melakukan transaksi.
Antam dan Pegadaian menjadi beberapa sumber yang menyediakan informasi harga emas 24 karat untuk hari ini. Perbedaan harga yang tercatat di setiap platform mencerminkan dinamika pasar serta kebijakan masing-masing penyedia.
Berikut daftar harga emas di Pegadaian:
Advertisement
Sementara itu, Harga emas yang dijual PT Aneka Tambang Tbk (Antam) pada hari ini, Jumat (19/6/2026) kembali merosot. harga emas antam hari ini lebih murah Rp 30.000 per gram. Dengan demikian, harga emas Antam turun Rp 60.000 dalam dua hari.
Mengutip laman Logam Mulia, harga emas antam hari ini dibanderol Rp 2.673.000 per gram. Sementara itu, pada perdagangan kemarin harga emas Antam dipatok Rp 2.703.000 per gram.
Harga buyback emas Antam turun lebih dalam, yakni sebesar Rp 67.000. Harga buyback emas Antam hari ini ditetapkan Rp 2.408.000 per gram.
Sebagai informasi, harga buyback merupakan harga yang berlaku jika pemilik emas menjual kembali emasnya kepada Antam. Dengan demikian, Antam akan membeli emas tersebut seharga Rp 2.408.000 per gram.
Harga emas Antam pernah mencetak rekor tertinggi sepanjang sejarah pada Kamis, 29 Januari 2026, yakni sebesar Rp 3.168.000 per gram. Sementara itu, harga buyback saat itu berada di level Rp 2.989.000 per gram.
Informasi mengenai harga emas Antam ini bersumber dari situs resmi Logam Mulia, unit bisnis PT Aneka Tambang Tbk. Dengan demikian, data yang disajikan memiliki tingkat akurasi dan kredibilitas yang tinggi bagi masyarakat.
Berikut daftar harga emas Antam terbaru:
Advertisement
Sebelumnya, harga emas dunia melemah tipis pada Kamis, 18 Juni 2026 (Jumat waktu Jakarta). Koreksi harga emas terjadi oleh sinyal kebijakan hawkish dari bank sentral Amerika Serikat (AS) atau the Federal Reserve (the Fed) dan dolar AS yang lebih kuat. Sementara itu, kesepakatan gencatan senjata AS-Iran yang mengurangi kekhawatiran inflasi dan menurunkan pasar minyak memberikan tekanan ke harga.
Mengutip CNBC, Jumat, (19/6/2026), harga emas di pasar spot turun 0,6% menjadi US$ 4.232,01 per ounce. Harga emas spot menyentuh level terendah sejak November 2025. Harga emas berjangka AS anjlok 3,1% menjadi US$ 4.245,90.
""Hal sangat signifikan adalah kecenderungan hawkish dari the Fed kemarin. Itu membuat dolar AS mencapai level tertinggi baru tahun ini, yang membuat emas tetap berada di bawah tekanan,” ujar Vice President and Senior Metal Strategist Zaner Metals, Peter Grant.
The Fed mempertahankan suku bunga pada Rabu pekan ini. Namun, sembilan dari 19 pembuat kebijakan melihat perlu kenaikan suku bunga pada akhir tahun.
Dolar AS menguat setelah pernyataan kebijakan dan saat ini berada pada level tertinggi dalam satu tahun, membuat emas batangan yang dihargai dalam dolar AS menjadi lebih mahal bagi pembeli luar negeri.
Pasar sekarang memprediksi peluang kenaikan suku bunga AS sebesar 88% pada Desember, menurut CME FedWatch Tool. Hal ini lebih tinggi dari peluang 61% yang terlihat dalam pernyataan kebijakan the Fed.
Emas, aset yang tidak memberikan imbal hasil, biasanya kesulitan dalan lingkungan suku bunga tinggi. Harga emas telah berada di bawah tekanan sejak awal konflik di Timur Tengah, karena kenaikan biaya bahan bakar memicu kekhawatiran inflasi.
AS dan Iran merilis teks perjanjian sementara yang ditandatangani presiden untuk mengakhiri perang pada Rabu pekan ini.Presiden AS Donald Trump mengancam akan melanjutkan serangan jika Iran gagal memenuhi komitmen.
Harga minyak mentah Brent merosot ke level terendah sejak 2 Maret. Sedangkan harga minyak mentah WTI berada di level terendah sejak 4 Maret.
Baca berita terkini dan terpercaya di Berita Liputan6
Advertisement
Advertisement
Advertisement
Copyright © 2026 Liputan6.com
KLY KapanLagi Youniverse All Right Reserved."
"Kurir Ketakutan Usai Konsumsi Sabu, Tinggalkan Paket Narkoba 36 Kg di Bus",https://berita.liputan6.com/regional/read/7893498/kurir-ketakutan-usai-konsumsi-sabu-tinggalkan-paket-narkoba-36-kg-di-bus,Liputan6,regional,2026-06-19,"Dua kurir narkoba asal Bogor ditangkap setelah kembali mengambil 36 kilogram sabu yang mereka tinggalkan di bus ALS.
Liputan6.com, Lampung - Aksi nekat dua kurir narkoba berujung petaka. Setelah diduga mengonsumsi sabu , keduanya justru dilanda ketakutan hingga meninggalkan paket sabu seberat 36 kilogram di dalam bus Antar Lintas Sumatera (ALS) yang melayani rute Medan-Bandung.
Kedua tersangka berinisial AWP dan AR, warga Kota Bogor, Jawa Barat. Mereka ditangkap jajaran Satresnarkoba Polres Lampung Selatan setelah berupaya mengambil kembali paket sabu yang sebelumnya ditinggalkan di dalam bus, pada awal Juni 2026 lalu.
Kasatresnarkoba Polres Lampung Selatan AKP Widodo Prasojo mengungkapkan, kedua pelaku dijanjikan upah sebesar Rp 80 juta apabila berhasil mengantarkan sabu asal Medan tersebut ke Bandung.
Advertisement
""Mereka dijanjikan upah Rp 80 juta untuk membawa sabu 36 kilogram dari Medan menuju Bandung,"" kata Widodo kepada Liputan6.com , Jumat (19/6/2026).
Menurut dia, kedua pelaku awalnya membawa langsung dua tas berisi sabu menggunakan bus ALS dari Medan. Namun saat bus berhenti di sebuah rumah makan di wilayah Pesawaran, Lampung, keduanya tiba-tiba turun dan meninggalkan barang haram tersebut di dalam kendaraan.
Polisi menduga tindakan itu dipicu rasa takut berlebihan setelah keduanya mengonsumsi sabu.
""Kami tanya kenapa barang itu ditinggal. Jawabannya karena parno. Ada ketakutan setelah memakai sabu,"" ucap Widodo.
Widodo menjelaskan, saat pemeriksaan di Pelabuhan Bakauheni, petugas mencurigai dua tas yang tertinggal di dalam bus. Setelah dilakukan pengecekan, ditemukan puluhan kilogram sabu di dalamnya.
Polisi kemudian melakukan penyelidikan dan berkoordinasi dengan sejumlah pool ALS yang menjadi tujuan perjalanan bus tersebut, mulai dari Lampung hingga Bandung.
Petugas sengaja melakukan operasi penyamaran dengan memancing pihak yang merasa memiliki paket tersebut untuk datang mengambilnya.
""Tiga hari kami pancing. Ada yang menghubungi menanyakan paket itu. Hari ketiga, dua orang datang untuk mengambil dan langsung kami amankan,"" beber Widodo.
Hasil pemeriksaan mengungkap bahwa dua orang yang datang mengambil paket tersebut merupakan kurir yang sama yang berangkat dari Medan membawa sabu tersebut.
Kini AWP dan AR harus mempertanggungjawabkan perbuatannya. Polisi masih mendalami jaringan narkoba yang memasok sabu puluhan kilogram tersebut serta memburu pihak lain yang terlibat dalam pengiriman narkotika lintas provinsi itu.
Advertisement
Advertisement
Advertisement
Advertisement
Copyright © 2026 Liputan6.com
KLY KapanLagi Youniverse All Right Reserved."
"Laporan Liputan6.com dari Hong Kong: Pesona DFSK E5 Plus, SUV dengan Teknologi PHEV",https://www.liputan6.com/otomotif/read/7893383/laporan-liputan6com-dari-hong-kong-pesona-dfsk-e5-plus-suv-dengan-teknologi-phev,Liputan6,otomotif,2026-06-19,"Liputan6.com berkesempatan melihat langsung DFSK E5 Plus dalam peluncuran globalnya di Hong Kong
Liputan6.com, Hong Kong - Pasar mobil hybrid di Indonesia bakal kedatangan pemain baru. Dalam ajang International Automotive & Supply Chain Expo 2026 di Hong Kong, Kamis (18/6/2026), DFSK resmi memperkenalkan amunisi anyarnya, DFSK E5 Plus versi setir kanan (right-hand drive/RHD).
Model ini menjadi salah satu kendaraan elektrifikasi terbaru DFSK yang dipersiapkan untuk negara-negara dengan sistem kemudi kanan, termasuk Indonesia. Kehadiran versi RHD tersebut sekaligus menjadi bagian dari strategi DFSK dalam memperluas jangkauan kendaraan energi baru di kawasan Asia Tenggara.
Liputan6.com berkesempatan melihat langsung DFSK E5 Plus dalam peluncuran globalnya di Hong Kong. SUV elektrifikasi ini tampil dengan desain modern khas kendaraan keluarga, dipadukan sejumlah teknologi terbaru untuk bersaing di segmen kendaraan ramah lingkungan.
Advertisement
DFSK E5 Plus hadir sebagai SUV plug-in hybrid electric vehicle (PHEV) yang dirancang untuk kebutuhan keluarga. Mobil ini memiliki panjang sekitar 4,76 meter dan tersedia dalam konfigurasi lima hingga tujuh penumpang.
Secara desain, E5 Plus mengusung tampilan modern khas SUV masa kini. Bagian depan terlihat futuristis berkat penggunaan lampu utama yang dipadukan dengan LED strip memanjang, menciptakan kesan lebih modern.
Sementara itu, bagian belakang tampil cukup elegan dengan logo DFSK yang ditempatkan di tengah pintu bagasi. Identitas sebagai kendaraan plug-in hybrid juga ditunjukkan melalui emblem PHEV yang terpasang di sisi kiri bawah.
Masuk ke dalam kabin, suasana interior DFSK E5 Plus terasa rapi dan modern. Dashboard mengusung desain dengan garis-garis tegas yang memperkuat karakter futuristis kendaraan ini.
Kesan modern semakin terasa berkat hadirnya layar berukuran besar yang menjadi pusat pengaturan berbagai fitur kendaraan. Tata letak kabin juga dirancang untuk memberikan kenyamanan bagi pengemudi maupun penumpang.
Pada baris kedua dan ketiga, ruang kabin terlihat cukup lega layaknya SUV keluarga pada umumnya.
Selain menawarkan desain modern, DFSK E5 Plus juga dibekali teknologi SERES Super Hybrid. Berdasarkan standar pengujian WLTP, mobil ini diklaim mampu menempuh jarak hingga 1.200 kilometer dalam kondisi baterai dan tangki bahan bakar terisi penuh.
Untuk mendukung keselamatan berkendara, E5 Plus dilengkapi radar gelombang milimeter dan 22 sensor yang mendukung berbagai fitur bantuan pengemudi. Tersedia pula kamera panoramik 540 derajat untuk membantu visibilitas saat bermanuver.
DFSK juga menyebut versi setir kanan telah mendapatkan sejumlah penyesuaian untuk pasar Asia Tenggara, termasuk pada sistem bantuan berkendara dan antarmuka pengguna.
Perlu diketahui, seluruh informasi dan spesifikasi yang ditampilkan dalam peluncuran di Hong Kong masih mengacu pada DFSK E5 Plus versi global.
Adapun spesifikasi, fitur, serta konfigurasi kendaraan yang akan dipasarkan di Indonesia nantinya akan disesuaikan dengan kebutuhan konsumen lokal dan diumumkan secara resmi saat peluncuran di Tanah Air.
Advertisement
Advertisement
Advertisement
Advertisement
Copyright © 2026 Liputan6.com
KLY KapanLagi Youniverse All Right Reserved."
Prediksi Turki vs Paraguay: Misi Jaga Nyawa di Piala Dunia 2026,https://www.liputan6.com/bola/read/7893090/prediksi-turki-vs-paraguay-misi-jaga-nyawa-di-piala-dunia-2026,Liputan6,olahraga,2026-06-19,"Kedua tim yang kalah di laga pembuka Grup D Piala Dunia 2026 ini akan saling berhadapan di San Francisco untuk menjaga asa lolos ke babak berikutnya.
Liputan6.com, Jakarta - Turki dan Paraguay berhadapan dalam pertandingan krusial Grup D Piala Dunia 2026 di Stadion San Francisco Bay Area, California, Sabtu (20/6/2026) pukul 10.00 WIB.
Pertemuan ini menjadi sangat penting bagi kedua tim yang sama-sama menelan kekalahan pada laga pembuka, membuat mereka tertinggal di belakang Amerika Serikat dan Australia dalam klasemen sementara. Baik Turki maupun Paraguay tidak bisa lagi menanggung kekalahan jika ingin menjaga peluang mereka untuk melaju ke babak selanjutnya.
Pertandingan ini menandai pertemuan kompetitif pertama antara kedua negara. Turki, yang kembali tampil di Piala Dunia setelah 24 tahun, sebelumnya meraih perunggu pada edisi 2002. Sementara itu, Paraguay berhasil mengakhiri penantian 14 tahun untuk kembali berlaga di turnamen sepak bola terbesar dunia ini.
Turki memulai kampanye Piala Dunia 2026 dengan kekalahan 0-2 dari Australia di Vancouver, meskipun mendominasi penguasaan bola hingga 72 persen dan melepaskan 30 tembakan tanpa mencetak gol. Hasil ini menimbulkan keraguan terhadap status mereka sebagai 'kuda hitam' yang berbahaya, meskipun sebelumnya tim asuhan Vincenzo Montella mencatat tujuh kemenangan dan satu hasil imbang sejak dikalahkan 0-6 oleh Spanyol dalam kualifikasi UEFA September lalu.
""Kami masih memiliki enam poin yang bisa diperebutkan. Pertandingan pertama dari dua laga tersisa adalah melawan Paraguay dan kami ingin memenangkan pertandingan itu serta meraih tiga poin,"" ungkap kiper Turki Ugurcan Cakir.
Montella diperkirakan akan melakukan penyesuaian pada susunan pemain. Bintang Turki Kenan Yildiz, yang mengalami masalah kebugaran dan betis sehingga tidak menjadi starter melawan Australia, kemungkinan besar akan kembali tampil sebagai pemain pengganti.
Arda Guler, Baris Alper Yilmaz, dan Orkun Kokcu diharapkan mengisi lini serang, dengan Kerem Akturkoglu atau Deniz Gul memimpin di lini depan. Kapten Hakan Calhanoglu akan bertanggung jawab atas tendangan bebas di lini tengah, sementara bek sayap Ferdi Kadioglu, yang menciptakan lima peluang di laga sebelumnya, akan menjaga sisi kiri.
Paraguay juga mengalami awal yang sulit di Grup D, takluk 1-4 dari tuan rumah Amerika Serikat di Los Angeles. Mereka sempat tertinggal 0-3 di babak pertama sebelum Mauricio mencetak gol balasan, dibantu oleh umpan Julio Enciso. Kekalahan ini memperpanjang tradisi buruk Paraguay yang hanya memenangkan satu dari sembilan pertandingan pembuka Piala Dunia mereka.
Ikuti berita bola terbaru di Sport Liputan6
Sebelum kekalahan tersebut, tim asuhan Gustavo Alfaro dikenal memiliki pertahanan yang ketat dan berhasil mencatat tiga kemenangan dari empat pertandingan. Alfaro, pelatih Argentina ketiga yang menangani La Albirroja di Piala Dunia, dipuji karena membimbing timnya melalui kualifikasi CONMEBOL, termasuk kemenangan mengejutkan atas Brasil dan Argentina. Namun, skuadnya kini menghadapi ancaman eliminasi dini di fase grup jika gagal meraih poin di San Francisco.
Paraguay menghadapi dua keraguan besar terkait kondisi pemain, yaitu Gustavo Caballero yang absen melawan Amerika Serikat karena masalah otot, dan Ramon Sosa yang memiliki masalah pergelangan kaki.
Alexandro Maidana berpotensi menggantikan Junior Alonso di bek kiri setelah penampilan yang kurang memuaskan di laga sebelumnya. Omar Alderete dari Sunderland dan kapten Gustavo Gomez diperkirakan akan tetap menjadi pilihan utama di posisi bek tengah.
Mauricio, yang mencetak gol sebagai pemain pengganti, berharap bisa menjadi starter. Lini depan Alfaro kemungkinan akan diisi oleh Julio Enciso, Miguel Almiron, dan Diego Gomez yang mendukung striker tunggal Tonny Sanabria, pencetak gol terbanyak Paraguay di kualifikasi dengan empat gol.
Advertisement
Advertisement
Copyright © 2026 Liputan6.com
KLY KapanLagi Youniverse All Right Reserved."
Cristiano Ronaldo Diminta Mengalah demi Masa Depan Portugal di Piala Dunia 2026,https://www.liputan6.com/bola/read/7893579/cristiano-ronaldo-diminta-mengalah-demi-masa-depan-portugal-di-piala-dunia-2026,Liputan6,olahraga,2026-06-19,"Kevin-Prince Boateng meminta Cristiano Ronaldo menerima peran cadangan di Portugal. Ia menilai perubahan itu bisa membantu tim melaju jauh.
Liputan6.com, Jakarta - Kevin-Prince Boateng menilai Portugal perlu mempertimbangkan perubahan peran Cristiano Ronaldo setelah awal yang kurang meyakinkan di Piala Dunia 2026 . Mantan pemain timnas Ghana itu menyampaikan pandangannya usai Portugal ditahan RD Kongo dengan skor 1-1 pada laga Grup K.
Hasil tersebut kembali memunculkan perdebatan mengenai posisi Ronaldo di susunan pemain utama Portugal. Penampilan sang kapten dalam pertandingan pembuka mendapat sorotan dari pengamat maupun suporter.
Boateng yang pernah memperkuat sejumlah tim besar Eropa menilai Portugal memiliki banyak talenta muda yang layak mendapat kesempatan lebih besar. Menurutnya, tim bisa tampil lebih cair jika tidak selalu bergantung pada Ronaldo.
Meski demikian, Boateng tetap memberikan penghormatan atas pencapaian luar biasa Ronaldo sepanjang kariernya. Ia hanya menilai Portugal perlu mengambil keputusan terbaik demi kepentingan tim secara keseluruhan.
Boateng menilai kehadiran Ronaldo di lapangan menciptakan situasi yang membuat rekan-rekannya terlalu fokus memberikan bola kepadanya. Kondisi tersebut dianggap memengaruhi kelancaran permainan menyerang Portugal.
Menurut Boateng, pemain muda Portugal membutuhkan ruang lebih besar untuk menunjukkan kemampuan mereka. Karena itu, ia merasa Ronaldo sebaiknya mengambil langkah berbeda demi membantu tim.
“Bolehkah saya jujur? Ronaldo, jika benar-benar seorang pemain yang mengutamakan tim, seharusnya mengalah dan membiarkan para pemain muda bersinar,” kata Boateng kepada SBS Sport .
Boateng berpendapat Portugal memiliki kualitas yang cukup untuk tampil efektif tanpa selalu mengandalkan sang kapten. Ia menilai tim akan memiliki variasi serangan yang lebih baik ketika tekanan terhadap Ronaldo berkurang.
Pandangan tersebut mengingatkan pada perdebatan yang muncul saat Piala Dunia 2022. Kala itu, Portugal sempat tampil impresif ketika Ronaldo memulai pertandingan dari bangku cadangan.
“Portugal adalah tim yang lebih baik tanpa dirinya. Ada begitu banyak tekanan ketika dia berada di tengah karena semua orang ingin memberikan bola kepadanya,” tutur Boateng.
Meski melontarkan kritik, Boateng menegaskan dirinya tetap mengagumi perjalanan karier Ronaldo. Ia menilai usia membuat peran pemain berusia 41 tahun itu perlu dikelola dengan lebih bijak.
Boateng percaya Ronaldo masih bisa memberikan dampak besar bagi Portugal. Namun, kontribusi tersebut dinilai lebih efektif jika diberikan pada fase tertentu dalam pertandingan.
“Jika Portugal ingin memiliki peluang untuk melaju jauh, saya percaya Ronaldo harus mengalah. Biarkan pemain lain bermain dan masuk dalam 15 hingga 20 menit terakhir untuk memberikan hasil besar bagi timnya,” jelas Boateng.
“Dia bukan lagi pemain yang sama seperti sebelumnya,” tegas Boateng.
Ikuti berita bola terbaru di Sport Liputan6
Kanada vs Qatar: Lopetegui Sebut Tekel Horor Modibo Bukan Kesengajaan
Advertisement
Advertisement
Copyright © 2026 Liputan6.com
KLY KapanLagi Youniverse All Right Reserved."
Kanada vs Qatar: Lopetegui Sebut Tekel Horor Modibo Bukan Kesengajaan,https://www.liputan6.com/bola/read/7893537/kanada-vs-qatar-lopetegui-sebut-tekel-horor-modibo-bukan-kesengajaan,Liputan6,olahraga,2026-06-19,"Julen Lopetegui membahas kekalahan Qatar dari Kanada di Piala Dunia 2026. Ia menyebut tekel yang dilakukan Assim Madibo terhadap pemain Kanada bukan karena kese
Liputan6.com, Jakarta - Julen Lopetegui menilai kartu merah yang diterima pemain Qatar , Assim Madibo , saat menghadapi Kanada terjadi karena insiden tanpa unsur kesengajaan. Qatar harus menelan kekalahan telak 0-6 dalam laga Piala Dunia 2026 di Vancouver, Jumat (19/6/2026).
Madibo mendapatkan kartu merah langsung setelah melakukan tekel keras yang membuat gelandang Kanada, Ismael Kone, mengalami patah kaki. Pemain Qatar itu kemudian disebut langsung meminta maaf kepada Kone setelah pertandingan.
Kanada tampil dominan sejak awal dan mampu mencetak tiga gol sebelum jeda pertandingan. Situasi semakin sulit bagi Qatar setelah mereka bermain dengan 10 pemain hingga akhirnya kebobolan tiga gol tambahan.
Kekalahan tersebut membuat Qatar harus memenangkan laga terakhir melawan Bosnia dan Herzegovina untuk menjaga peluang lolos. Lopetegui menyebut pertandingan tersebut akan menjadi laga penentuan bagi timnya.
Lopetegui merasa kejadian yang melibatkan Madibo dan Kone merupakan bagian dari situasi pertandingan. Ia berharap pemain Kanada tersebut segera pulih setelah menjalani perawatan.
Madibo menerima kartu merah langsung akibat tekel yang membuat Kone harus menjalani operasi. Meski kecewa dengan hasil pertandingan, Lopetegui tetap memberikan perhatian terhadap kondisi sang lawan.
“Saya ingin mendoakan yang terbaik untuk Ismael Kone, semoga dia bisa pulih secepat mungkin. Ini adalah hal utama, karena itu saya berharap yang terbaik untuknya,” kata Lopetegui.
“Itu adalah sebuah kecelakaan, apa yang terjadi. Saya yakin Assim tidak ingin menyebabkan cedera ini,” ujar Lopetegui.
Qatar lebih dulu kehilangan Homam Ahmed akibat kartu merah yang diterimanya di menit ke-33. Situasi mereka semakin sulit setelah Assim Madibo juga harus meninggalkan lapangan karena mendapat kartu merah.
Lopetegui menilai timnya tidak berjalan sesuai rencana dalam pertandingan tersebut. Ia mengakui Kanada memiliki kekuatan fisik dan kualitas pemain yang menyulitkan Qatar.
“Mereka adalah tim yang kuat secara fisik dan memiliki pemain-pemain cepat. Mereka mencetak gol dengan sangat cepat, ada satu momen penting ketika semua hal yang bisa menjadi buruk terjadi hari ini,” tutur Lopetegui.
“Setelah kami kebobolan gol pertama, pertandingan menjadi sangat sulit. Setelah mereka melepaskan tiga tembakan, mereka mencetak dua gol, dan mereka memiliki kualitas besar di lini depan,” tambah Lopetegui.
Kekalahan dari Kanada membuat Qatar berada dalam situasi sulit sebelum menghadapi Bosnia dan Herzegovina. Kedua tim sama-sama mengoleksi satu poin dari dua pertandingan dan akan bertemu pada 24 Juni.
Laga tersebut menjadi kesempatan terakhir Qatar untuk menjaga peluang menuju babak berikutnya. Lopetegui meminta para pemainnya segera pulih secara fisik dan mental.
“Kami harus memulihkan kondisi pemain secara fisik dan mental. Hari ini sangat berat bagi kami semua,” jelas Lopetegui.
“Kini kami memiliki satu final di depan kami, meskipun hari ini terasa sulit, kami berhasil mendapatkan hak untuk memainkan pertandingan ini,” tegas Lopetegui.
Sumber: Flashscore
Ikuti berita bola terbaru di Sport Liputan6
Prediksi Brasil vs Haiti: Berburu Kemenangan Perdana Piala Dunia 2026 di Philadelphia
Advertisement
Advertisement
Copyright © 2026 Liputan6.com
KLY KapanLagi Youniverse All Right Reserved."
Meksiko vs Korea Selatan: Cho Gue-sung Sesali Peluang Emas yang Terbuang,https://www.liputan6.com/bola/read/7893523/meksiko-vs-korea-selatan-cho-gue-sung-sesali-peluang-emas-yang-terbuang,Liputan6,olahraga,2026-06-19,"Cho Gue-sung menyesali peluang emas saat Korea Selatan kalah dari Meksiko di Piala Dunia 2026. Ia bertekad menang di laga berikutnya.
Liputan6.com, Jakarta - Cho Gue-sung mengakui rasa kecewa setelah Korea Selatan kalah 0-1 dari Meksiko pada pertandingan Piala Dunia 2026 , Jumat (19/6/2026) pagi WIB. Penyerang Korea Selatan itu menilai dirinya seharusnya bisa memanfaatkan peluang penting untuk mengubah jalannya pertandingan.
Korea Selatan sempat memiliki kesempatan menyamakan kedudukan melalui sundulan Cho pada akhir laga. Namun, bola hasil sundulannya masih melebar tipis sehingga gagal menghindarkan timnya dari kekalahan.
Peluang tersebut menjadi momen yang paling mengancam pertahanan Meksiko sepanjang pertandingan. Cho yang masuk sebagai pemain pengganti mengaku kecewa karena tidak mampu mencetak gol saat tim membutuhkannya.
Korea Selatan harus menerima hasil negatif akibat satu kesalahan yang membuat Meksiko membawa pulang kemenangan. Meski demikian, para pemain tetap bertekad bangkit dan memburu kemenangan pada pertandingan ketiga.
Cho Kyu-sung sebenarnya tampil berbahaya setelah masuk ke lapangan pada babak kedua. Ia hampir mencetak gol melalui sundulan yang membuat pertahanan Meksiko berada dalam tekanan.
Momen tersebut mengingatkan pada performanya di Piala Dunia 2022 ketika ia mencetak dua gol lewat sundulan melawan Ghana. Karena itu, kegagalan mencetak gol kali ini terasa lebih mengecewakan bagi sang penyerang.
“Ini sangat disayangkan. Sangat menyakitkan karena saya tidak bisa mencetak gol pada momen ketika seorang penyerang seharusnya bisa melakukannya,” kata Cho.
“Saya mendapatkan dua peluang, dan peluang pertama sangat sempurna. Saya benar-benar seharusnya mencetak gol,” ujar Cho.
Pemain pengganti Korea Selatan itu masuk dengan membawa tugas khusus dari pelatih Hong Myung-bo. Ia diminta memberikan tekanan kuat dan berduel di area pertahanan lawan.
Cho menilai peluang emas yang didapatnya tidak terlepas dari instruksi tersebut. Ia merasa kepercayaan pelatih membuat dirinya berada dalam posisi yang tepat untuk mencetak gol.
“Saya mendapat instruksi untuk berjuang keras di dalam kotak penalti dan memberikan tekanan satu lawan satu yang kuat saat bertahan,” tutur Cho.
“Karena pelatih memasukkan saya, peluang bagus seperti itu datang, dan saya seharusnya bisa menyelesaikannya,” tambah Cho.
Korea Selatan tidak ingin larut dalam kekecewaan setelah kehilangan poin dari Meksiko. Para pemain mulai mengalihkan fokus untuk pertandingan terakhir di fase grup.
Cho Kyu-sung menyebut seluruh pemain sudah berbicara mengenai pentingnya meraih kemenangan pada laga berikutnya. Timnya bertekad memberikan hasil terbaik untuk menjaga peluang lolos.
“Para pemain berbicara satu sama lain bahwa kami harus memenangkan pertandingan ketiga apa pun yang terjadi,” jelas Cho.
“Kami harus menang,” tegas Cho.
Sumber: Yonhap News TV
Ikuti berita bola terbaru di Sport Liputan6
Kanada vs Qatar: Lopetegui Sebut Tekel Horor Modibo Bukan Kesengajaan
Advertisement
Advertisement
Copyright © 2026 Liputan6.com
KLY KapanLagi Youniverse All Right Reserved."
"Antam Cetak Prestasi, Kembali Masuk Tiga Indeks KEHATI",https://www.liputan6.com/saham/read/7893589/antam-cetak-prestasi-kembali-masuk-tiga-indeks-kehati,Liputan6,saham,2026-06-19,"Manajemen Aneka Tambang (Antam) menyebutkan, keberlanjutan bukan hanya aspek kepatuhan tetapi bagian integral dan strategi bisnis.
Liputan6.com, Jakarta - PT Aneka Tambang (Persero) Tbk ( ANTAM ) kembali terpilih sebagai konstituen tiga indeks Environmental, Social, and Governance ( ESG ) terkemuka di pasar modal Indonesia, yaitu Indeks SRI-KEHATI , Indeks ESG Quality 45 IDX KEHATI , dan Indeks ESG Sector Leaders IDX KEHATI untuk periode Juni–November 2026.
Pengakuan ini semakin memperkuat posisi emiten dengan kode saham ANTM sebagai perusahaan pertambangan nasional yang konsisten menerapkan praktik bisnis berkelanjutan dan tata kelola perusahaan yang baik.
Penetapan tersebut diumumkan oleh Bursa Efek Indonesia (BEI) pada 21 Mei 2026 dan dikonfirmasi melalui surat resmi dari Yayasan KEHATI pada 9 Juni 2026. Berdasarkan hasil evaluasi tersebut, ANTAM dinilai memiliki komitmen yang kuat dalam penerapan pengelolaan perusahaan yang berkelanjutan dengan memperhatikan aspek ESG secara konsisten di seluruh kegiatan operasional dan bisnis Perseroan.
Advertisement
Direktur Utama ANTAM, Untung Budiharto, menyampaikan bahwa masuknya ANTAM dalam ketiga indeks ESG KEHATI tersebut merupakan refleksi atas komitmen Perseroan dalam menyeimbangkan pertumbuhan bisnis dengan penciptaan nilai jangka panjang bagi seluruh pemangku kepentingan.
""Bagi ANTAM, keberlanjutan bukan hanya aspek kepatuhan, tetapi merupakan bagian integral dari strategi bisnis jangka panjang Perseroan. Pengakuan ini menjadi motivasi bagi kami untuk terus meningkatkan kinerja ESG sekaligus memperkuat kontribusi ANTAM dalam mendukung pembangunan berkelanjutan Indonesia,” ujar Untung, Jumat (19/6/2026).
Untung menjelaskan, Indeks SRI-KEHATI, ESG Quality 45 IDX KEHATI, dan ESG Sector Leaders IDX KEHATI merupakan indeks yang dikembangkan oleh BEI bersama Yayasan KEHATI untuk mengapresiasi perusahaan-perusahaan yang menunjukkan kinerja unggul dalam aspek keberlanjutan, kualitas tata kelola, serta penciptaan nilai ekonomi yang berkelanjutan.
Keikutsertaan ANTAM dalam ketiga indeks tersebut menjadi indikator positif atas keberhasilan Perseroan dalam mengintegrasikan prinsip ESG ke dalam strategi bisnis, pengelolaan risiko, dan pengambilan keputusan perusahaan.
Pengakuan ini juga memperkuat kepercayaan investor dan pemangku kepentingan terhadap komitmen ANTAM dalam menjalankan praktik pertambangan yang bertanggung jawab serta mendukung pengembangan industri mineral nasional yang berkelanjutan.
Sebagai bagian dari implementasi ESG, ANTAM terus menjalankan berbagai inisiatif keberlanjutan di seluruh wilayah operasional dalam berbagai aspek termasuk pengurangan emisi gas rumah kaca, pengendalian pencemaran lingkungan, reklamasi lahan pascatambang, konservasi keanekaragaman hayati, pengembangan masyarakat, serta penguatan tata kelola perusahaan yang transparan dan akuntabel.
Upaya-upaya tersebut sejalan dengan komitmen Perseroan untuk mendukung target pembangunan berkelanjutan dan agenda transisi menuju ekonomi rendah karbon.
""Ke depan, ANTAM akan terus memperkuat implementasi ESG di seluruh rantai bisnis Perseroan, mulai dari kegiatan eksplorasi, penambangan, pengolahan dan pemurnian,  penjualan dan pemasaran hingga pascatambang serta pengembangan proyek hilirisasi mineral. Langkah ini dilakukan untuk memastikan pertumbuhan perusahaan yang berkelanjutan sekaligus menciptakan nilai tambah bagi masyarakat, lingkungan, dan perekonomian nasional,"" pungkasnya.
Advertisement
Advertisement
Advertisement
Advertisement
Copyright © 2026 Liputan6.com
KLY KapanLagi Youniverse All Right Reserved."
Ini Sikap OJK soal Hasil Pengumuman MSCI,https://economy.okezone.com/read/2026/06/19/278/3225372/ini-sikap-ojk-soal-hasil-pengumuman-msci,Okezone,ekonomi,2026-06-19,"JAKARTA - Otoritas Jasa Keuangan (OJK) menilai hasil evaluasi MSCI Global Market Accessibility Review 2026 bukan sebagai kemunduran, melainkan instrumen evaluasi konstruktif untuk mempercepat pembenahan struktur transparansi, integritas, dan daya saing pasar saham domestik.
Kepala Eksekutif Pengawas Pasar Modal, Keuangan Derivatif, dan Bursa Karbon OJK Hasan Fawzi mengatakan, berdasarkan hasil penilaian makro, mayoritas indikator aksesibilitas pasar Indonesia sebenarnya masih berada dalam posisi yang kokoh dan tidak mengalami pergeseran radikal jika dibandingkan dengan rapor tahun sebelumnya.
""Hasil market accessibility review MSCI yang diumumkan pada Jumat pagi ini menegaskan arah reformasi Pasar Modal Indonesia untuk terus memperkuat kualitas transparansi dan identifikasi coordinated trading dan daya saing pasar,"" kata Hasan dalam keterangan resminya, Jakarta, Jumat (19/6/2026).
Menurut Hasan, arsitektur penilaian aksesibilitas MSCI mencakup lima segmen besar yang dijabarkan ke dalam 18 kriteria pengukuran (measurement).
Dari total indikator tersebut, performa Indonesia mayoritas telah memenuhi standar praktik terbaik (best practice) pasar modal internasional.
Secara rinci, sebanyak 10 kriteria sukses mempertahankan peringkat tertinggi dengan predikat “++” (double plus), yang menandakan sektor tersebut bersih dari masalah operasional.
Selanjutnya, sebanyak enam kriteria mengantongi predikat “+” (single plus) yang berarti performanya cukup baik namun tetap memerlukan pemeliharaan rutin.
Sebaliknya, rapor merah berupa predikat “-” (negatif) hanya disematkan pada dua lini, yakni kriteria Foreign Exchange Market Liberalization Level serta kriteria Information Flow yang berada di bawah rumpun Market Infrastructure.
""Terkait aspek Information Flow di atas. Kami memandang masukan tersebut sebagai bagian dari proses evaluasi yang konstruktif dan sejalan dengan agenda reformasi pasar modal yang saat ini sedang dijalankan bersama oleh OJK, Bursa Efek Indonesia, KSEI, KPEI, serta seluruh pelaku industri,"" jelas Hasan.
© 2007 - 2026 Okezone.com, All Rights Reserved"
"Roy Suryo dan Dokter Tifa Ditangkap, Begini Respons Jokowi",https://news.okezone.com/read/2026/06/19/337/3225368/roy-suryo-dan-dokter-tifa-ditangkap-begini-respons-jokowi,Okezone,berita,2026-06-19,"SOLO - Mantan Presiden Joko Widodo (Jokowi) buka suara terkait penangkapan Roy Suryo dan Tifauzia Tyassuma atau Dokter Tifa, dalam kasus dugaan fitnah dan penyebaran informasi mengenai ijazah palsu. Jokowi menegaskan akan mengikuti seluruh proses hukum yang sedang berjalan.
""Kita ikuti proses hukum yang ada sampai nanti di sidang pengadilan. Karena nanti pengadilan yang akan memutuskan,"" kata Jokowi saat ditemui di kediamannya di Gang Kutai Utara Nomor 1, Kelurahan Sumber, Kecamatan Banjarsari, Kota Solo, Jumat (19/6/2026).
Jokowi menegaskan, dirinya siap hadir langsung dalam persidangan. Ia juga memastikan akan membawa ijazah aslinya ke pengadilan sebagaimana yang telah disampaikan sebelumnya.
""Saya akan hadir. Nanti juga akan saya bawa ijazah aslinya ke persidangan,"" ujarnya.
Menurut Jokowi, saat ini dokumen ijazah tersebut masih berada di Polda Metro Jaya sebagai bagian dari proses hukum yang sedang berlangsung.
© 2007 - 2026 Okezone.com, All Rights Reserved"
"Detik-Detik Penangkapan Roy Suryo, Ditangkap Paksa Dini Hari di Bandung dan Belum Mandi",https://news.okezone.com/read/2026/06/19/337/3225348/detik-detik-penangkapan-roy-suryo-ditangkap-paksa-dini-hari-di-bandung-dan-belum-mandi,Okezone,berita,2026-06-19,"JAKARTA – Kuasa hukum Roy Suryo , Refly Harun, mengungkap kronologi penangkapan kliennya oleh penyidik Polda Metro Jaya terkait kasus dugaan penyebaran tudingan ijazah palsu mantan Presiden RI Joko Widodo (Jokowi), Jumat (19/6/2026).
Refly mengatakan pihaknya memprotes keras tindakan penangkapan tersebut karena menurutnya kedua kliennya selama ini bersikap kooperatif dan rutin menjalani wajib lapor sejak ditetapkan sebagai tersangka pada November 2025.
Selain mempertanyakan alasan penangkapan, Refly juga menyoroti waktu penangkapan yang dilakukan terhadap Roy Suryo.
Refly menyebut Roy Suryo diamankan pada dini hari setelah menghadiri sebuah kegiatan di Bandung, Jawa Barat.
""Mas Roy itu lebih tragis lagi. Pukul setengah satu saya baru berpisah dengan Mas Roy. Setengah satu atau jam satu malam dini hari karena kami ada acara di Bandung,"" ujarnya.
Refly mengatakan Roy Suryo hanya memiliki waktu yang sangat terbatas sebelum dibawa ke Polda Metro Jaya.
""Untung masih sempat shalat subuh. Jadi belum mandi, belum berpakaian secara layak, dan kemudian dipaksa untuk dibawa ke Polda Metro,"" kata Refly.
© 2007 - 2026 Okezone.com, All Rights Reserved"
Bos Honda Minta Veda Ega Cepat Adaptasi dengan Sirkuit dan Cuaca Panas Jelang Moto3 Ceko,https://sports.okezone.com/read/2026/06/19/38/3225346/bos-honda-minta-veda-ega-cepat-adaptasi-dengan-sirkuit-dan-cuaca-panas-jelang-moto3-ceko,Okezone,olahraga,2026-06-19,"JAKARTA - Manajer Honda Team Asia, Hiroshi Aoyama, meminta pembalapnya, Veda Ega Pratama agar segera nyetel dengan Sirkuit Sirkuit Automotodrom Brno. Hal tersebut agar pembalap asal Indonesia itu dapat meraih hasil maksimal.
Rangkaian Moto3 Republik Ceko akan dimulai sesi latihan bebas dan practice pada Jumat (19/6/2026). Balapan utama digelar pada Minggu (21/6/2026).
Hiroshi Aoyama mengatakan, Vega harus memaksimalkan sesi latihan dengan sebaik-baiknya demi mengenal karakter lintasan. Jadi, pembalap tersebut bisa menampilkan performa terbaiknya saat balapan utama.
""Ini adalah sirkuit yang sangat panjang dan indah, 5,4 kilometer dengan banyak perubahan elevasi dan tata letak yang sangat mengalir. Permukaannya cukup halus, dan ini adalah trek di mana para pembalap benar-benar dapat menikmati balapan,"" kata Aoyama dalam keterangan resmi.
Menurutnya, faktor cuaca juga akan menjadi tantangan sepanjang akhir pekan. Jadi, Veda juga ada beradaptasi agar daya tahan tubuhnya lebih siap karena kondisi cuaca akan sangat panas.
""Kondisi diperkirakan akan panas. Ini akan menjadi akhir pekan yang menuntut fisik bagi semua orang,"" katanya.
""Ini akan menjadi sirkuit baru lainnya, jadi tujuan pertama adalah memahami tata letak dengan cepat dan membangun kepercayaan diri sesi demi sesi,"" tuturnya.
© 2007 - 2026 Okezone.com, All Rights Reserved"
Timnas Meksiko Tim Pertama yang Lolos 32 Besar Piala Dunia 2026 Usai Hajar Korea Selatan 1-0!,https://bola.okezone.com/read/2026/06/19/51/3225345/timnas-meksiko-tim-pertama-yang-lolos-32-besar-piala-dunia-2026-usai-hajar-korea-selatan-1-0,Okezone,olahraga,2026-06-19,"TIM Nasional (Timnas) Meksiko menjadi tim pertama yang lolos 32 besar Piala Dunia 2026 . Kepastian itu didapat setelah El Tri -julukan Timnas Meksiko- menang 1-0 atas Korea Selatan di laga kedua Grup A Piala Dunia 2026 yang berlangsung di Estadio Akron, Zapopan, Meksiko pada Jumat (19/6/2026) pagi WIB.
Gol tunggal Timnas Meksiko dicetak Luis Francisco Romo pada menit 50. Kemenangan ini menempatkan Timnas Meksiko di puncak klasemen Grup A Piala Dunia 2026 dengan enam angka, unggul tiga poin atas Korea Selatan di posisi dua.
Sementara dengan Republik Ceko dan Afrika Selatan di posisi tiga dan empat, Timnas Meksiko unggul empat poin. Posisi ini membuat Timnas Meksiko takkan tergeser dari posisi dua besar klasemen akhir Grup A Piala Dunia 2026.
Sesuai regulasi, selain juara dan runner-up, ada delapan tim peringkat tiga terbaik yang diizinkan lolos 32 besar Piala Dunia 2026. Menarik menanti tim mana dari Grup A yang akan mendampingi Meksiko lolos 32 besar Piala Dunia 2026.
Melihat hasil di dua laga awal Grup A, Meksiko hampir pasti finis sebagai juara Grup A. Di laga pamungkas Grup A Piala Dunia 2026 pada Kamis, 25 Juni 2026 pukul 08.00 WIB, Meksiko akan menantang Republik Ceko.
Republik  Ceko menampilkan performa yang jauh di bawah harapan di Piala Dunia 2026. Setelah kalah 1-2 dari Korea Selatan, Republik Ceko ditahan Afrika Selatan 1-1.
© 2007 - 2026 Okezone.com, All Rights Reserved"
"Detik-Detik Penangkapan Roy Suryo, Ditangkap Paksa Dini Hari di Bandung dan Belum Mandi",https://nasional.okezone.com/read/2026/06/19/337/3225348/detik-detik-penangkapan-roy-suryo-ditangkap-paksa-dini-hari-di-bandung-dan-belum-mandi,Okezone,berita,2026-06-19,"JAKARTA – Kuasa hukum Roy Suryo , Refly Harun, mengungkap kronologi penangkapan kliennya oleh penyidik Polda Metro Jaya terkait kasus dugaan penyebaran tudingan ijazah palsu mantan Presiden RI Joko Widodo (Jokowi), Jumat (19/6/2026).
Refly mengatakan pihaknya memprotes keras tindakan penangkapan tersebut karena menurutnya kedua kliennya selama ini bersikap kooperatif dan rutin menjalani wajib lapor sejak ditetapkan sebagai tersangka pada November 2025.
Selain mempertanyakan alasan penangkapan, Refly juga menyoroti waktu penangkapan yang dilakukan terhadap Roy Suryo.
Refly menyebut Roy Suryo diamankan pada dini hari setelah menghadiri sebuah kegiatan di Bandung, Jawa Barat.
""Mas Roy itu lebih tragis lagi. Pukul setengah satu saya baru berpisah dengan Mas Roy. Setengah satu atau jam satu malam dini hari karena kami ada acara di Bandung,"" ujarnya.
Refly mengatakan Roy Suryo hanya memiliki waktu yang sangat terbatas sebelum dibawa ke Polda Metro Jaya.
""Untung masih sempat shalat subuh. Jadi belum mandi, belum berpakaian secara layak, dan kemudian dipaksa untuk dibawa ke Polda Metro,"" kata Refly.
© 2007 - 2026 Okezone.com, All Rights Reserved"
"BI Rate Jadi 5,75 Persen, Dirut Bank Mandiri Buka Suara soal Bunga Kredit",https://economy.okezone.com/read/2026/06/19/320/3225340/bi-rate-jadi-5-75-persen-dirut-bank-mandiri-buka-suara-soal-bunga-kredit,Okezone,ekonomi,2026-06-19,"JAKARTA - PT Bank Mandiri (Persero) Tbk ( BMRI ) menyatakan kualitas portofolio kredit perseroan tetap berada dalam kondisi yang sehat dan terkendali. Hal ini menyusul langkah agresif Bank Indonesia (BI) yang baru saja mengerek suku bunga acuan (BI Rate) sebesar 25 basis poin ke level 5,75 persen.
Direktur Utama Bank Mandiri, Riduan menegaskan bahwa indikator rasio kredit bermasalah (Non-Performing Loan/NPL) perseroan saat ini bertengger di level yang sangat aman. Berdasarkan basis data internal terbaru, manajemen belum melihat adanya tanda-tanda pemburukan kolektibilitas dari para debitur.
""Mandiri rendah kan NPL-nya 0,97 (persen) jadi so far kita tidak terlalu, sampai hari ini tren vintage (analisis vintage) kualitasnya masih bagus,"" ujar Riduan saat ditemui awak media di kompleks Istana Kepresidenan, dikutip Jumat (19/6/2026).
Merespons keputusan pengetatan moneter oleh bank sentral, Riduan memandang langkah tersebut merupakan bagian dari dinamika pasar makro yang wajar. Pihak manajemen menegaskan akan bersikap adaptif dalam menyelaraskan operasional bisnis dengan arah kebijakan moneter nasional.
""Itu mekanisme yang harus kita ikuti,"" kata Riduan.
© 2007 - 2026 Okezone.com, All Rights Reserved"
"Roy Suryo dan Dokter Tifa Ditangkap, Begini Respons Jokowi",https://nasional.okezone.com/read/2026/06/19/337/3225368/roy-suryo-dan-dokter-tifa-ditangkap-begini-respons-jokowi,Okezone,berita,2026-06-19,"SOLO - Mantan Presiden Joko Widodo (Jokowi) buka suara terkait penangkapan Roy Suryo dan Tifauzia Tyassuma atau Dokter Tifa, dalam kasus dugaan fitnah dan penyebaran informasi mengenai ijazah palsu. Jokowi menegaskan akan mengikuti seluruh proses hukum yang sedang berjalan.
""Kita ikuti proses hukum yang ada sampai nanti di sidang pengadilan. Karena nanti pengadilan yang akan memutuskan,"" kata Jokowi saat ditemui di kediamannya di Gang Kutai Utara Nomor 1, Kelurahan Sumber, Kecamatan Banjarsari, Kota Solo, Jumat (19/6/2026).
Jokowi menegaskan, dirinya siap hadir langsung dalam persidangan. Ia juga memastikan akan membawa ijazah aslinya ke pengadilan sebagaimana yang telah disampaikan sebelumnya.
""Saya akan hadir. Nanti juga akan saya bawa ijazah aslinya ke persidangan,"" ujarnya.
Menurut Jokowi, saat ini dokumen ijazah tersebut masih berada di Polda Metro Jaya sebagai bagian dari proses hukum yang sedang berlangsung.
© 2007 - 2026 Okezone.com, All Rights Reserved"
"Roy Suryo dan Dokter Tifa Ditangkap Polda Metro, Begini Kronologinya",https://nasional.okezone.com/read/2026/06/19/337/3225331/roy-suryo-dan-dokter-tifa-ditangkap-polda-metro-begini-kronologinya,Okezone,berita,2026-06-19,"JAKARTA - Pakar telematika Roy Suryo dan pegiat media sosial Tifauzia Tyassuma atau dokter Tifa ditangkap penyidik Polda Metro Jaya. Keduanya merupakan tersangka kasus tudingan ijazah palsu Presiden ke-7 RI Joko Widodo (Jokowi).
Kuasa hukum Roy Suryo dan Dokter Tifa, Refly Harun berbicara terkait kronologi penangkapan terhadap keduanya. Menurut Refly, tidak ada tanda-tanda sebelumnya bahwa kedua kliennya bakal ditangkap.
Namun, sebelum Roy Suryo ditangkap di Jakarta, dirinya bersama Roy Suryo menghadiri sebuah kegiatan di Bandung. Keduanya baru berpisah sekira pukul 00.30-01.00 WIB.
“Sama sekali tidak ada. Saya sama Mas Roy baru berpisah kira-kira pukul 00.30 WIB dini hari tadi, karena kita ada acara di Bandung bersama-sama,” kata Refly di iNews TV, Jumat (19/6/2026).
“Jadi, kebetulan kita satu mobil dan kemudian baru berpisah antara 00.30, pukul 01.00 WIB dini hari di daerah Kuningan, saya duluan pulang ke rumah, Mas Roy setelah itu,” sambung dia.
Refly menerangkan tidak ada tanda-tanda Roy Suryo dan dokter Tifa akan ditangkap. Sebab, menurutnya, kasus ini sudah tidak layak untuk diteruskan lantaran sudah melampaui batas waktu.
“Jadi sama sekali kita tidak bicara tanda-tanda, bahkan kita meyakini bahwa kasus ini sudah tidak layak lagi ditindaklanjuti karena sudah melampaui waktu yang banyak, sudah melanggar hukum acara baik KUHAP lama maupun KUHAP baru,” ujarnya.
© 2007 - 2026 Okezone.com, All Rights Reserved"
"Ada 5 Titik Demo di Jakarta Hari Ini, Ribuan Personel Gabungan Dikerahkan",https://megapolitan.okezone.com/read/2026/06/19/338/3225321/ada-5-titik-demo-di-jakarta-hari-ini-ribuan-personel-gabungan-dikerahkan,Okezone,berita,2026-06-19,"JAKARTA - Aksi unjuk rasa akan digelar di lima titik di wilayah Jakarta Pusat pada hari ini, Jumat (19/6/2026). Sejumlah lokasi demonstrasi berpotensi menimbulkan kemacetan.
Kasi Humas Polres Metro Jakarta Pusat Iptu Erlyn Sumantri menyebutkan demonstrasi pertama digelar pukul 10.00 WIB oleh Dewan Pengurus Nasional Tani Merdeka Indonesia dan beberapa elemen masyarakat lainnya di Cawan Selatan Monas.
“Untuk unjuk rasa kedua, dari Kepresma Universitas Trisakti dan beberapa elemen masyarakat lainnya di Gedung DPR/MPR pukul 11.00 WIB,” kata Erlyn, Jumat.
Aksi unjuk rasa yang ketiga, kata dia, digelar oleh Ikatan Senat Mahasiswa Ekonomi Indonesia di kawasan Bundaran Hotel Indonesia (HI) pukul 10.00 WIB.
Kemudian, ada unjuk rasa dari Gabungan Mahasiswa dan Pemuda Nusantara di Tugu Tani dan Kementerian Keuangan. Aksi tersebut rencananya digelar pukul 13.00 WIB.
“Untuk mengawal jalannya aksi unjuk rasa, sebanyak 4.263 personel gabungan dikerahkan. Mulai dari Polda Metro Jaya, Polres Metro Jakarta Pusat, jajaran Polsek, dan pihak terkait lainnya,” ujarnya.
Sementara itu, rekayasa lalu lintas (lalin) di titik demonstrasi akan dilakukan situasional dengan mempertimbangkan jumlah massa di lapangan. “Masyarakat diimbau untuk mencari jalur alternatif lainnya agar terhindar dari kemacetan,” katanya.
(Arief Setyadi )
News Okezone memberikan berita terkini dengan akurat dan terpercaya. Ikuti informasi terbaru tentang politik, sosial, dan peristiwa penting lainnya, langsung dari sumber yang terpercaya.
© 2007 - 2026 Okezone.com, All Rights Reserved"
PLN Jelaskan Penyebab Pemadaman Listrik Bergilir di Pulau Jawa,https://kumparan.com/pln-jelaskan-penyebab-pemadaman-listrik-bergilir-di-pulau-jawa-27cuL9RaZbv,Kumparan,ekonomi,2026-06-19,"PT  (Persero) menjelaskan penyebab terjadinya  di sejumlah wilayah di Pulau . Perusahaan menyebut terdapat dua unit pembangkit besar yang mengalami gangguan, sehingga tidak dapat beroperasi sementara dan berdampak pada kemampuan pasokan listrik sistem.
Executive Vice President Komunikasi Korporat dan TJSL PLN, Gregorius Adi Trianto, mengatakan sistem kelistrikan Jawa saat ini masih beroperasi dan terkendali dengan baik. Namun, untuk menjaga keandalan pasokan listrik kepada pelanggan, PLN menerapkan manajemen beban secara terbatas dan terukur di sejumlah wilayah.
“Langkah tersebut dilakukan karena terdapat kendala teknis operasional pembangkit serta ada dua unit pembangkit besar yang mengalami gangguan sehingga tidak beroperasi sementara dan menurunkan kemampuan sistem pasokan listrik,” kata Gregorius dalam keterangannya, Jumat (19/6).
Gregorius memastikan PLN akan terus melakukan percepatan pemulihan juga mengoptimalkan pasokan dari pembangkit lain. Selain itu, PLN juga akan mengatur operasi sistem, tujuannya untuk menjaga keseimbangan pasokan dan kebutuhan listrik sekaligus meminimalkan dampak kepada pelanggan.
“PLN memohon maaf atas ketidaknyamanan yang dialami pelanggan. Manajemen beban ini bersifat sementara dan akan segera dihentikan secara bertahap seiring dengan membaiknya kondisi pasokan sistem,” jelasnya.
Sebelumnya, Menteri Energi dan Sumber Daya Mineral (ESDM), Bahlil Lahadalia, menegaskan bahwa tidak akan ada lagi pemadaman listrik meski pasokan batu bara untuk pembangkit masih menghadapi kendala.
Menurut Bahlil, kebutuhan batu bara berkalori menengah sebesar 5.200 kcal/kg GAR untuk Juni 2026 masih belum sepenuhnya terpenuhi. Pemerintah saat ini sedang mencari solusi melalui pembentukan tim pengadaan lintas sektor guna memastikan pasokan bagi pembangkit listrik tetap aman.
""Ada kendala memang sedikit terhadap batu bara yang medium, kalori yang 5.200. Kita kan tahu bahwa sekarang kan kalori batu bara kita ini semakin hari kan semakin rendah, nah ini yang kita lagi cari solusinya, tapi secara yang lainnya enggak ada masalah,"" kata Bahlil di Kantor Kemenko Bidang Perekonomian, Jakarta Pusat, Kamis (18/6)."
Saat Peron Jadi Tempat Sujud: Salat Jumat di Stasiun KRL Kampung Bandan,https://kumparan.com/saat-peron-jadi-tempat-sujud-salat-jumat-di-stasiun-krl-kampung-bandan-27cu1OMC54v,Kumparan,berita,2026-06-19,"Stasiun Kampung Bandan, Jakarta Utara, mendadak berubah fungsi setiap Jumat siang. Area peron yang biasanya dipenuhi penumpang lalu lalang ini menjadi tempat pelaksanaan Salat Jumat.
Kondisi ini terjadi karena keterbatasan daya tampung Masjid Jami' Al-Hidayah. Masjid berukuran kecil ini terletak di pintu utara pemukiman warga dan posisinya menempel langsung dengan bangunan Stasiun Kampung Bandan.
Setiap waktu Salat Jumat tiba, kapasitas masjid tidak mampu menampung jumlah jemaah. Jemaah yang datang merupakan gabungan dari warga pemukiman sekitar hingga penumpang KRL Commuter Line yang sengaja turun untuk beribadah.
Karena bagian dalam masjid sudah penuh, jemaah terpaksa meluber ke dalam stasiun. Mereka memanfaatkan ruang kosong untuk menggelar sajadah yang dibawa masing-masing.
Pantauan di lokasi, saf jemaah tersebar di beberapa titik stasiun. Area utama berada di peron jalur bawah, khususnya peron arah Angke atau Tanah Abang. Selain di peron, saf salat juga memenuhi jembatan penyeberangan antarperon hingga area sekitar anak tangga stasiun.
Pihak stasiun memberikan toleransi khusus selama ibadah berlangsung. Pagar pembatas dibuka oleh petugas agar jemaah dari luar stasiun bisa masuk ke area peron tanpa harus melakukan pengetukan kartu (tapping). Petugas pun tampak berjaga.
Salah seorang warga setempat, Fandi (28), mengatakan sudah biasa menunaikan Salat Jumat di dalam stasiun karena jarak rumahnya yang dekat.
""Sering Salat di sini, rumah saya dekat sini,"" kata Fandi saat ditemui di lokasi, Jumat (19/6).
Menjalankan ibadah di tengah stasiun yang aktif membuat jemaah harus terbiasa dengan suara operasional kereta. Pengeras suara stasiun tetap berbunyi mengumumkan jadwal, dan deru KRL sesekali melintas di samping saf salat.
“Walaupun agak berisik kalau kereta lewat, kadang kaget juga dengar klakson kereta, ya suasananya beda lah mas,"" ucap Fandi.
Mengenai aturan dari pihak stasiun, Fandi menjelaskan petugas memaklumi kondisi tersebut dan membantu akses masuk jemaah.
""Sejauh ini sih keliatannya pihak stasiun enggak pernah negor. Itu juga pagar dibukain kan, jadi enggak perlu pakai kartu buat masuk stasiunnya,"" jelasnya.
Setelah salat selesai, aktivitas stasiun langsung kembali normal dengan cepat. Jemaah segera melipat sajadah mereka.
Warga lokal langsung bergerak keluar meninggalkan stasiun, sementara jemaah yang merupakan penumpang KRL langsung berdiri mengantre di peron untuk menunggu datangnya kereta dan melanjutkan perjalanan."
"Perundingan AS-Iran Batal Digelar di Swiss, Timur Tengah Masih Membara",https://kumparan.com/perundingan-as-iran-batal-digelar-di-swiss-timur-tengah-masih-membara-27ctpxWcFyy,Kumparan,berita,2026-06-19,"Perundingan antara Amerika Serikat (AS) dan Iran yang rencananya digelar di Swiss pada Jumat (19/6) resmi dibatalkan. Pembatalan tersebut memicu meningkatnya ketidakpastian gencatan senjata di Timur Tengah.
Pembatalan ini terjadi setelah Wakil Presiden AS JD Vance membatalkan rencana kunjungan ke Jenewa, Swiss, yang sebelumnya menjadi lokasi pertemuan.
""Logistik dari negosiasi ini tidak pernah sederhana atau dapat diprediksi,"" kata juru bicara Gedung Putih dalam pernyataan pada Kamis (18/6) malam, dikutip dari Reuters.
Ia menambahkan bahwa delegasi AS sebenarnya sudah siap berangkat begitu jadwal final disepakati.
Pemerintah Swiss mengonfirmasi bahwa pertemuan di resor Burgenstock tidak akan berlangsung, namun tidak menjelaskan alasan pembatalan tersebut.
Kementerian Luar Negeri Swiss hanya menyebut bahwa agenda tersebut dibatalkan tanpa rincian tambahan.
Iran belum memberikan respons resmi terkait pembatalan ini.
Sebelumnya, Trump dan Presiden Iran Masoud Pezeshkian telah menandatangani nota kesepahaman atau Memorandum of Understanding (MoU) untuk damai pada Rabu (17/6).
Teheran menyatakan siap memulai pembicaraan teknis setelah kesepakatan sementara 14 poin memperpanjang gencatan senjata hingga 60 hari, termasuk di front Lebanon.
""Pihak Iran perlu melihat tanda-tanda implementasi kesepakatan interim terlebih dahulu,"" kata kantor berita semi-resmi Tasnim.
Trump juga menegaskan ingin mengakhiri perang dengan tuntutan ""menyerah tanpa syarat"" dari Iran.
Namun kesepakatan terbaru justru mencakup pelonggaran sanksi ekonomi dan pembekuan aset bernilai puluhan miliar dolar.
Pemimpin Tertinggi Iran Ayatollah Mojtaba Khamenei menyebut Trump bertindak karena ""keputusasaan"".
Ia juga memperingatkan bahwa negosiasi nuklir lanjutan akan berlangsung sulit.
""Jika pihak Amerika terlalu menuntut, kami tidak akan menerimanya,"" ujarnya dalam pesan resmi yang dilansir Reuters.
Kesepakatan itu memberi waktu 60 hari untuk menentukan status program nuklir Iran.
Sementara itu, Israel yang tidak ikut dalam perundingan tetap melanjutkan operasi militer terhadap kelompok Hizbullah di Lebanon.
Serangan terbaru Israel di Lebanon kembali menewaskan sedikitnya 15 orang, menurut laporan media negara NNA.
Situasi ini menambah keraguan terhadap keberlanjutan kesepakatan damai yang sedang diupayakan.
Dua pejabat Israel pada Kamis (18/6) menyebut pihaknya bernegosiasi dengan AS untuk mempertahankan pasukan di Lebanon selatan."
"Bareskrim Tangkap Pengendali Keuangan Fredy Pratama, Dibawa dari Malaysia",https://kumparan.com/bareskrim-tangkap-pengendali-keuangan-fredy-pratama-dibawa-dari-malaysia-27ctjlp3oVM,Kumparan,berita,2026-06-19,"Bareskrim Polri menangkap salah satu orang dekat bandar narkoba Fredy Pratama. Sosok yang diamankan adalah Frans Antony, yang disebut sebagai pengendali keuangan jaringan narkoba tersebut.
Direktur Tindak Pidana Narkoba Bareskrim Polri Brigjen Pol Eko Hadi Santoso membenarkan penangkapan itu. Menurut dia, Frans saat ini sedang dibawa dari Malaysia menuju Jakarta.
“Iya betul (Frans Antony pengendali keuangan Fredy Pratama ditangkap),” ujar Eko saat dikonfirmasi, Jumat (19/6).
Eko mengatakan, Frans saat ini masih dalam perjalanan dan diperkirakan tiba di Jakarta pada sore hari ini.
“Otw (dalam perjalanan ke Jakarta) dari Malaysia,” jelas Eko.
Meski demikian, Eko belum merinci kronologi penangkapan maupun peran lengkap Frans dalam jaringan tersebut. Penangkapan Frans menjadi perkembangan baru dalam pengejaran jaringan Fredy Pratama, bandar narkoba yang dijuluki sebagai ‘Pablo Escobar Indonesia’ tersebut.
Fredy sendiri hingga kini masih buron dan diduga bersembunyi di luar negeri. Ia disebut kerap berpindah-pindah lokasi, termasuk ke Thailand dan Kamboja.
Selain dikenal sebagai buronan besar kasus narkoba di Indonesia, Fredy juga diduga punya pengaruh kuat dalam peredaran narkotika di kawasan Asia Tenggara, khususnya wilayah golden triangle yang selama ini dikenal sebagai salah satu pusat perdagangan narkoba terbesar di dunia."
"Usai Berdamai dengan Iran, Korut Bakal Jadi Fokus Baru Trump",https://kumparan.com/usai-berdamai-dengan-iran-korut-bakal-jadi-fokus-baru-trump-27cswbKgvYU,Kumparan,berita,2026-06-19,"Presiden Korea Selatan (Korsel) Lee Jae Myung mengungkapkan bahwa Presiden Amerika Serikat (AS) Donald Trump ingin mengalihkan perhatian ke isu Korea Utara (Korut).
Lee mengungkap kebijakan itu diambil Trump usai AS menyepakati perdamaian dengan Iran usai perang sejak awal 2026 ini.
Dilansir AFP, pernyataan itu disampaikan Lee saat membeberkan isi pertemuannya dengan Trump di sela-sela KTT G7 di Prancis.
""Presiden Trump mengatakan bahwa waktunya telah tiba untuk memberikan perhatian pada isu Korea Utara,"" kata Lee kepada wartawan di Seoul, Jumat (19/6).
Lee mengatakan dirinya dan Trump juga sepakat bahwa tujuan jangka pendek yang paling realistis saat ini adalah menghentikan program nuklir Korea Utara.
Menurut Lee, Trump menilai belum ada solusi yang jelas untuk menyelesaikan persoalan senjata nuklir Korut secara menyeluruh, sebagaimana dilaporkan Reuters.
Namun, Trump disebut berpandangan bahwa isu tersebut kini perlu kembali menjadi prioritas diplomasi AS.
Kepada AFP, Lee juga mengatakan dirinya menyampaikan kepada Trump bahwa sanksi dan tekanan terhadap Korea Utara tidak lagi efektif.
""Saya mengatakan kepadanya bahwa sanksi dan tekanan (terhadap Korut) tidak efektif,"" ungkapnya.
Ia menilai efektivitas sanksi telah menurun akibat kerja sama militer antara Korea Utara dan Rusia dalam perang di Ukraina.
“Bahkan sedikit bantuan dari Rusia sangat membantu Korea Utara,” ujar Lee."
5 Fakta Menarik Korea Selatan Tumbang dari Meksiko di Piala Dunia 2026,https://sports.sindonews.com/read/1719213/11/5-fakta-menarik-korea-selatan-tumbang-dari-meksiko-di-piala-dunia-2026-1781838409,Sindonews,olahraga,2026-06-19,"GUADALAJARA
- Korea Selatan harus mengakui keunggulan Meksiko setelah kalah tipis 0-1 pada laga Grup A
Piala Dunia 2026
di Guadalajara Stadium, Jumat (19/6/2026) pagi WIB. Gol tunggal Orbelin Romo pada menit ke-50 yang berawal dari kesalahan kiper Kim Seung-gyu menjadi pembeda dalam pertandingan yang berlangsung ketat tersebut.
Kekalahan ini tidak hanya berdampak pada posisi Korea Selatan di klasemen, tetapi juga melahirkan sejumlah catatan menarik. Berikut lima fakta menarik usai Taeguk Warriors takluk dari El Tri.
1. Dominasi CONCACAF atas Tim Asia Berlanjut
Kemenangan Meksiko semakin menegaskan superioritas wakil CONCACAF saat menghadapi tim Asia di Piala Dunia. Berdasarkan data Opta, tim-tim CONCACAF kini telah memenangkan 11 dari 13 pertandingan melawan negara anggota AFC di ajang Piala Dunia, dengan catatan satu imbang dan hanya satu kekalahan.
Hasil ini menunjukkan betapa sulitnya tim Asia menghadapi wakil Amerika Utara di panggung terbesar sepak bola dunia.
2. Meksiko Juara Grup A
Tambahan tiga poin memastikan Meksiko keluar sebagai juara Grup A. El Tri menjadi salah satu tim tuan rumah yang tampil konsisten sepanjang fase grup dan kini berhak memainkan laga fase gugur di Stadion Azteca, markas ikonik sepak bola Meksiko.
Keuntungan bermain di depan pendukung sendiri bisa menjadi modal besar bagi pasukan Javier Aguirre dalam perjalanan mereka di turnamen ini.
3. Pertahanan Meksiko Sangat Sulit Ditembus
Meski tidak selalu tampil dominan dalam penguasaan bola maupun jumlah peluang, Meksiko menunjukkan kualitas bertahan yang luar biasa. Dalam dua pertandingan fase grup, mereka hanya menghadapi empat tembakan tepat sasaran dan total expected goals (xG) lawan sebesar 0,76.
Korea Selatan menjadi korban terbaru kokohnya lini belakang El Tri yang tampil disiplin sepanjang 90 menit.
4. Son Heung-min Gagal Bersinar
Korea Selatan berharap banyak kepada Son Heung-min untuk menjadi pembeda. Namun kapten Taeguk Warriors itu kesulitan menemukan ruang di tengah rapatnya pertahanan Meksiko."
"Blunder Kiper, Meksiko Tundukkan Korea Selatan di Piala Dunia 2026",https://sports.sindonews.com/read/1719201/11/blunder-kiper-meksiko-tundukkan-korea-selatan-di-piala-dunia-2026-1781834784,Sindonews,olahraga,2026-06-19,"GUADALAJARA
- Timnas Meksiko meraih kemenangan penting 1-0 atas Korea Selatan pada laga Grup A
Piala Dunia 2026
di Guadalajara Stadium, Jumat (19/6/2026) pagi WIB. Setelah bermain tanpa gol sepanjang babak pertama, El Tri akhirnya memecah kebuntuan melalui gol Orbelin Romo yang lahir akibat kesalahan fatal kiper Korea Selatan, Kim Seung-gyu.
Sejak awal pertandingan, kedua tim terlibat duel taktis yang ketat. Meksiko lebih mengandalkan disiplin pertahanan dan serangan dari sisi sayap, sementara
Korea Selatan
mencoba membangun serangan melalui penguasaan bola. Peluang terbaik babak pertama hadir pada menit ke-20 saat Julian Quinones melepaskan sundulan berbahaya, tetapi Kim Seung-gyu mampu melakukan penyelamatan penting. Korea Selatan sempat mengancam lewat Son Heung-min, namun upayanya dianulir karena offside. Alhasil, skor 0-0 bertahan hingga turun minum dengan catatan
expected goals
kedua tim yang identik, yakni 0,11.
Meksiko vs Korea Selatan Buntu di Babak Pertama
Kebuntuan akhirnya pecah lima menit setelah babak kedua dimulai. Quinones mengirim umpan silang dari sisi kiri yang disambut Raul Jimenez dengan sundulan. Kim Seung-gyu sebenarnya berhasil menjangkau bola, namun ia kehilangan kendali saat berbenturan dengan rekannya sendiri. Bola liar jatuh tepat di depan Romo yang tanpa kesulitan menceploskannya ke gawang kosong untuk membawa Meksiko unggul 1-0 pada menit ke-50.
Gol tersebut mengubah jalannya pertandingan. Korea Selatan dipaksa bermain lebih agresif dan meningkatkan intensitas serangan. Pelatih Hong Myung-bo merespons dengan memasukkan Hwang Hee-chan dan Oh Hyeon-gyu, bahkan menarik keluar Son Heung-min pada menit ke-57. Meski lebih banyak menguasai bola, Taeguk Warriors kesulitan membongkar pertahanan rapat Meksiko yang tampil sangat disiplin sepanjang babak kedua."
Komentator Resmi Piala Dunia 2026 Diinvestigasi usai Laga Timnas Iran vs Selandia Baru,https://sports.sindonews.com/read/1719167/11/komentator-resmi-piala-dunia-2026-diinvestigasi-usai-laga-timnas-iran-vs-selandia-baru-1781831216,Sindonews,olahraga,2026-06-19,"LOS ANGELES
- Seorang komentator senior Piala Dunia 2026 harus menerima sanksi setelah melakukan kesalahan fatal saat memandu laga Iran melawan Selandia Baru. Penyiar asal Turki, Murat Ekrem Cimen, resmi diskors sementara menyusul kekeliruan yang memicu gelombang kritik di media sosial.
Insiden itu terjadi pada pertandingan Grup Piala Dunia 2026 yang berlangsung di Los Angeles Stadium, California. Dalam beberapa menit awal pertandingan, Cimen berulang kali tertukar menyebut identitas kedua tim serta salah mengenali sejumlah pemain di lapangan. Padahal, Iran tampil dengan seragam putih sementara Selandia Baru mengenakan kostum hitam yang cukup mudah dibedakan.
Rekaman kesalahan tersebut dengan cepat viral di berbagai platform media sosial. Banyak penggemar sepak bola mempertanyakan bagaimana komentator berpengalaman lebih dari tiga dekade bisa melakukan kesalahan mendasar dalam ajang sebesar Piala Dunia.
Menanggapi kontroversi tersebut, stasiun televisi pemerintah Turki TRT mengeluarkan pernyataan resmi. Mereka menyebut kesalahan itu tidak sesuai dengan standar siaran yang selama ini dijaga TRT dan langsung membuka proses investigasi internal. Sebagai langkah awal, Cimen ditarik dari tim peliput Piala Dunia di Amerika Serikat dan tidak akan bertugas hingga penyelidikan selesai.
""Kesalahan yang terjadi dalam siaran pertandingan Iran melawan Selandia Baru tidak dapat diterima berdasarkan standar penyiaran TRT. Kami meminta maaf kepada pemirsa dan masyarakat atas insiden ini,"" tulis TRT dalam pernyataan resminya."
"MotoGP Indonesia 2026 Resmi Diluncurkan, Mandalika Siap Sambut Sorotan Dunia",https://sports.sindonews.com/read/1719291/49/motogp-indonesia-2026-resmi-diluncurkan-mandalika-siap-sambut-sorotan-dunia-1781852784,Sindonews,olahraga,2026-06-19,"JAKARTA
- Launching Ceremony MotoGP Pertamina Grand Prix of Indonesia 2026 resmi digelar di Jakarta, Kamis (18/6/2026). Acara ini menjadi penanda dimulainya rangkaian persiapan menuju
MotoGP Indonesia
yang akan berlangsung pada 9–11 Oktober 2026 di Mandalika International Circuit, Nusa Tenggara Barat (NTB).
Peluncuran tersebut dihadiri Menteri Pemuda dan Olahraga RI Erick Thohir, Direktur Utama InJourney Maya Watono, Presiden Komisaris ITDC Irna Narulita, Komisaris Independen ITDC Ekos Albar dan Faldo Maldini, serta Komisaris ITDC Asnaedi dan Ari Sihasale.
Momentum ini sekaligus menandai lima tahun penyelenggaraan MotoGP di Mandalika sejak pertama kali digelar pada 2022. Dalam kurun waktu tersebut, Pertamina Grand Prix of Indonesia berkembang menjadi salah satu agenda sport tourism terbesar di Indonesia dan semakin diperhitungkan dalam kalender olahraga internasional.
Melalui penyelenggaraan MotoGP, kawasan Mandalika tidak hanya dikenal sebagai destinasi balap kelas dunia, tetapi juga tumbuh menjadi pusat pengembangan pariwisata nasional. Karena itu, PT Pengembangan Pariwisata Indonesia (Persero) atau ITDC bersama PT Mandalika Grand Prix Association (MGPA) terus mempersiapkan seluruh aspek penyelenggaraan agar memenuhi standar yang ditetapkan Dorna Sports dan Fédération Internationale de Motocyclisme (FIM).
Menteri Pemuda dan Olahraga RI Erick Thohir menegaskan bahwa sport tourism kini menjadi sektor yang memiliki nilai ekonomi sangat besar dan terus berkembang di berbagai negara.
""Kalau kita lihat sport tourism, nilainya saat ini mencapai 625 miliar dolar AS. Angka yang besar. Bahkan diproyeksikan akan mencapai 2,7 triliun dolar AS. Karena itu banyak negara mulai menjadikan sport tourism sebagai bagian dari strategi pengembangan ekonomi dan pariwisata mereka,"" ujar Erick.
Menurutnya, Indonesia harus memanfaatkan berbagai ajang olahraga internasional untuk memperkuat daya saing sektor pariwisata sekaligus mendorong pertumbuhan ekonomi nasional.
Sementara itu, Direktur Utama InJourney Maya Watono mengungkapkan bahwa MotoGP telah memberikan manfaat nyata bagi masyarakat dan kawasan Mandalika. Berdasarkan data penyelenggaraan sebelumnya, ajang ini menghasilkan dampak ekonomi berkelanjutan hingga Rp4,9 triliun."
Kawasaki Bikin Skutik? Tiga Kejutan dari Booth PRJ 2026,https://otomotif.sindonews.com/read/1719251/121/kawasaki-bikin-skutik-tiga-kejutan-dari-booth-prj-2026-1781849215,Sindonews,otomotif,2026-06-19,"JAKARTA
- Kawasaki identik dengan satu hal: Ninja. Motor sport. Kencang. Mahal. Sekarang? Kawasaki bikin skutik matic. Itu kejutan pertama dari Pekan Raya Jakarta 2026.
Kamis, 18 Juni 2026. Di booth Open Space No. 2, PT Kawasaki Motor Indonesia meluncurkan tiga model sekaligus. Tiga dunia yang berbeda.
Yang termurah: skutik Rp26,5 juta. Yang termahal: kendaraan rekreasi Rp1,2 miliar. Beda hampir 46 kali lipat. Di satu booth yang sama.
""Kawasaki ingin menghadirkan pilihan produk yang semakin beragam,"" kata Michael C. Tanadhi, Head Sales & Promotion Kawasaki Motor Indonesia.
Mari kita bedah satu-satu.
1.⁠ ⁠Modenas Brusky 125: Kawasaki masuk pasar harian
Ini skutik. Buat harian. Buat kota. Harga: Rp26.500.000 OTR Jakarta.
Mesinnya 125cc SOHC injeksi, Euro 4, bersertifikat EEV. Tenaga 7,0 kW. Torsi 10,0 Nm. Transmisi otomatis V-Belt.
Bobotnya ringan: 108 kg. Tangki 5,1 liter. Sekali isi penuh, klaimnya tembus 180 km — pada kecepatan rata-rata 80 km/jam."
"Insentif Guru PAI Tahap II 2026 Cair, Berikut Besaran dan Jumlah Penerimanya",https://edukasi.sindonews.com/read/1719269/212/insentif-guru-pai-tahap-ii-2026-cair-berikut-besaran-dan-jumlah-penerimanya-1781849208,Sindonews,edukasi,2026-06-19,"JAKARTA
- Kementerian Agama (
Kemenag
) telah menyalurkan bantuan
insentif Guru
Pendidikan Agama Islam (PAI) Tahap II 2026. Pencairan bantuan tersebut mulai dilakukan sejak awal Juni 2026 dan ditujukan bagi guru PAI non-ASN yang belum memiliki sertifikat pendidik.
Menteri Agama (Menag) Nasaruddin Umar, menegaskan bahwa peningkatan kesejahteraan guru menjadi salah satu fokus utama Kementerian Agama dalam mendukung peningkatan mutu pendidikan keagamaan di Indonesia.
Baca juga:
Menag: Insentif Guru Madrasah Non-ASN Akan Cair Akhir Juni 2026
Menurutnya, guru memiliki peran penting sebagai garda terdepan dalam proses pendidikan sekaligus pembentukan karakter generasi bangsa. Oleh karena itu, pemerintah terus berupaya memberikan perhatian kepada Guru PAI non-ASN yang selama ini mengabdikan diri dengan penuh komitmen.
“Guru merupakan ujung tombak pendidikan dan pembentukan karakter bangsa. Karena itu, negara harus hadir memberikan perhatian, termasuk kepada Guru PAI non-ASN yang selama ini terus mengabdi dengan penuh dedikasi. Bantuan insentif ini diharapkan dapat menjadi penyemangat untuk terus meningkatkan kualitas pembelajaran dan penguatan nilai-nilai keagamaan di sekolah,” ujar Nasaruddin Umar, dikutip dari laman Kemenag, Jumat (19/6/2026).
Baca juga:
P2G Desak Pemerintah Tak Pecat 200 Ribu Guru Honorer usai Terbit SE Mendikdasmen 2026
Senada dengan itu, Direktur Jenderal Pendidikan Islam, Suyitno, menyampaikan bahwa bantuan insentif merupakan bentuk afirmasi pemerintah bagi Guru PAI yang belum memperoleh tunjangan profesi maupun mengikuti Pendidikan Profesi Guru (PPG)."
"KAI Logistik Angkut 6,8 Juta Ton Barang hingga Mei 2026, Terbanyak Batu Bara",https://ekbis.sindonews.com/read/1719221/34/kai-logistik-angkut-68-juta-ton-barang-hingga-mei-2026-terbanyak-batu-bara-1781838404,Sindonews,ekonomi,2026-06-19,"JAKARTA
- PT Kereta Api Logistik (KAI Logistik) mencatat volume angkutan barang sebesar 6,8 juta ton hingga Mei 2026 melalui layanan logistik berbasis kereta api dan multimoda. Angkutan tersebut didominasi komoditas batu bara yang menjadi penopang utama distribusi logistik perusahaan.
""Secara year-on-year, di bulan Mei 2026 ini pengiriman barang retail mengalami pertumbuhan sebesar 37 persen dan angkutan peti kemas sebesar 24 persen. Pertumbuhan ini menunjukkan meningkatnya pemanfaatan layanan logistik berbasis kereta api oleh berbagai sektor industri untuk mendukung aktivitas distribusi mereka,"" kata Direktur Utama KAI Logistik Yuskal Setiawan seperti dikutip, Jumat (19/6/2026).
Dukung Angkutan Lebaran, KAI Logistik Kirim 12 Lokomotif ke Jawa
KAI Logistik menyebut capaian tersebut mencerminkan peran perusahaan dalam mendukung kelancaran rantai pasok nasional di tengah meningkatnya kebutuhan industri terhadap layanan logistik yang efisien, terintegrasi, dan berkelanjutan. Perusahaan terus memperkuat layanan distribusi untuk berbagai kebutuhan pengiriman, mulai dari barang retail hingga komoditas berskala besar.
Pada Mei 2026 saja, volume angkutan barang yang dikelola mencapai 1,7 juta ton. Dari jumlah tersebut, angkutan batu bara mendominasi sebesar 1,1 juta ton, diikuti angkutan peti kemas 267 ribu ton dan layanan pra serta purna BBM/BBK sebanyak 224 ribu ton.
Selain itu, KAI Logistik juga mengelola sekitar 38 ribu ton angkutan semen, 6 ribu ton pengiriman barang retail, serta 684 ton limbah bahan berbahaya dan beracun (B3) yang memerlukan penanganan khusus sesuai standar keselamatan dan regulasi."
Produksi Drama Cina AI,https://www.tempo.co/teroka/produksi-drama-cina-ai-2269911,Tempo,teroka,2026-06-18,"PERUSAHAAN produksi micro-drama Cina—selanjutnya disebut mikrodrama atau drama mikro Cina—satu per satu memasuki ranah konten berbasis akal imitasi (AI). Negeri Tirai Bambu itu mengklaim telah mempelopori pembuatan mikrodrama, yang juga dikenal sebagai drama vertikal, dengan memperbesar industrinya melalui pembuatan konten lewat AI."
Eksekusi Pengosongan Hotel Sultan Ricuh,https://www.tempo.co/hukum/eksekusi-pengosongan-hotel-sultan-ricuh-2269940,Tempo,hukum,2026-06-18,"KERICUHAN pecah dalam proses eksekusi Hotel Sultan&nbsp;di kawasan Gelora Bung Karno (GBK) pada Kamis pagi, 18 Juni 2026. Massa terlibat bentrok dengan aparat pengamanan yang mengawal proses pengosongan bangunan tersebut.
Massa melempari aparat dengan batu sebesar kepalan tangan. Sementara itu, sejumlah polisi terlihat berlindung di balik mobil baja untuk menghindari serangan.&nbsp;
Kepolisian membalas dengan mengeluarkan tembakan water canon ke arah massa. Ratusan orang tersebut kemudian berlarian dan masuk ke area dalam hotel. Petugas lalu mengejar mereka dan menangkap sebagian massa tersebut.&nbsp;
Panitera PN Jakarta Pusat, Ahyar Patmika, menyatakan proses eksekusi Hotel Sultan telah sesuai dengan persyaratan. ""Tidak bertentangan dengan hukum dan dapat dikabulkan,"" ujar Ahyar kepada wartawan di area Hotel Sultan, Kamis, 18 Juni 2026.
Ahyar mengatakan dengan adanya penetapan tersebut, maka juru sita pengadilan bisa mulai melaksanakan proses. ""Untuk melaksanakan eksekusi pengosongan dan mengembalikan kepada para Penggugat Rekonvensi,"" kata Ahyar.&nbsp;
Ketua Tim Transisi Blok 15 Gelora Bung Karno, Hendry Arisandi sebelumnya mengatakan bahwa persiapan teknis menjelang proses eksekusi mulai dilaksanakan. Langkah persiapan itu dilakukan lantaran belum adanya itikad baik dari pengelola Hotel Sultan, PT Indobuildco.&nbsp;
Henry menyatakan, PT Indobuildco hingga kini belum menjalankan perintah pengadilan perihal pengosongan obyek eksekusi. ""Prinsip kami jelas, eksekusi ini adalah pelaksanaan perintah pengadilan,"" ujar Hendry melalui keterangan tertulis dikutip pada Rabu, 17 Juni 2026.&nbsp;


Pilihan Editor:&nbsp;Ratusan Orang Tolak Eksekusi Pengosongan Hotel Sultan"
Laporan PBB Kerusakan Laut Krisis Iklim,https://www.tempo.co/lingkungan/laporan-pbb-kerusakan-laut-krisis-iklim-2269959,Tempo,lingkungan,2026-06-18,"TAK ada yang ragu terhadap sangat pentingnya peran laut bagi kehidupan manusia. Lautan mewakili sebagian besar permukaan bumi, yaitu sekitar 71 persen dengan luas total mencapai 361,1 juta kilometer persegi. Adapun luas wilayah perairan Indonesia mencapai 5,9 juta kilometer persegi, termasuk zona ekonomi eksklusif."
Mahasiswa Tolak Prabowo-Gibran,https://www.tempo.co/politik/mahasiswa-tolak-prabowo-gibran-2269860,Tempo,politik,2026-06-18,GERAKAN mahasiswa menentang berbagai kebijakan pemerintahan Prabowo Subianto kian masif terjadi selama dua pekan terakhir. Gelombang aksi ini terus menjalar hingga ke berbagai daerah.
Komponen Cadangan Demonstrasi Mahasiswa,https://www.tempo.co/kolom/komponen-cadangan-demonstrasi-mahasiswa-2269876,Tempo,kolom,2026-06-18,MOBILISASI Komponen Cadangan (Komcad) yang bertepatan dengan gelombang demonstrasi mahasiswa merupakan preseden berbahaya yang mengaburkan batas pertahanan dan keamanan negara. Pengerahan ini sekaligus mengirimkan sinyal intimidatif yang bisa makin menggerus ruang demokrasi.  
VIDEO WAWANCARA EKSKLUSIF  Ketua Aksi BEM UBK Bongkar Isi Pertemuan dengan Gibran: Bukan Setingan!,https://www.tribunnews.com/nasional/7843567/video-wawancara-eksklusif-ketua-aksi-bem-ubk-bongkar-isi-pertemuan-dengan-gibran-bukan-setingan,Tribun,berita,2026-06-18,"Halo,
Profile
Kirim Images
Logout
Masuk ke akun Anda
Belum punya akun? Daftar Akun
Pedoman Media Siber
Hubungi Kami
Privacy Policy
Redaksi
Download TribunX untuk Android & iOS
Ringkasan Berita: BEM UBK membantah pertemuan dengan Wapres Gibran merupakan agenda yang disetting dan menegaskan itu hasil perjuangan mahasiswa. Dalam dialog tersebut, mahasiswa menyoroti transparansi anggaran Program Makan Bergizi Gratis (MBG), kualitas pelaksanaan di lapangan, serta meminta pemerintah memberikan perhatian lebih besar terhadap sektor pendidikan. BEM UBK memberi ultimatum 5x24 jam dan siap kembali menggelar aksi jika tidak ada tindak lanjut nyata. TRIBUNNEWS.COM, JAKARTA - Badan Eksekutif Mahasiswa (BEM) Universitas Bung Karno (UBK) membantah tudingan bahwa pertemuan mahasiswa dengan Wakil Presiden Gibran Rakabuming Raka di Istana Wapres merupakan agenda yang telah diatur atau atau diskenariokan sebelumnya. Ketua BEM Fakultas Hukum Universitas Bung Karno (UBK) sekaligus Koordinator Aksi BEM UBK , Muhammad Abdi Maludin menegaskan pertemuan tersebut murni hasil diplomasi mahasiswa saat aksi unjuk rasa, bukan bagian dari skenario politik tertentu. Menurut Abdi, tidak ada pihak tertentu yang mengarahkan ataupun mengatur pertemuan tersebut untuk kepentingan politik. Dalam wawancara eksklusif bersama Direktur Pemberitaan Tribun Network, Febby Mahendra Putra, di Studio Tribunnews, Jakarta, Rabu (17/6/2026), Abdi mengatakan dialog dengan Wapres merupakan hasil diplomasi yang dibangun mahasiswa saat menggelar aksi unjuk rasa. ""Tidak ada unsur yang menunggangi kami. Itu murni kepentingan rakyat. Itu murni hasil dari gerakan kami di Universitas Bung Karno,"" tegas Abdi. ""Saya tekankan kepada kawan-kawan mahasiswa dan publik, tidak ada desain politik atau 'settingan' dari awal dalam pertemuan kami dengan Wapres. Pertemuan itu murni merupakan buah dari diplomasi kami di lapangan yang difasilitasi oleh kepolisian sebagai mitra strategis kami di titik aksi."" Menurutnya, akses untuk bertemu Wapres terbuka setelah mahasiswa menyampaikan aspirasi melalui aksi demonstrasi yang kemudian difasilitasi aparat kepolisian. Karena itu, ia menilai tudingan adanya ""settingan"" justru mengabaikan perjuangan mahasiswa yang turun langsung menyuarakan keresahan masyarakat. ""Kami tegaskan kepada publik, tidak ada desain politik dari awal. Pertemuan itu murni buah diplomasi mahasiswa di lapangan,"" ujarnya. Baca juga: Alasan BEM UBK Beri Ultimatum 5 Hari ke Wapres Gibran, Ancam Gelar Demo Berjilid-jilid Soroti Anggaran MBG Rp1 Triliun per Hari Dalam pertemuan yang berlangsung lebih dari satu jam tersebut, mahasiswa menyampaikan berbagai kritik terhadap sejumlah program pemerintah, mulai dari Program Makan Bergizi Gratis (MBG), Koperasi Desa Merah Putih, hingga isu pendidikan. Salah satu yang menjadi sorotan utama adalah Program Makan Bergizi Gratis (MBG). Abdi mengaku mempertanyakan besarnya anggaran program tersebut yang disebut mencapai sekitar Rp1 triliun setiap hari. Menurutnya, pemerintah perlu memberikan penjelasan yang lebih transparan mengenai penggunaan anggaran tersebut, terutama ketika masih ditemukan berbagai keluhan di lapangan terkait kualitas makanan yang diterima siswa. ""Tolong Pak Prabowo, anggaran itu sangat fantastis. Satu hari Rp1 triliun. Harus ada penjelasan dan data yang jelas, digunakan untuk apa?"" ujarnya. BEM UBK - Ketua Aksi Badan Eksekutif Mahasiswa (BEM) Universitas Bung Karno Muhammad Abdi Maludin (kiri) saat diwawancarai secara khusus oleh Direktur Pemberitaan Tribun Network, Febby Mahendra Putra (kanan) di Studio Tribunnews, Jakarta, Rabu (17/6/2026). Dalam kesempatan tersebut, ia menceritakan pertemuannya dengan Wakil Presiden Gibran Rakabuming yang berlangsung pada Senin (15/6/2026). TRIBUNNEWS/AKBAR PERMANA (TRIBUNNEWS/AKBAR PERMANA)
Ketua BEM Fakultas Hukum Universitas Bung Karno (UBK) sekaligus Koordinator Aksi BEM UBK , Muhammad Abdi Maludin menegaskan pertemuan tersebut murni hasil diplomasi mahasiswa saat aksi unjuk rasa, bukan bagian dari skenario politik tertentu.
Menurut Abdi, tidak ada pihak tertentu yang mengarahkan ataupun mengatur pertemuan tersebut untuk kepentingan politik.
Dalam wawancara eksklusif bersama Direktur Pemberitaan Tribun Network, Febby Mahendra Putra, di Studio Tribunnews, Jakarta, Rabu (17/6/2026), Abdi mengatakan dialog dengan Wapres merupakan hasil diplomasi yang dibangun mahasiswa saat menggelar aksi unjuk rasa.
""Tidak ada unsur yang menunggangi kami. Itu murni kepentingan rakyat. Itu murni hasil dari gerakan kami di Universitas Bung Karno,"" tegas Abdi.
""Saya tekankan kepada kawan-kawan mahasiswa dan publik, tidak ada desain politik atau 'settingan' dari awal dalam pertemuan kami dengan Wapres. Pertemuan itu murni merupakan buah dari diplomasi kami di lapangan yang difasilitasi oleh kepolisian sebagai mitra strategis kami di titik aksi.""
Menurutnya, akses untuk bertemu Wapres terbuka setelah mahasiswa menyampaikan aspirasi melalui aksi demonstrasi yang kemudian difasilitasi aparat kepolisian.
Karena itu, ia menilai tudingan adanya ""settingan"" justru mengabaikan perjuangan mahasiswa yang turun langsung menyuarakan keresahan masyarakat.
""Kami tegaskan kepada publik, tidak ada desain politik dari awal. Pertemuan itu murni buah diplomasi mahasiswa di lapangan,"" ujarnya.
Soroti Anggaran MBG Rp1 Triliun per Hari
Dalam pertemuan yang berlangsung lebih dari satu jam tersebut, mahasiswa menyampaikan berbagai kritik terhadap sejumlah program pemerintah, mulai dari Program Makan Bergizi Gratis (MBG), Koperasi Desa Merah Putih, hingga isu pendidikan.
Salah satu yang menjadi sorotan utama adalah Program Makan Bergizi Gratis (MBG).
Abdi mengaku mempertanyakan besarnya anggaran program tersebut yang disebut mencapai sekitar Rp1 triliun setiap hari.
Menurutnya, pemerintah perlu memberikan penjelasan yang lebih transparan mengenai penggunaan anggaran tersebut, terutama ketika masih ditemukan berbagai keluhan di lapangan terkait kualitas makanan yang diterima siswa.
""Tolong Pak Prabowo, anggaran itu sangat fantastis. Satu hari Rp1 triliun. Harus ada penjelasan dan data yang jelas, digunakan untuk apa?"" ujarnya.
Isi komentar sepenuhnya adalah tanggung jawab pengguna dan diatur dalam UU ITE."
Potret Megah Konser BTS WORLD TOUR ARIRANG di Busan,https://www.cnbcindonesia.com/lifestyle/20260616160358-34-743157/potret-megah-konser-bts-world-tour-arirang-di-busan,CNBC Indonesia,hiburan,2026-06-16,"Busan menjadi salah satu kota paling spesial dalam perjalanan BTS karena menjadi lokasi konser ""Yet To Come in Busan"".
Penggemar BTS dari berbagai negara memadati area sekitar stadion beberapa jam sebelum konser dimulai. Busan menjadi salah satu kota paling spesial dalam perjalanan BTS karena menjadi lokasi konser ""Yet To Come in Busan"" pada 2022 sebelum para member menjalani wajib militer. (Dok. Samsung)
Seorang penggemar mengenakan jaket bertema BTS saat berjalan menuju venue konser di Busan. Banyak ARMY tampil dengan outfit khusus yang terinspirasi dari era dan lagu favorit mereka untuk merayakan 13 tahun perjalanan BTS di industri musik global. (Dok. Samsung)
Malam harinya BTS kemudian membuka konser BTS WORLD TOUR ""ARIRANG"" di Busan Asiad Main Stadium dengan penampilan penuh energi melalui lagu-lagu dari album terbaru dan nostalgia sejumlah lagu lama mereka pada Sabtu (13/6/2026). (Dok. Samsung)
Selama hampir dua jam, RM, Jin, SUGA, j-hope, Jimin, V, dan Jungkook tampil kompak membawakan koreografi dan vokal yang memicu sorak puluhan ribu ARMY yang memadati stadion. (Dok. Samsung)
Konser Busan menjadi salah satu pemberhentian paling spesial dalam tur dunia ARIRANG karena digelar bertepatan dengan FESTA 2026, perayaan 13 tahun debut BTS. (Dok. Samsung)
Ketujuh member tampil dengan semangat tinggi sejak awal hingga akhir pertunjukan dan menunjukkan kekompakan yang tetap terjaga. (Dok. Samsung)
Lagu-lagu terbaru seperti ""Hooligan"", ""Aliens"", ""they don't know 'bout us"", hingga ""SWIM"" mendapat sambutan meriah dari para penggemar. (Dok. Samsung)
Ribuan light stick ARMY Bomb yang memenuhi stadion menciptakan lautan cahaya yang mengikuti setiap irama musik sepanjang konser berlangsung. (Dok. Samsung)
Di hadapan sekitar 110.000 penggemar yang hadir selama dua hari konser, para member menyampaikan rasa syukur dapat merayakan 13 tahun perjalanan BTS bersama ARMY di Busan.(Dok. Samsung)
Kota pelabuhan tersebut menjadi saksi reuni spesial antara BTS dan penggemarnya, hampir empat tahun setelah konser ""Yet To Come in Busan"" digelar sebelum para member menjalani wajib militer. Laporan CNBC Indonesia dari Korea Selatan ini didukung oleh teknologi kamera dan fitur AI dari Samsung Galaxy S26 Ultra. Kunjungi website resmi Samsung Indonesia untuk mendapatkan informasi serta perbandingan lebih detail soal berbagai fitur terbaru, spesifikasi, dan penawaran terbaik smartphone flagship Samsung Galaxy S26. (Dok. Samsung)"
Sampul Tempo Penganti Menteri Keuangan,https://www.tempo.co/prelude/sampul-tempo-penganti-menteri-keuangan-2269078,Tempo,prelude,2026-06-14,"EKONOMI tampak sebagai ilmu yang rumit dengan jargon dan angka. Padahal, “Ekonomi jauh lebih sederhana dan lebih praktis dari apa yang selama ini kita percayai.” Itu kata Thomas Sowel, ahli ekonomi Stanford University, California, Amerika Serikat. Kalau kata Ha-Joon Chang, ekonom Cambridge University, Inggris, dalam Economics: The User’s Guide, “Sembilan puluh lima persen ilmu ekonomi adalah akal sehat.”"
Gagalnya Ekonomi Komando Prabowo,https://www.tempo.co/kolom/gagalnya-ekonomi-komando-prabowo-2269055,Tempo,kolom,2026-06-14,"SIAPA pun yang menjabat Menteri Keuangan, ekonomi Indonesia akan terus tertekan. Problem utama ekonomi Indonesia bukanlah siapa yang menjadi Menteri Keuangan, melainkan kebijakan fiskal Presiden yang sembrono. Gejolak geopolitik akibat perang Iran versus Amerika Serikat-Israel hanya menambah parah apa yang sudah rusak di dalam negeri."
Tarik-ulur Penggantian Menteri Keuangan,https://www.tempo.co/ekonomi/tarik-ulur-penggantian-menteri-keuangan-2269102,Tempo,ekonomi,2026-06-14,"KEJUTAN demi kejutan terjadi selama dua pekan lalu. Indeks Harga Saham Gabungan Bursa Efek Indonesia anjlok parah, kurs rupiah apalagi. Harga bahan bakar naik, pasar gonjang-ganjing lantaran sejumlah rumor politik. Menjelang akhir pekan, mahasiswa berunjuk rasa. "
"Kabar Buruk untuk Masyarakat: Setelah Harga Pertamax Naik, Cicilan KPR Setiap Bulan Bersiap Melonjak",https://www.tribunnews.com/bisnis/7840743/kabar-buruk-untuk-masyarakat-setelah-harga-pertamax-naik-cicilan-kpr-setiap-bulan-bersiap-melonjak,Tribun,ekonomi,2026-06-11,"Halo,
Profile
Kirim Images
Logout
Masuk ke akun Anda
Belum punya akun? Daftar Akun
Pedoman Media Siber
Hubungi Kami
Privacy Policy
Redaksi
Download TribunX untuk Android & iOS
Ringkasan Berita: BI menaikkan suku bunga acuan 25 bps menjadi 5,50 persen untuk menahan pelemahan rupiah terhadap dolar AS. Kenaikan BI Rate berpotensi mendorong bank menaikkan bunga KPR non-subsidi karena biaya dana (cost of fund) ikut meningkat. Diperkirakan transmisi kenaikan bunga ke sektor riil, termasuk KPR , terjadi dalam 3-6 bulan, sementara KPR subsidi tetap relatif aman. TRIBUNNEWS.COM, JAKARTA - Dalam beberapa hari ini, masyarakat dikejutkan dengan keputusan dari institusi negara. Pertama, Bank Indonesia (BI) tiba-tiba menaikkan suku bunga acuan (BI Rate) 25 basis poin menjadi 5,50 persen pada Rapat Dewan Gubernur (RDG) pada Selasa (9/6/2026). Keputusan ini diambil lebih cepat dari jadwal RDG reguler BI yang semula direncakan berlangsung pada 17-18 Juni 2026. Baca juga: BI Rate Naik, Rupiah Menguat 114 Poin ke Rp 17.944 per Dolar AS Langkah BI menaikkan suku bunga acuan untuk menahan pelemahan nilai tukar rupiah terhadap dolar AS makin dalam. Kedua, pemerintah menyetujui Pertamina menaikkan bahan bakar minyak (BBM) nonsubsidi yakni Pertamax RON 92 dari Rp12.300 per liter menjadi Rp16.250 per liter, mulai 10 Juni 2026. Pengumuman naiknya harga Pertamax dilakukan secara mendadak tanpa ada pemberitahuan terlebih dahulu, tetapi hanya disampaikan melalui siara pers dari Pertamina Patra Niaga pada Selasa (9/6/2026) malam sekitar pukul 23.34 WIB. Dampak Kenaikan BI Rate Terhadap Cicilan KPR BI-Rate adalah suku bunga kebijakan moneter utama yang ditetapkan oleh Bank Indonesia. Angka ini berfungsi sebagai suku bunga acuan utama untuk mengendalikan inflasi, menjaga kestabilan nilai tukar rupiah, dan menjadi patokan bagi bank -bank umum dalam menentukan suku bunga kredit maupun tabungan. Dengan begitu, ketika BI Rate naik maka bunga pinjaman di perbankan ke depannya menjadi naik, satu di antaranya KPR . Kenapa bunga KPR bisa naik? Sebab, pengeluaran perbankan ke depan akan naik juga karena harus mengeluarkan bunga lebih besar kepada nasabah deposito maupun produk simpanan lain di bank . Hal itu biasa disebut biaya dana bank (cost of fund), artinya biaya riil yang harus dikeluarkan bank untuk memperoleh dana simpanan dari nasabah seperti deposito maupun giro. Agar keuntungan perbankan tidak tergerus karena biaya dana bank naik, maka perbankan menaikkan suku bunga pinjaman seperti KPR . Dengan kata lain, bank membebankan kenaikan biaya dana ini kepada nasabah dengan mendongkrak suku bunga pinjaman .
Pertama, Bank Indonesia (BI) tiba-tiba menaikkan suku bunga acuan (BI Rate) 25 basis poin menjadi 5,50 persen pada Rapat Dewan Gubernur (RDG) pada Selasa (9/6/2026).
Keputusan ini diambil lebih cepat dari jadwal RDG reguler BI yang semula direncakan berlangsung pada 17-18 Juni 2026.
Langkah BI menaikkan suku bunga acuan untuk menahan pelemahan nilai tukar rupiah terhadap dolar AS makin dalam.
Kedua, pemerintah menyetujui Pertamina menaikkan bahan bakar minyak (BBM) nonsubsidi yakni Pertamax RON 92 dari Rp12.300 per liter menjadi Rp16.250 per liter, mulai 10 Juni 2026.
Pengumuman naiknya harga Pertamax dilakukan secara mendadak tanpa ada pemberitahuan terlebih dahulu, tetapi hanya disampaikan melalui siara pers dari Pertamina Patra Niaga pada Selasa (9/6/2026) malam sekitar pukul 23.34 WIB.
Dampak Kenaikan BI Rate Terhadap Cicilan KPR
BI-Rate adalah suku bunga kebijakan moneter utama yang ditetapkan oleh Bank Indonesia.
Angka ini berfungsi sebagai suku bunga acuan utama untuk mengendalikan inflasi, menjaga kestabilan nilai tukar rupiah, dan menjadi patokan bagi bank -bank umum dalam menentukan suku bunga kredit maupun tabungan.
Dengan begitu, ketika BI Rate naik maka bunga pinjaman di perbankan ke depannya menjadi naik, satu di antaranya KPR .
Kenapa bunga KPR bisa naik? Sebab, pengeluaran perbankan ke depan akan naik juga karena harus mengeluarkan bunga lebih besar kepada nasabah deposito maupun produk simpanan lain di bank .
Hal itu biasa disebut biaya dana bank (cost of fund), artinya biaya riil yang harus dikeluarkan bank untuk memperoleh dana simpanan dari nasabah seperti deposito maupun giro.
Agar keuntungan perbankan tidak tergerus karena biaya dana bank naik, maka perbankan menaikkan suku bunga pinjaman seperti KPR .
Dengan kata lain, bank membebankan kenaikan biaya dana ini kepada nasabah dengan mendongkrak suku bunga pinjaman .
Isi komentar sepenuhnya adalah tanggung jawab pengguna dan diatur dalam UU ITE."
Kapolri: Sejumlah Negara Percepat Pemilu karena Krisis Keuangan,https://www.tribunnews.com/nasional/7840792/kapolri-sejumlah-negara-percepat-pemilu-karena-krisis-keuangan,Tribun,berita,2026-06-11,"Halo,
Profile
Kirim Images
Logout
Masuk ke akun Anda
Belum punya akun? Daftar Akun
Pedoman Media Siber
Hubungi Kami
Privacy Policy
Redaksi
Download TribunX untuk Android & iOS
Hal itu disampaikan Listyo dalam Rapat Koordinasi Pengawasan (Rakowas) Kompolnas Tahun 2026 di Mercure Hotel Ancol, Jakarta Utara, Rabu (10/06/2026).
Dia menyebutkan, perang Rusia-Ukraina; konflik Amerika Serikat-Israel melawan Iran; persaingan ekonomi antara Amerika Serikat dan China telah memicu gangguan rantai pasok dan krisis energi di berbagai negara.
Dampaknya, sejumlah negara kesulitan mempertahankan kemampuan keuangannya, terutama untuk menanggung beban subsidi.
""Ini berdampak kepada kemampuan bangsa kita dan juga bangsa-bangsa lain terkait dengan kemampuan untuk bisa memberikan subsidi,"" kata Listyo.
Menurut Kapolri, tekanan ekonomi tersebut bahkan berimbas pada stabilitas politik dalam negeri sejumlah negara.
""Beberapa negara mengalami krisis karena memang sisi keuangannya tidak mampu. Ada beberapa negara yang kemudian berdampak secara politik dalam negerinya dan kemudian terjadi snap election atau mempercepat pemilu,"" ucap Listyo.
Ia mengatakan kondisi global saat ini masih penuh ketidakpastian. Konflik yang berlangsung di berbagai kawasan dunia terus memengaruhi harga energi dan kondisi ekonomi global.
""Sementara prediksi ekonomi global juga kita lihat bahwa pertumbuhan ekonomi global juga terjadi penurunan, sementara inflasi global juga meningkat. Dan ini tentunya menjadi PR hampir di semua negara,"" pungkasnya.
Isi komentar sepenuhnya adalah tanggung jawab pengguna dan diatur dalam UU ITE."
"Sosok-Rekam Jejak Bripka Pelsis Arianto, 2 Kali Tersandung Kasus Narkoba, Menanti Vonis Sidang Etik",https://www.tribunnews.com/regional/7840783/sosok-rekam-jejak-bripka-pelsis-arianto-2-kali-tersandung-kasus-narkoba-menanti-vonis-sidang-etik,Tribun,regional,2026-06-11,"Halo,
Profile
Kirim Images
Logout
Masuk ke akun Anda
Belum punya akun? Daftar Akun
Pedoman Media Siber
Hubungi Kami
Privacy Policy
Redaksi
Download TribunX untuk Android & iOS
Ringkasan Berita: Bripka Pelsis Arianto, anggota Polda Maluku kini tengah menanti vonis sidang kode etik terkait kasus penyalahgunaan narkoba. Bripka Pelsis sebelumnya digerebek Satuan Reserse Narkoba (Satresnarkoba) Polres Buru di Kota Namlea, Selasa (12/5/2026) lalu. Dua tahun lalu tepatnya tahun 2024, Bripka Pelsis Arianto juga terlibat kasus yang sama. TRIBUNNEWS.COM, AMBON - Bripka Pelsis Arianto , anggota Polda Maluku kini tengah menanti vonis sidang kode etik terkait kasus penyalahgunaan narkoba. Bripka Pelsis Arianto sebelumnya digerebek Satuan Reserse Narkoba (Satresnarkoba) Polres Buru di Kota Namlea, Selasa (12/5/2026) lalu. Ini bukan kali pertama Bripka Pelsis Arianto tersandung kasus narkoba. Baca juga: Sosok Bripka Abu Bakar, Ajudan Wakil Bupati Buru & Anggota Polair Tertangkap Diduga Pesta Narkoba Dua tahun lalu tepatnya tahun 2024, Bripka Pelsis Arianto juga terlibat kasus yang sama. Bedanya, saat digerebek pada Mei 2026, Bripka Pelsis Arianto tak sendirian. Dalam operasi tersebut, polisi mengamankan 5 orang, 4 di antaranya merupakan anggota polisi. Mereka adalah Brigpol Wenky, Aiptu Yunan Sariowa, Bripka Pelsis Arianto , Bripka Abdul Wahab Syarifuddin alias Abu dan seorang warga sipil berinisial G. Berikut 2 kasus penyalahgunaan narkoba yang menjerat Bripka Pelsis Arianto : Kasus Mei 2026, Ditangkap Bersama Ajudan Wakil Bupati Selasa (12/5/2026) lalu, Satresnarkoba Polres Buru menggerebek sebuah rumah dinas anggota polisi di Kota Namlea. Bripka Pelsis Arianto ditangkap bersama Bripka Abu Bakar, ajudan Wakil Bupati Kabupaten Buru, Provinsi Maluku, Sudarmo. Bripka Abu Bakar adalah anggota Polisi Air dan Udara (Polair) di Maluku. Bersama mereka, terdapat 3 orang lainnya yang ikut ditangkap, dua di antaranya juga merupakan polisi aktif. Penggerebekan bermula ketika Bripka Abdul Wahab Syarifuddin alias Abu hendak berangkat bekerja.
Bripka Pelsis Arianto sebelumnya digerebek Satuan Reserse Narkoba (Satresnarkoba) Polres Buru di Kota Namlea, Selasa (12/5/2026) lalu.
Ini bukan kali pertama Bripka Pelsis Arianto tersandung kasus narkoba.
Dua tahun lalu tepatnya tahun 2024, Bripka Pelsis Arianto juga terlibat kasus yang sama.
Bedanya, saat digerebek pada Mei 2026, Bripka Pelsis Arianto tak sendirian.
Dalam operasi tersebut, polisi mengamankan 5 orang, 4 di antaranya merupakan anggota polisi.
Mereka adalah Brigpol Wenky, Aiptu Yunan Sariowa, Bripka Pelsis Arianto , Bripka Abdul Wahab Syarifuddin alias Abu dan seorang warga sipil berinisial G.
Berikut 2 kasus penyalahgunaan narkoba yang menjerat Bripka Pelsis Arianto :
Selasa (12/5/2026) lalu, Satresnarkoba Polres Buru menggerebek sebuah rumah dinas anggota polisi di Kota Namlea.
Bripka Pelsis Arianto ditangkap bersama Bripka Abu Bakar, ajudan Wakil Bupati Kabupaten Buru, Provinsi Maluku, Sudarmo.
Bripka Abu Bakar adalah anggota Polisi Air dan Udara (Polair) di Maluku.
Bersama mereka, terdapat 3 orang lainnya yang ikut ditangkap, dua di antaranya juga merupakan polisi aktif.
Penggerebekan bermula ketika Bripka Abdul Wahab Syarifuddin alias Abu hendak berangkat bekerja.
Isi komentar sepenuhnya adalah tanggung jawab pengguna dan diatur dalam UU ITE."
"Inggris vs Kosta Rika 3-0, Hasil yang Membawa Ketenangan Bagi Tuchel Jelang Piala Dunia 2026",https://www.tribunnews.com/superskor/7840780/inggris-vs-kosta-rika-3-0-hasil-yang-membawa-ketenangan-bagi-tuchel-jelang-piala-dunia-2026,Tribun,olahraga,2026-06-11,"Halo,
Profile
Kirim Images
Logout
Masuk ke akun Anda
Belum punya akun? Daftar Akun
Pedoman Media Siber
Hubungi Kami
Privacy Policy
Redaksi
Download TribunX untuk Android & iOS
Ringkasan Berita: hasil laga uji coba terakhir jelang Piala Dunia 2026 , timnas Inggris menang 3-0 atas Kosta Rika , Kamis (11/6/2026). Pelatih Inggris , Thomas Tuchel puas dengan performa anak asuhnya, baik pemain yang turun sebagai starter maupun pengganti. Namun satu yang dia sayangkan adalah kurangnya sentuhan akhir yang sempurna untuk mencetak gol. Inggris setelah uji coba ini akan istirahat selama satu setengah hari, lalu pergi ke Kansas untuk melakukan persiapan melawan Kroasia (18/6). TRIBUNNEWS.COM - Thomas Tuchel menyayangkan anak asuhnya kurang klinis di sepertiga akhir lapangan saat melawan Kosta Rika pada uji coba terakhir jelang Piala Dunia 2026 di Inter&Co Stadium pada Kamis (11/6/2026). Banyak peluang yang tercipta dari Noni Madueke dan kolega, sebanyak 27 percobaan mereka hasilkan, Sembilan di antaranya tepat sasaran, dan tiga yang berhasil masuk ke gawang Kosta Rika . Satu di antara peluang emas Inggris yang gagal dikonversikan menjadi gol tercipta pada menit ke-36. Madueke mendapat umpan terobosan dari Jud, dia menggiring ke kotak penalti, melewat kiper Kosta Rika , dan kemudian melepaskan tembakan dari Jarak dekat, namun sayang bola membentur mistar gawang. ""Seharusnya kami mencetak gol lebih banyak, menciptakan banyak peluang,"" kata Tuchel usai pertandingan kepada ITV, dilansir Sky Sports. Meskipun begitu, Tuchel sudah cukup puas dengan performa anak asuhnya. Dia melakukan enam perubahan pada menit ke-63, termasuk dengan memainkan Eberechi Eze yang kemudian berkontribusi terhadap penalti yang didapatkan Inggris tiga menit berselang. Anthony Gordon yang maju sebagai eksekutor karena tidak ada Harry Kane yang sudah ditarik keluar menjalankan tugasnya dengan baik. Tuchel Kembali melakukan perubahan tiga menit setelah gol Gordon, tepatnya pada menit ke-71. Hampir seluruh pemain yang dimilikinya dalam skuad The Three Lions tampil di laga uji coba terakhir ini. ""Semua pemain bermain bagus. Performa tim yang sangat baik. Kami ingin melangkah ke level berikutnya dan kami berhasil. Tekanan balik berjalan baik, pertahanan, kekompakan, semuanya berada pada level tinggi,"" beber Tuchel. Baik pemain yang menjadi starter maupun pemain yang tampil dari bangku cadangan di babak kedua, semuanya memiliki peran yang cukup berdampak di lapangan pertandingan. Pertandingan yang cukup berbeda dari akhir pekan lalu saat melawan Islandia Baru dengan intensitas yang lebih tinggi. ""Malam ini membuat pikiran saya sangat tenang karena kami benar-benar berada di jalur yang tepat dan saya sangat bangga dengan semangat tim,"" ungkapnya. ""Para pemain yang masuk sangat berpengaruh dan para pemain di bangku cadangan juga memberikan dorongan. Ini persis seperti yang kami inginkan,"" jelasnya.
Banyak peluang yang tercipta dari Noni Madueke dan kolega, sebanyak 27 percobaan mereka hasilkan, Sembilan di antaranya tepat sasaran, dan tiga yang berhasil masuk ke gawang Kosta Rika .
Satu di antara peluang emas Inggris yang gagal dikonversikan menjadi gol tercipta pada menit ke-36.
Madueke mendapat umpan terobosan dari Jud, dia menggiring ke kotak penalti, melewat kiper Kosta Rika , dan kemudian melepaskan tembakan dari Jarak dekat, namun sayang bola membentur mistar gawang.
""Seharusnya kami mencetak gol lebih banyak, menciptakan banyak peluang,"" kata Tuchel usai pertandingan kepada ITV, dilansir Sky Sports.
Meskipun begitu, Tuchel sudah cukup puas dengan performa anak asuhnya.
Dia melakukan enam perubahan pada menit ke-63, termasuk dengan memainkan Eberechi Eze yang kemudian berkontribusi terhadap penalti yang didapatkan Inggris tiga menit berselang.
Anthony Gordon yang maju sebagai eksekutor karena tidak ada Harry Kane yang sudah ditarik keluar menjalankan tugasnya dengan baik.
Tuchel Kembali melakukan perubahan tiga menit setelah gol Gordon, tepatnya pada menit ke-71. Hampir seluruh pemain yang dimilikinya dalam skuad The Three Lions tampil di laga uji coba terakhir ini.
""Semua pemain bermain bagus. Performa tim yang sangat baik. Kami ingin melangkah ke level berikutnya dan kami berhasil. Tekanan balik berjalan baik, pertahanan, kekompakan, semuanya berada pada level tinggi,"" beber Tuchel.
Baik pemain yang menjadi starter maupun pemain yang tampil dari bangku cadangan di babak kedua, semuanya memiliki peran yang cukup berdampak di lapangan pertandingan.
Pertandingan yang cukup berbeda dari akhir pekan lalu saat melawan Islandia Baru dengan intensitas yang lebih tinggi.
""Malam ini membuat pikiran saya sangat tenang karena kami benar-benar berada di jalur yang tepat dan saya sangat bangga dengan semangat tim,"" ungkapnya.
""Para pemain yang masuk sangat berpengaruh dan para pemain di bangku cadangan juga memberikan dorongan. Ini persis seperti yang kami inginkan,"" jelasnya.
Isi komentar sepenuhnya adalah tanggung jawab pengguna dan diatur dalam UU ITE."
"Hadir di Public Expose Live 2026 BEI, Bank Raya Optimistis Bisnis Digital Tumbuh Positif",https://www.tribunnews.com/bisnis/7839995/hadir-di-public-expose-live-2026-bei-bank-raya-optimistis-bisnis-digital-tumbuh-positif,Tribun,ekonomi,2026-06-09,"Halo,
Profile
Kirim Images
Logout
Masuk ke akun Anda
Belum punya akun? Daftar Akun
Pedoman Media Siber
Hubungi Kami
Privacy Policy
Redaksi
Download TribunX untuk Android & iOS
Perseroan memaparkan kinerja keuangan Kuartal I 2026 beserta rencana ekspansi bisnis dan pengembangan inovasi guna mendorong pertumbuhan berkelanjutan. Paparan tersebut disampaikan langsung oleh Direktur Utama Ida Bagus Ketut Subagia dan Direktur Bisnis Kicky Andrie Davetra.
Public expose yang rutin dilakukan oleh Bank Raya merupakan bagian dari upaya meningkatkan transparansi dan memberikan informasi mengenai kinerja perusahaan kepada publik dan investor.
Dalam Public Expose Live 2026, direksi perseroan menekankan komitmen untuk mempertajam visi dalam mendukung pengembangan bisnis digital serta mendorong keunggulan produk yang mudah, relevan, dan andal untuk bertransaksi dan mengelola keuangan bagi pelaku usaha, komunitas, maupun kebutuhan personal.
Untuk mendukung visi tersebut, Bank Raya akan menerapkan strategi eksploitasi dan eksplorasi guna mendorong pertumbuhan bisnis digital. Melalui strategi eksploitasi dan sinergi dengan BRI serta perusahaan anak BRI, perseroan akan mengoptimalkan peluang bisnis digital yang ada di dalam ekosistem BRI Group.
Sementara itu, melalui pendekatan eksplorasi, Bank Raya akan menyasar target pasar di luar BRI Group melalui kerja sama dan kolaborasi dengan mitra-mitra potensial.
Direktur Utama Bank Raya Ida Bagus Ketut Subagia mengatakan, pertumbuhan yang dicapai mencerminkan fokus perseroan pada strategi pertumbuhan bisnis digital berkualitas. Pihaknya pun optimistis jika bisnis digital terus memiliki prospek yang menjanjikan di masa depan.
""Di tengah dinamika global, kami selalu berupaya menjaga keseimbangan antara ekspansi bisnis dan penguatan fundamental sebagai bukti keberhasilan kami bertransformasi menjadi bank digital. Kami terus mengoptimalkan inovasi produk kepada nasabah melalui ragam solusi keuangan digital yang relevan dengan masyarakat sehingga memberikan stabilitas lebih kuat bagi bisnis kami,"" ujar Bagus dalam siaran pers yang diterima Tribunnews.com, Selasa.
Bagus menambahkan, perseroan juga optimistis terhadap potensi pertumbuhan jangka panjang. Optimisme itu ditopang oleh sejumlah keunggulan kompetitif Bank Raya sebagai bank digital.
Pertama , Bank Raya memiliki jaringan online to offline (O2O) yang terluas di seluruh Indonesia. Kedua , inovasi berkelanjutan pada produk digital lintas segmen yang memungkinkan scale up bisnis melalui kemitraan dan akuisisi pengguna akhir lewat ekosistem BRI maupun ekosistem digital lainnya.
Ketiga , optimalisasi sinergi BRI Group sebagai digital attacker untuk melayani pasar usaha mikro kecil dan menengah (UMKM) dengan produk yang cepat, relevan, andal, dan mudah diakses nasabah.
Bank Raya membuktikan komitmen mencapai pertumbuhan bisnis berkelanjutan melalui capaian kinerja di kuartal I 2026 yang semakin solid. Pertumbuhan ini ditopang dari sisi penyaluran kredit digital, penghimpunan simpanan digital, ataupun penguatan fundamental keuangan.
Pada Kuartal I 2026, Bank Raya membukukan laba bersih sebesar Rp6,79 miliar, ditopang dari kinerja kuat bisnis digital. Hal itu tecermin dari perbaikan rasio net interest margin (NIM) yang meningkat 91 basis poin (bps) secara tahunan ( year-on-year /yoy), dari 4,87 persen pada Kuartal I 2025 menjadi 5,78 persen, seiring optimalisasi aset produktif dan pengelolaan biaya dana yang lebih efisien.
Sejalan dengan upaya tersebut, Bank Raya terus memperkuat pertumbuhan bisnis digital secara prudent . Porsi kredit digital terus meningkat menjadi 45,6 persen dari tahun sebelumnya sebesar 32,1 persen, sejalan dengan transformasi untuk memperkuat pertumbuhan bisnis digital secara berkelanjutan.
Bank Raya menargetkan porsi kredit digital ataupun simpanan digital terus bertumbuh positif sepanjang 2026. Penyaluran kredit digital tercatat sebesar Rp8,14 triliun atau tumbuh 29,0 persen yoy, sedangkan outstanding kredit digital Bank Raya tumbuh mencapai Rp3,14 triliun atau tumbuh 33,1 persen yoy.
Isi komentar sepenuhnya adalah tanggung jawab pengguna dan diatur dalam UU ITE."
"Bank Raya Gelar RUPST 2026, Pemegang Saham Setujui Sejumlah Agenda Strategis",https://www.tribunnews.com/bisnis/7832282/bank-raya-gelar-rupst-2026-pemegang-saham-setujui-sejumlah-agenda-strategis,Tribun,ekonomi,2026-05-21,"Halo,
Profile
Kirim Images
Logout
Masuk ke akun Anda
Belum punya akun? Daftar Akun
Pedoman Media Siber
Hubungi Kami
Privacy Policy
Redaksi
Download TribunX untuk Android & iOS
Dalam RUPST 2026, para pemegang saham menyetujui sejumlah agenda rapat, di antaranya:
Terkait dengan kinerja Perseroan selama Tahun Buku 2025, Pemegang Saham di dalam RUPST 2026 memutuskan bahwa Laporan Tahunan dan Laporan Keuangan Perseroan serta Laporan Tugas Pengawasan Dewan Komisaris Perseroan untuk tahun buku yang berakhir pada tanggal 31 Desember 2025, telah diterima, disetujui, dan disahkan.
RUPST 2026 juga memberikan pelunasan dan pembebasan tanggung jawab sepenuhnya (volledig acquit et de charge) kepada seluruh anggota Direksi atas tindakan pengurusan Perseroan dan kepada seluruh anggota Dewan Komisaris atas tindakan pengawasan Perseroan yang telah dijalankan selama Tahun Buku 2025 yang berakhir pada tanggal 31 Desember 2025, sepanjang tindakan tersebut bukan merupakan tindak pidana dan tercermin dalam laporan tersebut di atas.
Laporan Keuangan Tahun Buku 2025 yang termuat dalam Laporan Tahunan tersebut diatas telah diaudit oleh Kantor Akuntan Publik (KAP) Purwantono, Sungkoro & Surja (firma anggota jaringan Ernst & Young Global), dengan opini wajar dalam semua hal yang material.
Ida Bagus Ketut Subagia, Direktur Utama Bank Raya mengatakan, “Penyelenggaraan RUPST 2026 merupakan salah satu upaya penerapan tata kelola perusahaan yang baik, yang menempatkan organ perusahaan tertinggi yaitu Rapat Umum Pemegang Saham untuk menyetujui serta mengesahkan keputusan yang akan dijalankan atau telah dijalankan oleh manajemen. Melalui agenda RUPST ini, Perseroan juga menegaskan langkah strategis untuk menjaga pertumbuhan yang sehat, adaptif terhadap dinamika industri perbankan, serta mendukung penguatan arah bisnis jangka panjang Bank Raya.”
Bagus menambahkan, “Bank Raya juga menyampaikan apresiasi setinggi-tingginya terhadap seluruh Pemegang Saham atas dukungan yang diberikan kepada Bank Raya. Perseroan berharap kinerja Bank Raya akan terus tumbuh positif dan berkelanjutan.”
RUPST 2026 menyetujui perubahan susunan Pengurus Perseroan sebagaimana telah ditetapkan, sehingga susunan Direksi dan Dewan Komisaris Perseroan menjadi sebagai berikut:
Susunan Dewan Komisaris
Susunan Direksi
dan Sumber Daya Manusia                               : Danar Widyantoro
*) efektif setelah penilaian kemampuan dan kepatutan disetujui Otoritas Jasa Keuangan
“Dengan dukungan dari Pemegang Saham yang ditunjukkan dengan disetujuinya seluruh usulan mata acara dalam RUPST 2026 ini, kami optimistis Bank Raya akan semakin kuat melangkah sebagai bank digital yang tangguh, sehat, dan berkelanjutan. Ke depan, Perseroan akan terus fokus memperkuat fundamental bisnis, memperluas inovasi layanan digital, serta meningkatkan kontribusi dalam mendorong percepatan inklusi keuangan digital di Indonesia,” tutup Bagus.
Isi komentar sepenuhnya adalah tanggung jawab pengguna dan diatur dalam UU ITE."
"Sambut Idulfitri 1447 H, Bank Raya Pastikan Layanan Digital Tetap Optimal bagi Masyarakat",https://www.tribunnews.com/bisnis/7806224/sambut-idulfitri-1447-h-bank-raya-pastikan-layanan-digital-tetap-optimal-bagi-masyarakat,Tribun,ekonomi,2026-03-18,"Halo,
Profile
Kirim Images
Logout
Masuk ke akun Anda
Belum punya akun? Daftar Akun
Pedoman Media Siber
Hubungi Kami
Privacy Policy
Redaksi
Download TribunX untuk Android & iOS
Di tengah berbagai aktivitas tersebut, transaksi perbankan mengalami peningkatan di masyarakat, mulai dari belanja kebutuhan pokok konsumtif, maupun kebutuhan transaksi selama perjalanan seperti top up e-wallet, transaksi QRIS, dan lain-lain. Kemudahan akses layanan menjadi prioritas utama bagi Bank Raya untuk memudahkan masyarakat.
Sebagai Bank Digital, Bank Raya terus berupaya meningkatkan pelayanan guna menghadirkan transaksi yang praktis dan nyaman selama masa liburan. Nasabah dapat melakukan beragam transaksi melalui Aplikasi Raya dengan kelengkapan fitur biller untuk memenuhi kebutuhan transaksi sehari-hari.
Selama libur dan cuti bersama, Bank Raya hadir dengan memberikan layanan optimal melalui layanan Sapa Raya. Sapa Raya dapat diakses melalui 1500494 atau Whatsapp 0812-1000-0494, layanan informasi produk, kendala transaksi dan pengaduan nasabah tersebut dapat dilakukan setiap hari, selama 24 jam.
Di samping itu juga Community Branch Bank Raya dibeberapa kota seperti Semarang, Jogjakarta dan Surabaya tetap melayani untuk layanan terbatas pada periode 24 Maret 2026. Nasabah juga dapat mengakses website Bank Raya bankraya.co.id maupun social media resmi Bank Raya di Instagram, Tiktok, Youtube, dan X untuk informasi lebih lanjut mengenai layanan Bank Raya.
Lukman Hakim selaku Direktur Digital dan Operasional Bank Raya mengatakan, “Kesiapan layanan ini merupakan bagian dari upaya Bank Raya dalam menjaga kualitas layanan kepada nasabah, khususnya pada periode libur panjang di tengah meningkatnya kebutuhan transaksi masyarakat. Kami menghimbau agar masyarakat melakukan transaksi secara digital untuk kemudahan dan keamanan  transaksi.”
Bank Raya juga memahami kebutuhan masyarakat dalam ketersediaan uang tunai seperti untuk  kebutuhan berbelanja di pasar tradisional, transportasi lokal, maupun saat berkunjung ke destinasi wisata tertentu. Untuk menjawab kebutuhan tersebut, nasabah tetap dapat melakukan penarikan uang tunai tanpa kartu melalui aplikasi Raya di jaringan ATM BRI dan ATM Bersama, Agen BRILink, maupun layanan tarik tunai di Indomaret yang tersebar di seluruh Indonesia.
Lukman menambahkan, “Bank Raya  memastikan kesiapan jaringan IT secara optimal dengan membentuk tim monitoring IT yang selalu siaga. Kami juga menghimbau kepada seluruh nasabah Bank Raya agar tetap berhati-hati dalam setiap transaksi perbankan yang dilakukan dan waspada ketika mendapatkan informasi dari pihak yang tidak dikenal untuk menghindari modus penipuan dan hal-hal yang tidak diinginkan.”
Dilansir dari laman resmi OJK dan BI, ada beberapa tips yang bisa dilakukan agar terhindar dari penipuan transaksi dengan memperhatikan tips sebagai berikut:
“Kami berkomitmen untuk terus menghadirkan layanan perbankan digital yang mudah diakses dan andal, sehingga masyarakat dapat tetap bertransaksi dengan aman dan nyaman selama periode libur dan cuti bersama Nyepi dan Idulfitri,” tutup Lukman.
Isi komentar sepenuhnya adalah tanggung jawab pengguna dan diatur dalam UU ITE."
